题号,科目,学习模块,章,节,知识点,难度,题型,题目,A,B,C,D,答案,解析,教材页码,PDF页码
audit-01-01,审计,审计基础与职业道德,第1章 审计概述,第一节 审计的概念与保证程度,编报责任,零基础,单选,财务报表的编制和提供，主要是谁的责任？,所有客户,注册会计师代替管理层承担,证券购买者,被审计单位管理层,D,管理层负责财务报表；注册会计师执行审计并发表意见，两者责任不能混同。,3—5,14—16
audit-01-02,审计,审计基础与职业道德,第1章 审计概述,第一节 审计的概念与保证程度,保证程度,零基础,单选,财务报表审计提供什么程度的保证？,保证企业永不亏损,保证查出全部错误,绝对保证,合理保证,D,合理保证是高水平保证，但审计存在固有限制，不能提供绝对保证。,3—5,14—16
audit-01-03,审计,审计基础与职业道德,第1章 审计概述,第一节 审计的概念与保证程度,审计基本认识,零基础,多选,哪些表述正确？,可以保证每笔交易绝无错误,审计应保持独立性,需要专业胜任能力,最终通过审计报告传达意见,B、C、D,独立性和专业性是基础，审计报告传达意见，但不承诺零错误。,3—5,14—16
audit-01-04,审计,审计基础与职业道德,第1章 审计概述,第一节 审计的概念与保证程度,审计与经营结果,零基础,简答应用,投资者说“有审计报告，公司今后就不会亏损”。这句话为什么不对？,,,,,审计针对财务报表发表意见，不保证企业未来经营盈利。,对财务信息的合理保证，与对未来投资回报的保证不是同一件事。,3—5,14—16
audit-02-01,审计,审计基础与职业道德,第2章 职业道德基本原则和解决职业道德问题的基本思路,第一节 职业道德基本原则,诚信,零基础,单选,明知报告含有误导性陈述却仍与之关联，首先违反哪项基本原则？,成本核算,资金筹集,诚信,提高效率,C,诚信要求正直、诚实可信，不能无视虚假或误导性信息。,28—30,39—41
audit-02-02,审计,审计基础与职业道德,第2章 职业道德基本原则和解决职业道德问题的基本思路,第一节 职业道德基本原则,客观公正,零基础,单选,为了讨好客户而扭曲职业判断，违背哪项原则？,存货计价,客观公正,现金管理,收入配比,B,客观公正要求不因偏见、利益冲突或不当影响而损害判断。,28—30,39—41
audit-02-03,审计,审计基础与职业道德,第2章 职业道德基本原则和解决职业道德问题的基本思路,第一节 职业道德基本原则,职业道德原则,零基础,多选,哪些属于教材列举的职业道德基本原则？,诚信,专业胜任能力和勤勉尽责,保密,无条件服从客户所有要求,A、B、C,服务客户仍要遵守职业道德，不能无条件服从不当要求。,28—30,39—41
audit-02-04,审计,审计基础与职业道德,第2章 职业道德基本原则和解决职业道德问题的基本思路,第一节 职业道德基本原则,客户压力,零基础,简答应用,客户要求审计人员隐去会误导使用者的重要信息，审计人员应当只考虑留住客户吗？,,,,,不应。应遵守诚信和客观公正等职业要求，不能为保留业务而认可误导信息。,维护公众利益和职业判断独立性，不能被业务收入目标替代。,28—30,39—41
audit-03-01,审计,审计基础与职业道德,第3章 审计业务的独立性要求,第一节 基本概念和要求,独立性构成,零基础,单选,审计独立性包括哪两方面？,速度与数量,实质上的独立性和形式上的独立性,现金与存货,盈利与亏损,B,不仅要求实际作出独立判断，也要求在理性且充分知情的第三方看来独立。,50—52,61—63
audit-03-02,审计,审计基础与职业道德,第3章 审计业务的独立性要求,第一节 基本概念和要求,形式独立性,零基础,单选,“理性且充分知情的第三方看来是否独立”，主要对应什么？,实质上的独立性,形式上的独立性,会计估计,审计抽样,B,形式独立性关注充分了解事实的合理第三方的判断，不只是审计人员自己声称独立。,50—52,61—63
audit-03-03,审计,审计基础与职业道德,第3章 审计业务的独立性要求,第一节 基本概念和要求,不利影响因素,零基础,多选,哪些可能对独立性产生不利影响？,密切关系,外在压力,职业判断完全不受任何因素影响,自身利益,A、B、D,应识别和评价这些因素，必要时采取适当措施应对。,50—52,61—63
audit-03-04,审计,审计基础与职业道德,第3章 审计业务的独立性要求,第一节 基本概念和要求,独立性判断,零基础,简答应用,审计人员说“我觉得自己很公正，所以无须考虑与客户的密切关系”。这样是否充分？,,,,,不充分。还要识别、评价该关系的不利影响，并考虑形式上的独立性。,个人信心不能替代对相关事实和第三方合理看法的评价。,50—52,61—63
audit-04-01,审计,证据与抽样,第4章 审计证据,第一节 审计证据的性质,审计证据,零基础,单选,审计证据主要用于什么？,支持审计结论和意见,替企业决定产品售价,保证股票上涨,代替全部经营管理,A,证据是形成合理审计结论、发表审计意见的基础。,90—92,101—103
audit-04-02,审计,证据与抽样,第4章 审计证据,第一节 审计证据的性质,适当性,零基础,单选,审计证据的适当性主要衡量什么？,证据质量,报告封面颜色,项目人数,证据文件厚度,A,适当性关注相关性和可靠性，是质量方面的要求。,90—92,101—103
audit-04-03,审计,证据与抽样,第4章 审计证据,第一节 审计证据的性质,证据质量,零基础,多选,评价证据时，哪些认识正确？,更多证据未必能弥补质量缺陷,只要数量多就可以忽略质量,应考虑相关性,应考虑可靠性,A、C、D,数量与质量相互联系，但不能只用数量代替质量。,90—92,101—103
audit-04-04,审计,证据与抽样,第4章 审计证据,第一节 审计证据的性质,证据与目标,零基础,简答应用,为了判断是否漏记应付账款，只检查已入账清单，为什么可能不够？,,,,,漏记项目本来就未列入清单，还应考虑与发现漏记相关的其他资料和程序。,程序要与目标相匹配。教材举例包括期后支出、未支付发票、供应商结算单等。,90—92,101—103
audit-05-01,审计,证据与抽样,第5章 审计抽样方法,第一节 审计抽样的相关概念,总体,零基础,单选,审计抽样中的“总体”指什么？,只指已经抽出的项目,全体审计人员,所有企业,从中选样并拟作出结论的整个数据集合,D,总体是拟推断的完整集合，样本只是其中一部分。,114—116,125—127
audit-05-02,审计,证据与抽样,第5章 审计抽样方法,第一节 审计抽样的相关概念,样本与总体,零基础,单选,抽样主要是为了对什么形成结论？,有关总体,仅对审计人员能力,只对样本文件颜色,与业务无关的企业,A,抽样测试样本，是为了给针对总体的结论提供合理基础。,114—116,125—127
audit-05-03,审计,证据与抽样,第5章 审计抽样方法,第一节 审计抽样的相关概念,审计抽样特征,零基础,多选,审计抽样应具备哪些特征？,只测试特定大额项目且不推断总体,测试低于总体百分之百的项目,所有抽样单元均有被选机会,可据样本结果推断总体,B、C、D,单独选特定项目测试而不推断总体，不属于这里的审计抽样。,114—116,125—127
audit-05-04,审计,证据与抽样,第5章 审计抽样方法,第一节 审计抽样的相关概念,特定项目测试,零基础,简答应用,审计人员只选三笔特定重大交易检查，并明确不把结果推断到其他交易。是不是审计抽样？,,,,,不是，这是选取特定项目进行测试。,审计抽样的关键不只是“没有查完全部”，还包括据样本推断总体。,114—116,125—127
audit-06-01,审计,风险导向审计,第6章 审计计划,第一节 初步业务活动,计划的持续性,零基础,单选,审计计划是否在开工时写完就永远不再调整？,只在报告发出后制定,只在发生诉讼时制定,是,不是，它是持续的过程,D,审计计划贯穿审计过程，随新情况可能需要更新。,151—153,162—164
audit-06-02,审计,风险导向审计,第6章 审计计划,第一节 初步业务活动,业务约定,零基础,单选,开始业务前就审计条款达成一致，主要有什么作用？,免除全部审计程序,避免双方对业务约定产生误解,保证审计费用无限增加,取消管理层责任,B,明确条款有助于双方理解业务性质和责任，不替代实际审计工作。,151—153,162—164
audit-06-03,审计,风险导向审计,第6章 审计计划,第一节 初步业务活动,初步业务活动,零基础,多选,初步业务活动包括哪些？,评价相关职业道德要求遵守情况,实施客户关系和业务保持的质量管理程序,就业务约定条款达成一致,不考虑自身是否具备能力,A、B、C,独立性、专业能力与业务约定等，应在开始业务时妥善考虑。,151—153,162—164
audit-06-04,审计,风险导向审计,第6章 审计计划,第一节 初步业务活动,计划更新,零基础,简答应用,审计中发现此前未知的重要业务变化，能否只因计划已签字就不考虑调整？,,,,,不能，应评估新情况对计划和审计程序的影响。,计划服务于审计目标，是动态安排而不是机械执行的固定清单。,151—153,162—164
audit-07-01,审计,风险导向审计,第7章 风险评估,第一节 风险识别和评估概述,风险识别,零基础,单选,在风险评估中，“识别”主要是做什么？,替代经营管理,找出可能存在的重大错报风险,直接写完报告,保证所有风险为零,B,识别是找出风险，评估进一步考虑发生可能性和后果。,172—174,183—185
audit-07-02,审计,风险导向审计,第7章 风险评估,第一节 风险识别和评估概述,风险评估用途,零基础,单选,了解企业及其环境，主要为何提供依据？,确定员工福利,设计进一步审计程序,取消全部证据,决定企业必然盈利,B,了解和风险评估帮助有针对性地设计审计程序。,172—174,183—185
audit-07-03,审计,风险导向审计,第7章 风险评估,第一节 风险识别和评估概述,风险层次,零基础,多选,哪些表述符合教材？,应识别认定层次风险,了解企业是持续动态的过程,只能关注支持既有观点的信息,应识别财务报表层次风险,A、B、D,风险评估不能只搜集支持性信息，应关注相矛盾的证据。,172—174,183—185
audit-07-04,审计,风险导向审计,第7章 风险评估,第一节 风险识别和评估概述,相矛盾的信息,零基础,简答应用,管理层解释与合同记录不一致，能为了维持原风险判断而忽略合同吗？,,,,,不能，应质疑和进一步了解矛盾，并评价是否需要修正风险判断。,职业怀疑要求认真处理相矛盾的信息。,172—174,183—185
audit-08-01,审计,风险导向审计,第8章 风险应对,第一节 针对财务报表层次重大错报风险的总体应对措施,风险与应对,零基础,单选,已评估重大错报风险后，下一步通常是什么？,只归档风险清单,设计并实施适当应对措施,直接保证报表无错,停止一切程序,B,识别和评估风险是为了据此安排应对，不能停留在清单。,225—227,236—238
audit-08-02,审计,风险导向审计,第8章 风险应对,第一节 针对财务报表层次重大错报风险的总体应对措施,人员安排,零基础,单选,面对较高风险，哪项更符合总体应对思路？,减少必要监督,忽略复杂事项,取消职业怀疑,派更有经验或有特殊技能的人员,D,增加适合的经验和技能，有助于有效应对较高风险。,225—227,236—238
audit-08-03,审计,风险导向审计,第8章 风险应对,第一节 针对财务报表层次重大错报风险的总体应对措施,总体应对措施,零基础,多选,哪些属于教材列举的总体应对措施？,在程序中融入不可预见因素,完全照抄上年程序而不评价,强调职业怀疑,加强指导监督及复核,A、C、D,应根据风险调整工作，不能机械照抄原方案。,225—227,236—238
audit-08-04,审计,风险导向审计,第8章 风险应对,第一节 针对财务报表层次重大错报风险的总体应对措施,不可预见性,零基础,简答应用,为什么审计程序不宜每年完全固定，让客户事先知道全部测试安排？,,,,,过于可预见可能被利用来规避检查，适当增加不可预见性有助于应对风险。,不可预见性是风险应对的一种考虑，仍需合理设计并记录程序。,225—227,236—238
audit-09-01,审计,风险导向审计,第9章 信息技术对审计的影响,第一节 信息技术对企业财务报告和内部控制的影响,信息系统影响,零基础,单选,企业已使用高度集成ERP系统，审计能否一概忽略信息技术？,不能，应在计划和执行中考虑,只要电脑新就可以,系统复杂就不用审计,可以，一律只看打印件,A,高度集成的信息系统会影响业务、财务报告和控制，需要审计关注。,246—248,257—259
audit-09-02,审计,风险导向审计,第9章 信息技术对审计的影响,第一节 信息技术对企业财务报告和内部控制的影响,信息技术概念,零基础,单选,下面哪项属于信息技术涉及的功能？,只决定工资高低,只确定产品颜色,获取、存储和处理信息,只决定办公桌形状,C,教材将获取、传递、存储、处理等信息功能纳入信息技术。,246—248,257—259
audit-09-03,审计,风险导向审计,第9章 信息技术对审计的影响,第一节 信息技术对企业财务报告和内部控制的影响,集成系统,零基础,多选,企业综合信息系统可能连接哪些领域？,只与财务部门一台打印机有关,财务,供销,生产,B、C、D,集成系统往往跨越多个业务领域，财务信息是其中一部分。,246—248,257—259
audit-09-04,审计,风险导向审计,第9章 信息技术对审计的影响,第一节 信息技术对企业财务报告和内部控制的影响,系统与报表,零基础,简答应用,为什么审计人员需要了解企业业务系统，而不仅是最后打印出来的报表？,,,,,业务系统参与信息生成和处理，并影响相关控制，可能影响报表可靠性。,了解信息形成过程有助于识别风险和选择有效的审计程序。,246—248,257—259
audit-10-01,审计,业务循环审计,第10章 销售与收款循环的审计,章首导读,循环法,零基础,单选,将紧密联系的交易和账户余额归入同一循环实施审计，称为什么？,产品成本法,纯粹随机命名,循环法,按纸张大小分类,C,循环法与企业业务流程联系较紧密，便于组织控制测试和其他程序。,273—275,284—286
audit-10-02,审计,业务循环审计,第10章 销售与收款循环的审计,第一节 销售与收款循环的特点,客户订购单,零基础,单选,客户提出书面购货要求，通常对应哪种单据？,固定资产折旧表,银行对账单,客户订购单,工资汇总表,C,客户订购单记录客户的购货要求，是销售流程的重要起点资料。,275,286
audit-10-03,审计,业务循环审计,第10章 销售与收款循环的审计,章首导读,循环组织审计,零基础,多选,哪些认识符合教材？,相关交易和账户可归入同一循环,不同企业的循环划分可能不同,循环法有助于理解业务流程,所有企业循环必须完全相同,A、B、C,企业业务性质和规模不同，循环划分也可不同。,273—275,284—286
audit-10-04,审计,业务循环审计,第10章 销售与收款循环的审计,第一节 销售与收款循环的特点,出库凭证,零基础,简答应用,审计人员想了解商品是否已经出库发运，可以先关注什么单据？,,,,,出库单等相关发运资料。,出库单记录仓库确认的出库发运情况；仍需结合目标核实资料真实性及其他证据。,275,286
audit-11-01,审计,业务循环审计,第11章 采购与付款循环的审计,第一节 采购与付款循环的特点,采购循环范围,零基础,单选,购买原材料并支付相应应付账款，主要属于哪个循环？,仅股权投资,销售与收款,采购与付款,利润分配,C,原材料采购和相应货款结算，是采购与付款循环的典型业务。,308—310,319—321
audit-11-02,审计,业务循环审计,第11章 采购与付款循环的审计,第一节 采购与付款循环的特点,采购流程,零基础,单选,通常在订货之后、付款之前核对是否收到货物的环节是什么？,验收,股利分配,利润结转,股份回购,A,采购通常经过请购、订货、验收、付款，验收帮助确认收货情况。,308—310,319—321
audit-11-03,审计,业务循环审计,第11章 采购与付款循环的审计,第一节 采购与付款循环的特点,采购与支出,零基础,多选,哪些与采购与付款循环相关？,购买服务,应付账款的支付,客户向企业支付销售款,购买商品,A、B、D,客户支付销售款主要属于销售与收款，不是采购付款。,308—310,319—321
audit-11-04,审计,业务循环审计,第11章 采购与付款循环的审计,第一节 采购与付款循环的特点,行业差异,零基础,简答应用,医院与制造企业的采购支出是否必然完全相同？为什么？,,,,,不相同。行业和经营性质不同，会产生不同的商品、服务和费用支出。,审计应结合企业业务特点理解采购，不能照搬一张固定清单。,308—310,319—321
audit-12-01,审计,业务循环审计,第12章 生产与存货循环的审计,第一节 生产与存货循环的特点,存在认定,零基础,单选,账上列有100件存货，审计想确认是否真实存在，主要对应什么认定？,存在,收入截止,借款利率,股利分配,A,存在关注已列示资产是否真实存在。,321—323,332—334
audit-12-02,审计,业务循环审计,第12章 生产与存货循环的审计,第一节 生产与存货循环的特点,权利和义务,零基础,单选,仓库里的货物是否属于被审计单位，主要对应什么认定？,权利和义务,员工人数,销售预算,存在即可替代一切,A,实物在仓库不等于归企业所有，需单独考虑权属。,321—323,332—334
audit-12-03,审计,业务循环审计,第12章 生产与存货循环的审计,第一节 生产与存货循环的特点,存货相关认定,零基础,多选,存货审计需关注哪些问题？,计价是否准确,只看包装是否整齐,已记录存货是否存在,应记录存货是否完整记录,A、C、D,实物存在、完整性及计价都是不同审计关注点。,321—323,332—334
audit-12-04,审计,业务循环审计,第12章 生产与存货循环的审计,第一节 生产与存货循环的特点,存在与所有权,零基础,简答应用,仓库中代客户保管的商品确实存在，是否足以认定为企业自己的存货？,,,,,不足以。还要判断权利归属，实物存在不能替代权利和义务的判断。,不同认定需要相应证据，不能用一个事实覆盖所有目标。,321—323,332—334
audit-13-01,审计,业务循环审计,第13章 货币资金的审计,第一节 货币资金审计概述,货币资金分类,零基础,单选,下列哪项属于货币资金？,生产设备,商标权,库存商品,银行存款,D,银行存款属于货币资金，设备、商标和商品属于其他资产。,343—345,354—356
audit-13-02,审计,业务循环审计,第13章 货币资金的审计,第一节 货币资金审计概述,业务循环联系,零基础,单选,货币资金是否只与销售收款有关？,只与折旧有关,只与存货数量有关,是，其他业务无关,不是，与多个循环相关,D,采购付款、筹资、投资和销售收款等都可能引起货币资金变动。,343—345,354—356
audit-13-03,审计,业务循环审计,第13章 货币资金的审计,第一节 货币资金审计概述,审计资料,零基础,多选,货币资金审计可能涉及哪些资料？,与交易无关的私人聊天,银行对账单,银行存款余额调节表,有关记账凭证,B、C、D,这些记录帮助理解和核实资金情况，但仍需评价可靠性。,343—345,354—356
audit-13-04,审计,业务循环审计,第13章 货币资金的审计,第一节 货币资金审计概述,资金流入流出,零基础,简答应用,取得银行借款和支付供应商货款，是否都会影响货币资金？,,,,,都会。借款通常带来资金流入，付款带来资金流出。,这说明资金与筹资、采购等多个循环联系紧密。,343—345,354—356
audit-14-01,审计,特殊事项,第14章 对舞弊和法律法规的考虑,第一节 财务报表审计中与舞弊相关的责任,舞弊特征,零基础,单选,舞弊区别于非故意差错的重要特征是什么？,涉及的金额必然很小,一定由外部人员实施,文件使用电子格式,故意使用欺骗手段,D,舞弊是为获取不当或非法利益而故意实施的行为。,367—369,378—380
audit-14-02,审计,特殊事项,第14章 对舞弊和法律法规的考虑,第一节 财务报表审计中与舞弊相关的责任,虚假报告,零基础,单选,管理层故意虚构收入以夸大业绩，更接近哪类舞弊？,常规盘点,编制虚假财务报告,正常更正错误,合法利润分配,B,故意虚构收入误导财务报表使用者，属于虚假财务报告的典型情形。,367—369,378—380
audit-14-03,审计,特殊事项,第14章 对舞弊和法律法规的考虑,第一节 财务报表审计中与舞弊相关的责任,舞弊导致错报,零基础,多选,哪些可能属于舞弊行为？,故意伪造会计记录,故意遗漏重要交易信息,侵占企业资产并掩饰,无意中抄错一个数字,A、B、C,前三项具有故意性；无意抄错属于差错，不能仅凭错误就认定舞弊。,367—369,378—380
audit-14-04,审计,特殊事项,第14章 对舞弊和法律法规的考虑,第一节 财务报表审计中与舞弊相关的责任,动机与错误,零基础,简答应用,一个数字写错了，是否只凭结果就能断定发生舞弊？,,,,,不能，还要判断是否存在故意欺骗等情况。,错报可能由舞弊或错误导致，故意性是重要区别。,367—369,378—380
audit-15-01,审计,特殊事项,第15章 审计沟通,第一节 注册会计师与治理层的沟通,管理与治理,零基础,单选,通常负责企业日常经营管理的经理，主要属于哪一层？,税收机关,管理层,所有外部投资者,必然是独立审计机构,B,经理的主要职责是经营管理，属于管理层；有些人员可能同时承担治理职责。,399—401,410—412
audit-15-02,审计,特殊事项,第15章 审计沟通,第一节 注册会计师与治理层的沟通,治理监督,零基础,单选,对财务报告编制和披露过程承担监督职责的主要是哪一层？,客户服务部,治理层,全部供应商,任何社会公众,B,治理层对财务报告过程负有监督职责，管理层负责具体编制。,399—401,410—412
audit-15-03,审计,特殊事项,第15章 审计沟通,第一节 注册会计师与治理层的沟通,治理层职责,零基础,多选,治理层的相关监督职责可涉及哪些？,财务报告与披露程序,与财务报告相关的内部控制,把所有日常记账工作转交审计人员,重大会计政策,A、B、D,治理监督不意味着转移管理层的编报责任。,399—401,410—412
audit-15-04,审计,特殊事项,第15章 审计沟通,第一节 注册会计师与治理层的沟通,沟通对象,零基础,简答应用,审计人员发现重要财务报告问题，为什么需要辨认谁是管理层、谁承担治理职责？,,,,,因为各层职责不同，恰当沟通需要识别相应负责和监督的人员。,沟通对象应结合企业治理结构确定，不能只按职位名称机械判断。,399—401,410—412
audit-16-01,审计,特殊事项,第16章 注册会计师利用他人的工作,第一节 利用内部审计人员的工作,意见责任,零基础,单选,利用内部审计工作后，谁仍对注册会计师发表的审计意见负责？,注册会计师,内部审计自动承担全部责任,任何企业员工,客户供应商,A,利用他人工作不改变注册会计师独自承担审计意见责任。,417—419,428—430
audit-16-02,审计,特殊事项,第16章 注册会计师利用他人的工作,第一节 利用内部审计人员的工作,利用工作的意义,零基础,单选,恰当利用可信赖的内部审计工作，主要可能带来什么？,减少不必要重复劳动,保证绝对无风险,取消审计准则,免除全部判断,A,合理利用可提高效率，但仍需了解、评价并履行自身责任。,417—419,428—430
audit-16-03,审计,特殊事项,第16章 注册会计师利用他人的工作,第一节 利用内部审计人员的工作,内部审计关注,零基础,多选,内部审计可能评价和改进哪些领域？,内部控制,保证所有股票获利,治理,风险管理,A、C、D,内部审计可执行鉴证和咨询活动，帮助改进治理、风险管理和内部控制。,417—419,428—430
audit-16-04,审计,特殊事项,第16章 注册会计师利用他人的工作,第一节 利用内部审计人员的工作,避免责任转移,零基础,简答应用,注册会计师说“这是内部审计检查的，所以我不用评价结果”。请纠正。,,,,,仍需评价能否利用及其适当性，并对自身审计意见承担责任。,利用工作不是直接照单全收，更不是责任转移。,417—419,428—430
audit-17-01,审计,特殊事项,第17章 对集团财务报表审计的特殊考虑,第一节 与集团财务报表审计相关的概念,组成部分,零基础,单选,集团审计中的组成部分，可以是什么？,只能是独立上市公司,只能是母公司,只是一张空白表格,某实体或业务活动,D,组成部分的财务信息由管理层编制并应包括在集团财务报表中。,429—431,440—442
audit-17-02,审计,特殊事项,第17章 对集团财务报表审计的特殊考虑,第一节 与集团财务报表审计相关的概念,集团财务信息,零基础,单选,识别组成部分时，应关注其财务信息是否怎样？,一定用外币编制,必须单独上市,被所有员工背诵,应包括在集团财务报表中,D,集团结构和财务报告系统影响组成部分的识别。,429—431,440—442
audit-17-03,审计,特殊事项,第17章 对集团财务报表审计的特殊考虑,第一节 与集团财务报表审计相关的概念,集团审计关注,零基础,多选,集团审计还需要考虑哪些问题？,只查集团名称即可完成,集团项目组与组成部分注册会计师配合,对合并过程获取证据,重要性如何运用,B、C、D,集团审计存在跨组成部分协调及合并过程等特殊考虑。,429—431,440—442
audit-17-04,审计,特殊事项,第17章 对集团财务报表审计的特殊考虑,第一节 与集团财务报表审计相关的概念,组成部分识别,零基础,简答应用,集团按地区编制财务信息并纳入集团报表，地区业务是否可能成为组成部分？,,,,,可能。组成部分并不限于单独法人，也可能是地区等业务活动。,应结合组织结构和财务报告系统具体识别。,429—431,440—442
audit-18-01,审计,特殊事项,第18章 其他特殊项目的审计,第一节 审计会计估计和相关披露,会计估计,零基础,单选,下列哪项通常涉及会计估计？,办公室地址,银行账号字符串,存货跌价准备,固定的文件编号,C,跌价准备需要分析现有资料和未来情况，涉及估计不确定性。,447—449,458—460
audit-18-02,审计,特殊事项,第18章 其他特殊项目的审计,第一节 审计会计估计和相关披露,估计责任,零基础,单选,财务报表中的会计估计主要由谁负责作出？,无需任何人负责,外部投资者,被审计单位管理层,所有客户,C,管理层对作出的会计估计负责，审计人员获取证据并评价合理性。,447—449,458—460
audit-18-03,审计,特殊事项,第18章 其他特殊项目的审计,第一节 审计会计估计和相关披露,估计例子,零基础,多选,哪些可能涉及会计估计？,固定资产折旧,金融工具估值,产品质量保证义务,员工姓名拼写,A、B、C,这些项目可能涉及寿命、价值或未来支出等不确定因素。,447—449,458—460
audit-18-04,审计,特殊事项,第18章 其他特殊项目的审计,第一节 审计会计估计和相关披露,估计不确定性,零基础,简答应用,某项金额需要估计，是否就意味着可以完全不提供依据？,,,,,不是。管理层要有合理估计依据，审计人员仍需获取充分、适当证据。,不确定性增加判断需求，不会取消证据要求。,447—449,458—460
audit-19-01,审计,完成审计与报告,第19章 完成审计工作,第一节 完成审计工作概述,完成审计工作,零基础,单选,各账户测试做完后，能否不汇总评价就直接发报告？,只需客户签收,可以,不能，还需综合评价审计结果,只需换封面,C,完成阶段需要汇总测试结果、复核并考虑重大事项等。,485—487,496—498
audit-19-02,审计,完成审计与报告,第19章 完成审计工作,第一节 完成审计工作概述,矛盾信息,零基础,单选,存在与最终结论相矛盾的信息时，应如何处理？,忽略不利信息,只保留支持结论的信息,纳入综合评价,把信息直接删除,C,相矛盾或不一致的信息属于完成阶段需要考虑的重要事项。,485—487,496—498
audit-19-03,审计,完成审计与报告,第19章 完成审计工作,第一节 完成审计工作概述,完成阶段工作,零基础,多选,哪些属于教材介绍的相关工作？,复核底稿和财务报表,关注期后事项,只看已收审计费金额,评价发现的错报,A、B、D,完成阶段是综合评价，不是单纯整理文件或收费。,485—487,496—498
audit-19-04,审计,完成审计与报告,第19章 完成审计工作,第一节 完成审计工作概述,整体评价,零基础,简答应用,两个项目组成员分别完成应收款和收入测试，为什么还需汇总结果？,,,,,各项目结果可能相互影响，必须结合整体报表和重大事项形成结论。,单项测试完成不等于整体审计结论已充分形成。,485—487,496—498
audit-20-01,审计,完成审计与报告,第20章 审计报告,第一节 审计报告概述,报告形式,零基础,单选,审计报告应采用什么形式？,仅口头承诺,书面形式,仅私人聊天,无需形成记录,B,审计报告是注册会计师对财务报表发表审计意见的书面文件。,502—504,513—515
audit-20-02,审计,完成审计与报告,第20章 审计报告,第一节 审计报告概述,出具基础,零基础,单选,注册会计师应在什么基础上出具审计报告？,只依据客户愿望,只依据收费高低,只依据企业广告,执行审计工作并据证据形成结论,D,意见需要实际工作和审计证据支撑，不能只凭客户要求。,502—504,513—515
audit-20-03,审计,完成审计与报告,第20章 审计报告,第一节 审计报告概述,报告基本认识,零基础,多选,哪些表述符合教材？,应清楚表达审计意见,不需要实施审计程序,报告传达对财务报表的意见,签名盖章表明对出具的报告负责,A、C、D,审计报告是审计工作的最终产品，不能脱离审计工作。,502—504,513—515
audit-20-04,审计,完成审计与报告,第20章 审计报告,第一节 审计报告概述,报告与报表,零基础,简答应用,为什么审计报告应与其所针对的已审计财务报表相联系？,,,,,便于使用者明确意见针对的报表，并防止报表被替换或更改后造成误解。,审计意见有明确对象，不能脱离对应财务报表任意使用。,502—504,513—515
audit-21-01,审计,完成审计与报告,第21章 审计工作底稿,第一节 审计工作底稿概述,工作底稿,零基础,单选,下列哪项最符合审计工作底稿的含义？,只有客户宣传册,只有审计收费单,企业全部私人资料,审计计划、程序、证据和结论的记录,D,底稿反映整个审计过程，是审计证据的载体。,559—561,570—572
audit-21-02,审计,完成审计与报告,第21章 审计工作底稿,第一节 审计工作底稿概述,编制时点,零基础,单选,工作底稿应如何编制？,发生诉讼后才凭记忆补写,只在客户要求时写,尽量不留记录,及时编制,D,及时记录有助于准确反映工作并支持复核与结论。,559—561,570—572
audit-21-03,审计,完成审计与报告,第21章 审计工作底稿,第一节 审计工作底稿概述,底稿作用,零基础,多选,底稿可以用于哪些目的？,代替所有实际审计程序,支持审计结论,证明按规定计划和执行工作,方便质量复核和检查,B、C、D,记录能证明和支持工作，但写记录不能替代真正执行程序。,559—561,570—572
audit-21-04,审计,完成审计与报告,第21章 审计工作底稿,第一节 审计工作底稿概述,记录价值,零基础,简答应用,审计人员只说“我检查过，没有问题”，为什么不如适当底稿充分？,,,,,仅口头表述难以展示检查了什么、取得何种证据及如何形成结论。,底稿应使工作过程与结论具有可理解、可复核的依据。,559—561,570—572
audit-22-01,审计,内控与可持续信息鉴证,第22章 企业内部控制审计,第一节 内部控制审计的概念,内部控制参与者,零基础,单选,内部控制是否只是财务部门一人的工作？,只属于外部客户,只属于注册会计师,是,不是，涉及治理层、管理层和全体员工,D,内部控制是多层人员共同实施的过程，不能只归到一个岗位。,573—575,584—586
audit-22-02,审计,内控与可持续信息鉴证,第22章 企业内部控制审计,第一节 内部控制审计的概念,控制目标,零基础,单选,判断是否属于财务报告内部控制，关键看与什么目标相关？,员工通勤距离,办公室大小,产品广告时长,财务报告可靠性,D,财务报告内部控制围绕财务报告及相关信息真实、完整等目标。,573—575,584—586
audit-22-03,审计,内控与可持续信息鉴证,第22章 企业内部控制审计,第一节 内部控制审计的概念,内部控制目标,零基础,多选,内部控制的目标包括哪些？,合理保证资产安全,合理保证经营合法合规,提高经营效率和效果,保证所有经营结果绝对成功,A、B、C,内部控制提供合理保证，不能消除所有不确定性。,573—575,584—586
audit-22-04,审计,内控与可持续信息鉴证,第22章 企业内部控制审计,第一节 内部控制审计的概念,授权控制,零基础,简答应用,企业要求重要资金支出经过适当授权，这与财务报告内部控制可能有什么联系？,,,,,有助于合理保证支出经授权，并防止或发现影响财务报表的未经授权事项。,是否归入财务报告内部控制，应结合其控制目标和对报表可靠性的影响判断。,573—575,584—586
audit-23-01,审计,内控与可持续信息鉴证,第23章 企业可持续信息鉴证,第一节 可持续信息鉴证业务概述,可持续信息,零基础,单选,ESG通常对应哪些维度？,只有环境一项,环境、社会和治理,现金、利润和股数,生产、库存和售价,B,教材介绍企业对外报告责任扩展至环境、社会和治理等多维信息。,633—635,644—646
audit-23-02,审计,内控与可持续信息鉴证,第23章 企业可持续信息鉴证,第一节 可持续信息鉴证业务概述,鉴证目的,零基础,单选,可持续信息鉴证的重要目的是什么？,保证企业永不污染,增强使用者对相关信息的信任,取消披露标准,替代企业全部管理,B,鉴证针对按照标准编制的信息获取证据并提出意见，不保证一切行为和结果完美。,633—635,644—646
audit-23-03,审计,内控与可持续信息鉴证,第23章 企业可持续信息鉴证,第一节 可持续信息鉴证业务概述,鉴证基本要求,零基础,多选,哪些符合教材介绍？,应得出意见并出具报告,仅鉴证部分信息时要确保范围不会误导,可无证据直接保证所有信息,需要充分、适当的鉴证证据,A、B、D,鉴证可以针对全部或部分可持续信息，但范围和结论不能误导。,633—635,644—646
audit-23-04,审计,内控与可持续信息鉴证,第23章 企业可持续信息鉴证,第一节 可持续信息鉴证业务概述,部分信息鉴证,零基础,简答应用,报告只对企业一部分可持续信息进行鉴证，为什么应清楚界定范围？,,,,,避免使用者误以为全部可持续信息都经过鉴证。,鉴证结论的适用范围应与实际执行的工作相一致。,633—635,644—646
audit-24-01,审计,质量管理,第24章 会计师事务所业务质量管理,第一节 会计师事务所质量管理体系,质量管理体系,零基础,单选,事务所质量管理体系应如何建立？,结合本所及业务实际设计和运行,所有事务所一字不差照抄,只靠客户评分,仅按收费金额决定,A,体系应适合事务所及业务特点，并定期评价。,667—669,678—680
audit-24-02,审计,质量管理,第24章 会计师事务所业务质量管理,第一节 会计师事务所质量管理体系,质量管理目标,零基础,单选,质量管理体系旨在提供什么保证？,合理保证按适用要求履职并出具适当报告,保证利润最大,保证永无争议,保证所有项目完全无风险,A,教材目标是遵循相关要求及出具适合具体情况的报告，属于合理保证。,667—669,678—680
audit-24-03,审计,质量管理,第24章 会计师事务所业务质量管理,第一节 会计师事务所质量管理体系,质量管理工作,零基础,多选,哪些符合质量管理基本思路？,对符合条件的业务实施项目质量复核,签字后就无需任何体系,设计并实施质量政策和程序,定期评价质量管理体系,A、C、D,质量管理是覆盖业务和组织的系统工程，不是单一签字动作。,667—669,678—680
audit-24-04,审计,质量管理,第24章 会计师事务所业务质量管理,第一节 会计师事务所质量管理体系,复核与体系,零基础,简答应用,事务所认为“有最终签字人，就无须建设质量管理体系”，这种看法为什么不完整？,,,,,最终签字不能替代全所的质量目标、流程、资源配置、监控和评价。,可靠的业务质量需要体系和项目层面的共同管理。,667—669,678—680
