题号,科目,学习模块,章,节,知识点,难度,题型,题目,A,B,C,D,答案,解析,教材页码,PDF页码,来源,来源链接,定位说明,题目批次
finance-01-01,财务成本管理,财务与估值基础,第1章 财务管理概述,第一节 财务管理的主要内容,财务管理内容,零基础,单选,企业决定建造长期使用的生产线，主要属于什么决策？,短期筹资,日常报销,利润结转,长期投资,D,生产线是经营性长期资产，建造它属于长期投资。,1—3,10—12,2026年注册会计师全国统一考试辅导教材《财务成本管理》,,,原有起步题
finance-01-02,财务成本管理,财务与估值基础,第1章 财务管理概述,第一节 财务管理的主要内容,长期筹资,零基础,单选,企业向银行借入5年期款项，属于什么？,产品成本分配,销售定价,短期投资,长期筹资,D,借款用于筹集资金，期限超过一年，属于长期筹资。,1—3,10—12,2026年注册会计师全国统一考试辅导教材《财务成本管理》,,,原有起步题
finance-01-03,财务成本管理,财务与估值基础,第1章 财务管理概述,第一节 财务管理的主要内容,长期资本,零基础,多选,哪些属于通常可长期使用的资本？,下周到期的货款,权益资本,长期银行借款,长期债券筹资,B、C、D,权益资本和长期债务资本属于长期资本；短期应付款不属于长期债务。,1—3,10—12,2026年注册会计师全国统一考试辅导教材《财务成本管理》,,,原有起步题
finance-01-04,财务成本管理,财务与估值基础,第1章 财务管理概述,第一节 财务管理的主要内容,投资与筹资,零基础,简答应用,企业借入5年期借款购买生产设备，分别指出筹资活动和投资活动。,,,,,取得借款是筹资，购买设备是投资。,一个项目常同时涉及资金来源和资金用途，分析时要分别识别。,1—3,10—12,2026年注册会计师全国统一考试辅导教材《财务成本管理》,,,原有起步题
finance-full-01-01-001,财务成本管理,财务与估值基础,第1章 财务管理概述,第一节 财务管理的主要内容,长期投资与经营资产,基础理解与应用,简答应用,公司购买生产设备与股东买入股票，哪项属于教材所说的公司长期投资？,,,,,公司购买生产设备。,本章以公司为主体，长期投资直接服务于经营资源配置。,1—3,10—12,2026年注册会计师全国统一考试辅导教材《财务成本管理》,,标注为所属知识节的阅读范围，不是逐题精确页码。,逐节扩充题
finance-full-01-01-002,财务成本管理,财务与估值基础,第1章 财务管理概述,第一节 财务管理的主要内容,长期筹资与资本结构,基础理解与应用,简答应用,公司为什么不能只比较借款利率，还要考虑债务与权益的比例？,,,,,筹资既涉及资本成本，也涉及期限、偿债风险与资本结构。,利率较低不等于任何债务比例都合适。,1—3,10—12,2026年注册会计师全国统一考试辅导教材《财务成本管理》,,标注为所属知识节的阅读范围，不是逐题精确页码。,逐节扩充题
finance-full-01-01-003,财务成本管理,财务与估值基础,第1章 财务管理概述,第一节 财务管理的主要内容,营运资本的含义,基础理解与应用,简答应用,流动资产150万元、流动负债90万元，营运资本是多少？,,,,,60万元。,营运资本＝流动资产－流动负债，用于观察短期资金配置。,1—3,10—12,2026年注册会计师全国统一考试辅导教材《财务成本管理》,,标注为所属知识节的阅读范围，不是逐题精确页码。,逐节扩充题
finance-full-01-02-001,财务成本管理,财务与估值基础,第1章 财务管理概述,第二节 财务管理的目标与利益相关者的要求,利润最大化的局限,基础理解与应用,简答应用,只用本年利润高低评价财务决策，遗漏了哪三项重要因素？,,,,,投入资本、取得利润的时间和风险。,相同利润可能对应不同投入、收款时点和风险。,4—8,13—17,2026年注册会计师全国统一考试辅导教材《财务成本管理》,,标注为所属知识节的阅读范围，不是逐题精确页码。,逐节扩充题
finance-full-01-02-002,财务成本管理,财务与估值基础,第1章 财务管理概述,第二节 财务管理的目标与利益相关者的要求,每股收益目标,基础理解与应用,简答应用,每股收益最大化是否已经充分考虑股东承担的风险？,,,,,没有。,每股收益反映每股盈利，但不能单独完整反映时间价值和风险。,4—8,13—17,2026年注册会计师全国统一考试辅导教材《财务成本管理》,,标注为所属知识节的阅读范围，不是逐题精确页码。,逐节扩充题
finance-full-01-02-003,财务成本管理,财务与估值基础,第1章 财务管理概述,第二节 财务管理的目标与利益相关者的要求,股东财富与股价,基础理解与应用,简答应用,在股东投资资本不变时，股价持续提高与股东财富有什么关系？,,,,,股东财富增加。,还要排除新增股东投资等资本变动，不能把融资流入当成经营创造的财富。,4—8,13—17,2026年注册会计师全国统一考试辅导教材《财务成本管理》,,标注为所属知识节的阅读范围，不是逐题精确页码。,逐节扩充题
finance-full-01-02-004,财务成本管理,财务与估值基础,第1章 财务管理概述,第二节 财务管理的目标与利益相关者的要求,股东与债权人冲突,基础理解与应用,简答应用,借款后突然投资更高风险项目，为什么可能损害债权人？,,,,,下行风险增加，而债权人约定收益通常没有同比增加。,债务合同限制条款可用于约束这类行为。,4—8,13—17,2026年注册会计师全国统一考试辅导教材《财务成本管理》,,标注为所属知识节的阅读范围，不是逐题精确页码。,逐节扩充题
finance-full-01-02-005,财务成本管理,财务与估值基础,第1章 财务管理概述,第二节 财务管理的目标与利益相关者的要求,股东与经营者冲突,基础理解与应用,简答应用,股东为什么会设置绩效激励并监督经理？,,,,,经理目标可能与股东目标不完全一致。,监督和激励用于降低代理问题，二者都有成本。,4—8,13—17,2026年注册会计师全国统一考试辅导教材《财务成本管理》,,标注为所属知识节的阅读范围，不是逐题精确页码。,逐节扩充题
finance-full-01-02-006,财务成本管理,财务与估值基础,第1章 财务管理概述,第二节 财务管理的目标与利益相关者的要求,可持续发展与ESG,基础理解与应用,简答应用,为了提高当期利润而忽视环境合规，是否必然有利于长期股东财富？,,,,,不是。,环境、社会和治理因素会影响未来现金流、风险及持续经营能力。,4—8,13—17,2026年注册会计师全国统一考试辅导教材《财务成本管理》,,标注为所属知识节的阅读范围，不是逐题精确页码。,逐节扩充题
finance-full-01-03-001,财务成本管理,财务与估值基础,第1章 财务管理概述,第三节 财务管理的基础概念和基本理论,时间价值与风险价值,基础理解与应用,简答应用,未来收到的100元能否直接等同于今天的100元？,,,,,不能。,比较现金流通常需要考虑时间价值；有风险时还要考虑相应风险补偿。,9—11,18—20,2026年注册会计师全国统一考试辅导教材《财务成本管理》,,标注为所属知识节的阅读范围，不是逐题精确页码。,逐节扩充题
finance-full-01-03-002,财务成本管理,财务与估值基础,第1章 财务管理概述,第三节 财务管理的基础概念和基本理论,资本成本理论,基础理解与应用,简答应用,为什么企业使用股东投入的资金也存在成本？,,,,,股东要求承担风险的必要报酬。,权益资本没有固定利息，不等于资本成本为零。,9—11,18—20,2026年注册会计师全国统一考试辅导教材《财务成本管理》,,标注为所属知识节的阅读范围，不是逐题精确页码。,逐节扩充题
finance-full-01-03-003,财务成本管理,财务与估值基础,第1章 财务管理概述,第三节 财务管理的基础概念和基本理论,投资组合思想,基础理解与应用,简答应用,将资金分散到不同资产，是否一定能消除全部风险？,,,,,不能。,分散主要减少非系统风险，市场共同因素产生的系统风险仍然存在。,9—11,18—20,2026年注册会计师全国统一考试辅导教材《财务成本管理》,,标注为所属知识节的阅读范围，不是逐题精确页码。,逐节扩充题
finance-full-01-04-001,财务成本管理,财务与估值基础,第1章 财务管理概述,第四节 金融工具与金融市场,金融工具分类,基础理解与应用,简答应用,固定收益证券、权益证券与衍生证券，主要在什么方面不同？,,,,,收益请求权、承担风险及价值来源不同。,债券通常约定支付，股票体现剩余权益，衍生工具价值依赖基础变量。,12—24,21—33,2026年注册会计师全国统一考试辅导教材《财务成本管理》,,标注为所属知识节的阅读范围，不是逐题精确页码。,逐节扩充题
finance-full-01-04-002,财务成本管理,财务与估值基础,第1章 财务管理概述,第四节 金融工具与金融市场,货币市场与资本市场,基础理解与应用,简答应用,一年以内的短期融资一般归入哪类金融市场？,,,,,货币市场。,货币市场主要配置短期资金；资本市场主要涉及长期资金。,12—24,21—33,2026年注册会计师全国统一考试辅导教材《财务成本管理》,,标注为所属知识节的阅读范围，不是逐题精确页码。,逐节扩充题
finance-full-01-04-003,财务成本管理,财务与估值基础,第1章 财务管理概述,第四节 金融工具与金融市场,一级与二级市场,基础理解与应用,简答应用,公司首次发行股票与投资者在交易所转卖股票，分别属于哪类市场？,,,,,首次发行属于一级市场，投资者转卖属于二级市场。,前者为发行人融资，后者为既有证券提供流动性。,12—24,21—33,2026年注册会计师全国统一考试辅导教材《财务成本管理》,,标注为所属知识节的阅读范围，不是逐题精确页码。,逐节扩充题
finance-full-01-04-004,财务成本管理,财务与估值基础,第1章 财务管理概述,第四节 金融工具与金融市场,场内与场外市场,基础理解与应用,简答应用,场外交易是否等于没有规则或任何监管？,,,,,不是。,交易组织方式不同，不代表场外市场完全没有规范。,12—24,21—33,2026年注册会计师全国统一考试辅导教材《财务成本管理》,,标注为所属知识节的阅读范围，不是逐题精确页码。,逐节扩充题
finance-full-01-04-005,财务成本管理,财务与估值基础,第1章 财务管理概述,第四节 金融工具与金融市场,金融市场功能,基础理解与应用,简答应用,金融市场除了融通资金，还能发挥哪些作用？,,,,,分配风险、发现价格、调节经济和降低信息成本等。,资本市场同时传递价格与风险信息。,12—24,21—33,2026年注册会计师全国统一考试辅导教材《财务成本管理》,,标注为所属知识节的阅读范围，不是逐题精确页码。,逐节扩充题
finance-full-01-04-006,财务成本管理,财务与估值基础,第1章 财务管理概述,第四节 金融工具与金融市场,有效市场层次,基础理解与应用,简答应用,弱式、半强式和强式有效市场分别反映哪类信息？,,,,,历史交易信息、全部公开信息、包括私人信息在内的全部相关信息。,三种层次的信息范围依次扩大。,12—24,21—33,2026年注册会计师全国统一考试辅导教材《财务成本管理》,,标注为所属知识节的阅读范围，不是逐题精确页码。,逐节扩充题
finance-full-01-04-007,财务成本管理,财务与估值基础,第1章 财务管理概述,第四节 金融工具与金融市场,市场效率与主动投资,基础理解与应用,简答应用,半强式有效市场下，仅分析已经公开的信息能否保证持续超额收益？,,,,,不能。,公开信息已反映在价格中；有效并不意味着价格永不波动。,12—24,21—33,2026年注册会计师全国统一考试辅导教材《财务成本管理》,,标注为所属知识节的阅读范围，不是逐题精确页码。,逐节扩充题
finance-full-01-04-008,财务成本管理,财务与估值基础,第1章 财务管理概述,第四节 金融工具与金融市场,金融中介与直接融资,基础理解与应用,简答应用,企业通过发行债券筹资，与通过银行贷款筹资有何区别？,,,,,前者直接面向证券投资者，后者由银行提供信用中介。,两种方式的合同、成本和风险承担安排不同。,12—24,21—33,2026年注册会计师全国统一考试辅导教材《财务成本管理》,,标注为所属知识节的阅读范围，不是逐题精确页码。,逐节扩充题
finance-full-01-05-001,财务成本管理,财务与估值基础,第1章 财务管理概述,第五节 跨国财务管理,外汇风险分类,基础理解与应用,简答应用,外汇交易风险、折算风险和经济风险分别关注什么？,,,,,外币交易结算、报表折算以及未来经营现金流受汇率影响。,三者关注的对象和时间范围不同。,25—30,34—39,2026年注册会计师全国统一考试辅导教材《财务成本管理》,,标注为所属知识节的阅读范围，不是逐题精确页码。,逐节扩充题
finance-full-01-05-002,财务成本管理,财务与估值基础,第1章 财务管理概述,第五节 跨国财务管理,外汇套期保值,基础理解与应用,简答应用,企业未来须支付美元，提前锁定购汇汇率主要是为了什么？,,,,,降低未来付款金额的不确定性。,套期保值目的在于管理风险，不是保证获得投机利润。,25—30,34—39,2026年注册会计师全国统一考试辅导教材《财务成本管理》,,标注为所属知识节的阅读范围，不是逐题精确页码。,逐节扩充题
finance-full-01-05-003,财务成本管理,财务与估值基础,第1章 财务管理概述,第五节 跨国财务管理,跨国资金来源,基础理解与应用,简答应用,国际企业除母国融资外，还可能从哪里获取资金？,,,,,集团内部、东道国以及其他国际市场或国际金融机构。,筹资选择应同时比较币种、成本、期限和风险。,25—30,34—39,2026年注册会计师全国统一考试辅导教材《财务成本管理》,,标注为所属知识节的阅读范围，不是逐题精确页码。,逐节扩充题
finance-full-01-05-004,财务成本管理,财务与估值基础,第1章 财务管理概述,第五节 跨国财务管理,外国债券与欧洲债券,基础理解与应用,简答应用,日本企业在法国发行美元债券，属于外国债券还是欧洲债券的典型情形？,,,,,欧洲债券。,发行市场所在地货币与债券面值货币不同，不是按“是否在欧洲”机械命名。,25—30,34—39,2026年注册会计师全国统一考试辅导教材《财务成本管理》,,标注为所属知识节的阅读范围，不是逐题精确页码。,逐节扩充题
finance-full-01-05-005,财务成本管理,财务与估值基础,第1章 财务管理概述,第五节 跨国财务管理,跨国资本预算,基础理解与应用,简答应用,跨国项目为何要额外考虑政治风险和汇率因素？,,,,,这些因素会影响现金流能否取得、汇回及其本币价值。,项目盈利不等于母公司能按预期收到同等价值的资金。,25—30,34—39,2026年注册会计师全国统一考试辅导教材《财务成本管理》,,标注为所属知识节的阅读范围，不是逐题精确页码。,逐节扩充题
finance-full-01-06-001,财务成本管理,财务与估值基础,第1章 财务管理概述,第六节 信息技术与财务管理,信息技术与财务决策,基础理解与应用,简答应用,数据分析改善预测后，是否可以完全取消财务人员的判断？,,,,,不能。,技术改善信息处理，但数据质量、模型假设和结果解释仍需专业判断。,31—32,40—41,2026年注册会计师全国统一考试辅导教材《财务成本管理》,,标注为所属知识节的阅读范围，不是逐题精确页码。,逐节扩充题
finance-full-01-06-002,财务成本管理,财务与估值基础,第1章 财务管理概述,第六节 信息技术与财务管理,信息技术的应用领域,基础理解与应用,简答应用,信息技术可以在哪四类财务工作中发挥作用？,,,,,资本预算、融资、营运资本和风险管理。,技术既支持长期决策，也支持日常资金管理。,31—32,40—41,2026年注册会计师全国统一考试辅导教材《财务成本管理》,,标注为所属知识节的阅读范围，不是逐题精确页码。,逐节扩充题
finance-02-01,财务成本管理,财务与估值基础,第2章 财务报表分析和财务预测,第一节 财务报表分析的框架与方法,趋势分析,零基础,单选,把本公司今年利润与去年利润比较，属于什么？,法律分析,不属于比较分析,横向分析,趋势分析,D,本企业不同时期数据比较属于趋势分析。,33—35,42—44,2026年注册会计师全国统一考试辅导教材《财务成本管理》,,,原有起步题
finance-02-02,财务成本管理,财务与估值基础,第2章 财务报表分析和财务预测,第一节 财务报表分析的框架与方法,横向分析,零基础,单选,将本企业指标与同行业平均值比较，属于什么？,完全没有可比性,横向分析,仅是预算差异分析,内部审计抽样,B,与同类企业或行业水平比较称为横向分析，但还应关注口径是否可比。,33—35,42—44,2026年注册会计师全国统一考试辅导教材《财务成本管理》,,,原有起步题
finance-02-03,财务成本管理,财务与估值基础,第2章 财务报表分析和财务预测,第一节 财务报表分析的框架与方法,分析框架,零基础,多选,现代财务报表分析包括哪些维度？,战略分析,会计分析,前景分析,只核对报表页数,A、B、C,教材框架包括战略、会计、财务和前景分析，不只是抄录报表。,33—35,42—44,2026年注册会计师全国统一考试辅导教材《财务成本管理》,,,原有起步题
finance-02-04,财务成本管理,财务与估值基础,第2章 财务报表分析和财务预测,第一节 财务报表分析的框架与方法,预算差异,零基础,简答应用,预算费用为100元，实际费用为120元。差额多少？属于哪种比较？,,,,,实际比预算多20元，属于预算差异分析。,差额为120－100；这只是发现差异，随后还需分析原因。,33—35,42—44,2026年注册会计师全国统一考试辅导教材《财务成本管理》,,,原有起步题
finance-full-02-01-001,财务成本管理,财务与估值基础,第2章 财务报表分析和财务预测,第一节 财务报表分析的框架与方法,比较分析与因素分析,基础理解与应用,简答应用,比较分析回答“差多少”，因素分析进一步回答什么？,,,,,差异由哪些因素造成、各因素影响多少。,观察差异与解释差异是不同分析层次。,33—37,42—46,2026年注册会计师全国统一考试辅导教材《财务成本管理》,,标注为所属知识节的阅读范围，不是逐题精确页码。,逐节扩充题
finance-full-02-01-002,财务成本管理,财务与估值基础,第2章 财务报表分析和财务预测,第一节 财务报表分析的框架与方法,连环替代法,基础理解与应用,简答应用,使用连环替代法时，为什么要明确替代顺序？,,,,,各因素影响额可能受替代顺序影响。,总差异可分解，但不能随意变换口径后直接比较分项结果。,33—37,42—46,2026年注册会计师全国统一考试辅导教材《财务成本管理》,,标注为所属知识节的阅读范围，不是逐题精确页码。,逐节扩充题
finance-full-02-01-003,财务成本管理,财务与估值基础,第2章 财务报表分析和财务预测,第一节 财务报表分析的框架与方法,财务报表分析局限,基础理解与应用,简答应用,历史数据优于上年，是否足以证明管理水平提高？,,,,,不足以。,还需考虑环境、会计政策、信息质量和比较基准的合理性。,33—37,42—46,2026年注册会计师全国统一考试辅导教材《财务成本管理》,,标注为所属知识节的阅读范围，不是逐题精确页码。,逐节扩充题
finance-full-02-02-001,财务成本管理,财务与估值基础,第2章 财务报表分析和财务预测,第二节 财务比率分析,流动比率,基础理解与应用,简答应用,流动资产200、流动负债100，流动比率是多少？,,,,,2。,流动比率＝流动资产÷流动负债，仍需检查资产质量与变现能力。,38—67,47—76,2026年注册会计师全国统一考试辅导教材《财务成本管理》,,标注为所属知识节的阅读范围，不是逐题精确页码。,逐节扩充题
finance-full-02-02-002,财务成本管理,财务与估值基础,第2章 财务报表分析和财务预测,第二节 财务比率分析,速动比率,基础理解与应用,简答应用,为什么分析短期偿债能力时要把存货等项目从流动资产中剔除？,,,,,部分流动资产变现速度和价值不确定。,速动比率比流动比率采用更严格的可偿债资产口径。,38—67,47—76,2026年注册会计师全国统一考试辅导教材《财务成本管理》,,标注为所属知识节的阅读范围，不是逐题精确页码。,逐节扩充题
finance-full-02-02-003,财务成本管理,财务与估值基础,第2章 财务报表分析和财务预测,第二节 财务比率分析,现金比率,基础理解与应用,简答应用,现金比率高是否一定表示经营绩效更好？,,,,,不一定。,较高现金可增强偿债保障，也可能反映资金闲置。,38—67,47—76,2026年注册会计师全国统一考试辅导教材《财务成本管理》,,标注为所属知识节的阅读范围，不是逐题精确页码。,逐节扩充题
finance-full-02-02-004,财务成本管理,财务与估值基础,第2章 财务报表分析和财务预测,第二节 财务比率分析,资产负债率,基础理解与应用,简答应用,总负债60、总资产150，资产负债率是多少？,,,,,40%。,资产负债率＝总负债÷总资产，反映债权人提供资金的比例。,38—67,47—76,2026年注册会计师全国统一考试辅导教材《财务成本管理》,,标注为所属知识节的阅读范围，不是逐题精确页码。,逐节扩充题
finance-full-02-02-005,财务成本管理,财务与估值基础,第2章 财务报表分析和财务预测,第二节 财务比率分析,产权比率与权益乘数,基础理解与应用,简答应用,负债60、权益90，产权比率和权益乘数分别是多少？,,,,,产权比率约0.667，权益乘数约1.667。,权益乘数＝资产÷权益＝1＋产权比率。,38—67,47—76,2026年注册会计师全国统一考试辅导教材《财务成本管理》,,标注为所属知识节的阅读范围，不是逐题精确页码。,逐节扩充题
finance-full-02-02-006,财务成本管理,财务与估值基础,第2章 财务报表分析和财务预测,第二节 财务比率分析,利息保障倍数,基础理解与应用,简答应用,息税前利润120、利息费用30，利息保障倍数是多少？,,,,,4倍。,该指标观察息税前利润对利息的覆盖，不等同于实际可用现金。,38—67,47—76,2026年注册会计师全国统一考试辅导教材《财务成本管理》,,标注为所属知识节的阅读范围，不是逐题精确页码。,逐节扩充题
finance-full-02-02-007,财务成本管理,财务与估值基础,第2章 财务报表分析和财务预测,第二节 财务比率分析,应收账款周转率,基础理解与应用,简答应用,应收账款周转率上升是否一定意味着信用管理改善？,,,,,不一定。,须结合收入口径、平均余额、季节性和坏账等因素判断。,38—67,47—76,2026年注册会计师全国统一考试辅导教材《财务成本管理》,,标注为所属知识节的阅读范围，不是逐题精确页码。,逐节扩充题
finance-full-02-02-008,财务成本管理,财务与估值基础,第2章 财务报表分析和财务预测,第二节 财务比率分析,存货周转率,基础理解与应用,简答应用,分析存货管理效率时，存货周转率通常如何计算？,,,,,营业成本÷平均存货余额。,营业成本与存货成本口径匹配；用于综合分解时应注意口径差异。,38—67,47—76,2026年注册会计师全国统一考试辅导教材《财务成本管理》,,标注为所属知识节的阅读范围，不是逐题精确页码。,逐节扩充题
finance-full-02-02-009,财务成本管理,财务与估值基础,第2章 财务报表分析和财务预测,第二节 财务比率分析,总资产周转率,基础理解与应用,简答应用,营业收入500、平均总资产250，总资产周转率是多少？,,,,,2次。,该指标反映全部资产创造营业收入的能力。,38—67,47—76,2026年注册会计师全国统一考试辅导教材《财务成本管理》,,标注为所属知识节的阅读范围，不是逐题精确页码。,逐节扩充题
finance-full-02-02-010,财务成本管理,财务与估值基础,第2章 财务报表分析和财务预测,第二节 财务比率分析,盈利能力比率,基础理解与应用,简答应用,营业净利率与总资产净利率的分母分别是什么？,,,,,营业收入、总资产。,前者看销售盈利，后者看全部资产盈利；分子通常均使用净利润。,38—67,47—76,2026年注册会计师全国统一考试辅导教材《财务成本管理》,,标注为所属知识节的阅读范围，不是逐题精确页码。,逐节扩充题
finance-full-02-02-011,财务成本管理,财务与估值基础,第2章 财务报表分析和财务预测,第二节 财务比率分析,市盈率、市净率、市销率,基础理解与应用,简答应用,三种市价比率分别把股价与哪项每股指标比较？,,,,,每股收益、每股净资产、每股营业收入。,不同分母反映不同估值口径，不能混用。,38—67,47—76,2026年注册会计师全国统一考试辅导教材《财务成本管理》,,标注为所属知识节的阅读范围，不是逐题精确页码。,逐节扩充题
finance-full-02-02-012,财务成本管理,财务与估值基础,第2章 财务报表分析和财务预测,第二节 财务比率分析,杜邦分解,基础理解与应用,简答应用,权益净利率可以分解为哪三个因素的乘积？,,,,,营业净利率×总资产周转率×权益乘数。,分别体现盈利水平、资产使用效率和财务杠杆。,38—67,47—76,2026年注册会计师全国统一考试辅导教材《财务成本管理》,,标注为所属知识节的阅读范围，不是逐题精确页码。,逐节扩充题
finance-full-02-02-013,财务成本管理,财务与估值基础,第2章 财务报表分析和财务预测,第二节 财务比率分析,经营与金融项目,基础理解与应用,简答应用,管理用报表为何区分经营资产负债与金融资产负债？,,,,,为了分别分析经营活动的收益和融资活动的影响。,管理用分析关注净经营资产、净负债等概念。,38—67,47—76,2026年注册会计师全国统一考试辅导教材《财务成本管理》,,标注为所属知识节的阅读范围，不是逐题精确页码。,逐节扩充题
finance-full-02-02-014,财务成本管理,财务与估值基础,第2章 财务报表分析和财务预测,第二节 财务比率分析,实体现金流量,基础理解与应用,简答应用,实体现金流量与股权现金流量、债务现金流量有什么关系？,,,,,实体现金流量＝股权现金流量＋债务现金流量。,实体现金流是可供全部资本提供者分享的现金流。,38—67,47—76,2026年注册会计师全国统一考试辅导教材《财务成本管理》,,标注为所属知识节的阅读范围，不是逐题精确页码。,逐节扩充题
finance-full-02-02-015,财务成本管理,财务与估值基础,第2章 财务报表分析和财务预测,第二节 财务比率分析,管理用权益净利率,基础理解与应用,简答应用,经营差异率为正时，提高净财务杠杆为什么可能提高权益净利率？,,,,,净经营资产报酬率高于税后利息率，债务融资带来正的杠杆贡献。,提高收益的同时也可能提高财务风险。,38—67,47—76,2026年注册会计师全国统一考试辅导教材《财务成本管理》,,标注为所属知识节的阅读范围，不是逐题精确页码。,逐节扩充题
finance-full-02-03-001,财务成本管理,财务与估值基础,第2章 财务报表分析和财务预测,第三节 财务预测的意义、步骤和方法,销售百分比法,基础理解与应用,简答应用,销售百分比法是否假设报表上的所有项目都与销售同比增长？,,,,,不是。,需区分随销售变化的经营项目、金融项目及其他不随销售同比变化的项目。,68—71,77—80,2026年注册会计师全国统一考试辅导教材《财务成本管理》,,标注为所属知识节的阅读范围，不是逐题精确页码。,逐节扩充题
finance-full-02-03-002,财务成本管理,财务与估值基础,第2章 财务报表分析和财务预测,第三节 财务预测的意义、步骤和方法,外部融资需求,基础理解与应用,简答应用,预计新增经营资产100、新增经营负债30、新增留存收益20，需要外部融资多少？,,,,,50。,外部融资需求＝经营资产增加－经营负债增加－可用内部资金，本题未给其他资金来源。,68—71,77—80,2026年注册会计师全国统一考试辅导教材《财务成本管理》,,标注为所属知识节的阅读范围，不是逐题精确页码。,逐节扩充题
finance-full-02-03-003,财务成本管理,财务与估值基础,第2章 财务报表分析和财务预测,第三节 财务预测的意义、步骤和方法,财务预测步骤,基础理解与应用,简答应用,进行财务预测通常应先预测销售还是直接确定借款？,,,,,先预测销售及相关经营需要，再确定融资需要。,融资需求由经营规模、资金占用和内部融资能力共同决定。,68—71,77—80,2026年注册会计师全国统一考试辅导教材《财务成本管理》,,标注为所属知识节的阅读范围，不是逐题精确页码。,逐节扩充题
finance-full-02-04-001,财务成本管理,财务与估值基础,第2章 财务报表分析和财务预测,第四节 增长率与资本需求的测算,内含增长率,基础理解与应用,简答应用,内含增长与可持续增长最大的融资条件区别是什么？,,,,,内含增长不依靠外部融资；可持续增长允许在既定财务政策下增加债务。,不能把“不增发股票”误读为“不增加任何外部融资”。,72—79,81—88,2026年注册会计师全国统一考试辅导教材《财务成本管理》,,标注为所属知识节的阅读范围，不是逐题精确页码。,逐节扩充题
finance-full-02-04-002,财务成本管理,财务与估值基础,第2章 财务报表分析和财务预测,第四节 增长率与资本需求的测算,可持续增长率,基础理解与应用,简答应用,维持资产周转、利润率、留存比例和资本结构等条件，为何影响可持续增长？,,,,,这些条件共同决定企业不增发股票时可支持的增长。,超过该水平通常需要改善效率或改变融资、分配等政策。,72—79,81—88,2026年注册会计师全国统一考试辅导教材《财务成本管理》,,标注为所属知识节的阅读范围，不是逐题精确页码。,逐节扩充题
finance-full-02-04-003,财务成本管理,财务与估值基础,第2章 财务报表分析和财务预测,第四节 增长率与资本需求的测算,增长与现金短缺,基础理解与应用,简答应用,企业销售增长很快，为什么仍可能缺现金？,,,,,应收账款、存货等资金占用增加可能超过内部融资能力。,利润增长与现金到位的时间和金额并不一致。,72—79,81—88,2026年注册会计师全国统一考试辅导教材《财务成本管理》,,标注为所属知识节的阅读范围，不是逐题精确页码。,逐节扩充题
finance-03-01,财务成本管理,财务与估值基础,第3章 价值评估基础,第一节 利率,利率计算,零基础,单选,本金1000元，一年利息50元，年利率是多少？,20%,0.5%,5%,50%,C,年利率＝50÷1000×100%＝5%。,80—82,89—91,2026年注册会计师全国统一考试辅导教材《财务成本管理》,,,原有起步题
finance-03-02,财务成本管理,财务与估值基础,第3章 价值评估基础,第一节 利率,基准利率,零基础,单选,基准利率的主要作用是什么？,作为普遍参照的利率,保证所有资产不亏损,替代全部合同约定,表示股票数量,A,基准利率对其他利率及金融资产价格具有参照和影响作用。,80—82,89—91,2026年注册会计师全国统一考试辅导教材《财务成本管理》,,,原有起步题
finance-03-03,财务成本管理,财务与估值基础,第3章 价值评估基础,第一节 利率,利率影响因素,零基础,多选,教材利率构成中可能包含哪些溢价？,违约风险溢价,流动性风险溢价,办公室楼层溢价,通货膨胀溢价,A、B、D,利率不仅补偿资金使用，还可能包含通胀、违约、流动性等风险补偿。,80—82,89—91,2026年注册会计师全国统一考试辅导教材《财务成本管理》,,,原有起步题
finance-03-04,财务成本管理,财务与估值基础,第3章 价值评估基础,第一节 利率,单期利息,零基础,简答应用,本金2000元，年利率3%，只计算一年的利息，应为多少？,,,,,2000×3%＝60元。,本题只有一年，不涉及多期复利或年金。,80—82,89—91,2026年注册会计师全国统一考试辅导教材《财务成本管理》,,,原有起步题
finance-full-03-01-001,财务成本管理,财务与估值基础,第3章 价值评估基础,第一节 利率,名义利率构成,基础理解与应用,简答应用,名义利率一般包含哪些补偿？,,,,,纯粹利率以及通胀、违约、流动性和期限等风险补偿。,不同证券承担风险不同，必要收益率也会不同。,80—82,89—91,2026年注册会计师全国统一考试辅导教材《财务成本管理》,,标注为所属知识节的阅读范围，不是逐题精确页码。,逐节扩充题
finance-full-03-01-002,财务成本管理,财务与估值基础,第3章 价值评估基础,第一节 利率,利率期限结构,基础理解与应用,简答应用,收益率曲线向上，是否仅凭这一点就能断定未来短期利率必然上升？,,,,,不能。,不同理论对期限风险溢价的处理不同，应结合所采用的理论解释。,80—82,89—91,2026年注册会计师全国统一考试辅导教材《财务成本管理》,,标注为所属知识节的阅读范围，不是逐题精确页码。,逐节扩充题
finance-full-03-01-003,财务成本管理,财务与估值基础,第3章 价值评估基础,第一节 利率,基准利率,基础理解与应用,简答应用,基准利率应具有什么基本特征？,,,,,市场化、基础性和传递性。,它作为其他金融产品定价的重要参照，不等于所有借款实际执行的利率。,80—82,89—91,2026年注册会计师全国统一考试辅导教材《财务成本管理》,,标注为所属知识节的阅读范围，不是逐题精确页码。,逐节扩充题
finance-full-03-02-001,财务成本管理,财务与估值基础,第3章 价值评估基础,第二节 货币时间价值,复利终值,基础理解与应用,简答应用,本金1000元，年利率10%，按年复利2年，终值多少？,,,,,1210元。,终值＝1000×1.1²，第二年也对第一年利息计息。,83—90,92—99,2026年注册会计师全国统一考试辅导教材《财务成本管理》,,标注为所属知识节的阅读范围，不是逐题精确页码。,逐节扩充题
finance-full-03-02-002,财务成本管理,财务与估值基础,第3章 价值评估基础,第二节 货币时间价值,复利现值,基础理解与应用,简答应用,两年后收到1210元，折现率10%，现值多少？,,,,,1000元。,现值＝1210÷1.1²，折现与复利是逆向计算。,83—90,92—99,2026年注册会计师全国统一考试辅导教材《财务成本管理》,,标注为所属知识节的阅读范围，不是逐题精确页码。,逐节扩充题
finance-full-03-02-003,财务成本管理,财务与估值基础,第3章 价值评估基础,第二节 货币时间价值,普通年金,基础理解与应用,简答应用,每年年末收到100元，共2年，折现率10%，现值约多少？,,,,,173.55元。,分别折现：100÷1.1＋100÷1.1²。,83—90,92—99,2026年注册会计师全国统一考试辅导教材《财务成本管理》,,标注为所属知识节的阅读范围，不是逐题精确页码。,逐节扩充题
finance-full-03-02-004,财务成本管理,财务与估值基础,第3章 价值评估基础,第二节 货币时间价值,预付年金,基础理解与应用,简答应用,同金额、同期限、同利率，预付年金现值为何大于普通年金现值？,,,,,每笔款项都提前一期收到。,预付年金现值＝普通年金现值×（1＋利率）。,83—90,92—99,2026年注册会计师全国统一考试辅导教材《财务成本管理》,,标注为所属知识节的阅读范围，不是逐题精确页码。,逐节扩充题
finance-full-03-02-005,财务成本管理,财务与估值基础,第3章 价值评估基础,第二节 货币时间价值,永续年金,基础理解与应用,简答应用,每年年末永久收到100元，折现率5%，现值多少？,,,,,2000元。,永续年金现值＝每期金额÷每期折现率，首笔在一期后收到。,83—90,92—99,2026年注册会计师全国统一考试辅导教材《财务成本管理》,,标注为所属知识节的阅读范围，不是逐题精确页码。,逐节扩充题
finance-full-03-02-006,财务成本管理,财务与估值基础,第3章 价值评估基础,第二节 货币时间价值,递延年金,基础理解与应用,简答应用,递延年金为什么通常需要两次折现？,,,,,先求年金开始前一时点的价值，再折现到现在。,关键是画出首笔收付时点，避免多折或少折一期。,83—90,92—99,2026年注册会计师全国统一考试辅导教材《财务成本管理》,,标注为所属知识节的阅读范围，不是逐题精确页码。,逐节扩充题
finance-full-03-02-007,财务成本管理,财务与估值基础,第3章 价值评估基础,第二节 货币时间价值,名义与有效年利率,基础理解与应用,简答应用,名义年利率12%，每月复利一次，有效年利率是否仍为12%？,,,,,不是，约为12.68%。,有效年利率＝（1＋12%÷12）¹²－1。,83—90,92—99,2026年注册会计师全国统一考试辅导教材《财务成本管理》,,标注为所属知识节的阅读范围，不是逐题精确页码。,逐节扩充题
finance-full-03-02-008,财务成本管理,财务与估值基础,第3章 价值评估基础,第二节 货币时间价值,报价利率与通胀,基础理解与应用,简答应用,实际利率、名义利率和通胀率之间的精确关系是什么？,,,,,1＋名义利率＝（1＋实际利率）×（1＋通胀率）。,相减仅是低利率情形下的近似。,83—90,92—99,2026年注册会计师全国统一考试辅导教材《财务成本管理》,,标注为所属知识节的阅读范围，不是逐题精确页码。,逐节扩充题
finance-full-03-03-001,财务成本管理,财务与估值基础,第3章 价值评估基础,第三节 风险与报酬,期望报酬率,基础理解与应用,简答应用,某投资各有50%概率获得10%或20%报酬，期望报酬率是多少？,,,,,15%。,期望报酬率是各可能报酬率按概率加权平均。,91—109,100—118,2026年注册会计师全国统一考试辅导教材《财务成本管理》,,标注为所属知识节的阅读范围，不是逐题精确页码。,逐节扩充题
finance-full-03-03-002,财务成本管理,财务与估值基础,第3章 价值评估基础,第三节 风险与报酬,标准差与变异系数,基础理解与应用,简答应用,两个项目期望报酬率不同，仅比较标准差是否充分？,,,,,不充分，可结合变异系数。,变异系数＝标准差÷期望值，用于观察单位预期收益对应的风险。,91—109,100—118,2026年注册会计师全国统一考试辅导教材《财务成本管理》,,标注为所属知识节的阅读范围，不是逐题精确页码。,逐节扩充题
finance-full-03-03-003,财务成本管理,财务与估值基础,第3章 价值评估基础,第三节 风险与报酬,投资组合报酬,基础理解与应用,简答应用,资产A、B权重各50%，预期报酬分别8%、12%，组合预期报酬多少？,,,,,10%。,组合预期报酬是各资产预期报酬的加权平均。,91—109,100—118,2026年注册会计师全国统一考试辅导教材《财务成本管理》,,标注为所属知识节的阅读范围，不是逐题精确页码。,逐节扩充题
finance-full-03-03-004,财务成本管理,财务与估值基础,第3章 价值评估基础,第三节 风险与报酬,相关性与分散风险,基础理解与应用,简答应用,其他条件相同，两项资产收益相关系数下降，一般对组合风险有何影响？,,,,,一般增强风险分散效果。,组合风险不仅取决于各资产风险，还取决于相互关系。,91—109,100—118,2026年注册会计师全国统一考试辅导教材《财务成本管理》,,标注为所属知识节的阅读范围，不是逐题精确页码。,逐节扩充题
finance-full-03-03-005,财务成本管理,财务与估值基础,第3章 价值评估基础,第三节 风险与报酬,系统与非系统风险,基础理解与应用,简答应用,行业中特定公司的管理失误，与全市场利率变动，哪项更可能通过分散降低？,,,,,特定公司的管理失误风险。,系统风险影响市场整体，不能靠一般分散投资完全消除。,91—109,100—118,2026年注册会计师全国统一考试辅导教材《财务成本管理》,,标注为所属知识节的阅读范围，不是逐题精确页码。,逐节扩充题
finance-full-03-03-006,财务成本管理,财务与估值基础,第3章 价值评估基础,第三节 风险与报酬,贝塔系数,基础理解与应用,简答应用,贝塔为1.5表示该证券的全部风险必然是市场的1.5倍吗？,,,,,不是。,贝塔衡量相对于市场的系统风险，不是全部风险的简单倍数。,91—109,100—118,2026年注册会计师全国统一考试辅导教材《财务成本管理》,,标注为所属知识节的阅读范围，不是逐题精确页码。,逐节扩充题
finance-full-03-03-007,财务成本管理,财务与估值基础,第3章 价值评估基础,第三节 风险与报酬,资本资产定价模型,基础理解与应用,简答应用,无风险利率3%，市场风险溢价6%，贝塔1.2，必要报酬率是多少？,,,,,10.2%。,必要报酬率＝3%＋1.2×6%，不要把市场报酬率和风险溢价混淆。,91—109,100—118,2026年注册会计师全国统一考试辅导教材《财务成本管理》,,标注为所属知识节的阅读范围，不是逐题精确页码。,逐节扩充题
finance-full-03-03-008,财务成本管理,财务与估值基础,第3章 价值评估基础,第三节 风险与报酬,证券市场线,基础理解与应用,简答应用,证券市场线连接的是必要报酬率与什么风险指标？,,,,,贝塔系数。,资本市场线使用总风险尺度，二者不能混淆。,91—109,100—118,2026年注册会计师全国统一考试辅导教材《财务成本管理》,,标注为所属知识节的阅读范围，不是逐题精确页码。,逐节扩充题
finance-full-03-04-001,财务成本管理,财务与估值基础,第3章 价值评估基础,第四节 债券、股票价值评估,债券估值,基础理解与应用,简答应用,普通附息债券价值由哪两部分现值组成？,,,,,未来利息现值与到期本金现值。,折现率是投资者要求的必要报酬率，而非一概使用票面利率。,110—123,119—132,2026年注册会计师全国统一考试辅导教材《财务成本管理》,,标注为所属知识节的阅读范围，不是逐题精确页码。,逐节扩充题
finance-full-03-04-002,财务成本管理,财务与估值基础,第3章 价值评估基础,第四节 债券、股票价值评估,利率与债券价值,基础理解与应用,简答应用,债券未来现金流不变，市场必要报酬率提高，债券价值如何变化？,,,,,下降。,相同现金流以更高利率折现，现值减少。,110—123,119—132,2026年注册会计师全国统一考试辅导教材《财务成本管理》,,标注为所属知识节的阅读范围，不是逐题精确页码。,逐节扩充题
finance-full-03-04-003,财务成本管理,财务与估值基础,第3章 价值评估基础,第四节 债券、股票价值评估,债券溢价与折价,基础理解与应用,简答应用,票面利率高于必要报酬率的普通债券，一般溢价还是折价？,,,,,溢价。,约定利息相对市场要求更有吸引力，价值可高于面值。,110—123,119—132,2026年注册会计师全国统一考试辅导教材《财务成本管理》,,标注为所属知识节的阅读范围，不是逐题精确页码。,逐节扩充题
finance-full-03-04-004,财务成本管理,财务与估值基础,第3章 价值评估基础,第四节 债券、股票价值评估,股票零增长模型,基础理解与应用,简答应用,每年永久支付股利2元，必要报酬率10%，零增长股票价值是多少？,,,,,20元。,价值＝每期股利÷必要报酬率。,110—123,119—132,2026年注册会计师全国统一考试辅导教材《财务成本管理》,,标注为所属知识节的阅读范围，不是逐题精确页码。,逐节扩充题
finance-full-03-04-005,财务成本管理,财务与估值基础,第3章 价值评估基础,第四节 债券、股票价值评估,股票固定增长模型,基础理解与应用,简答应用,下一年股利2元，必要报酬率10%，长期增长率4%，股票价值约多少？,,,,,33.33元。,价值＝下一年股利÷（必要报酬率－增长率），要求必要报酬率大于增长率。,110—123,119—132,2026年注册会计师全国统一考试辅导教材《财务成本管理》,,标注为所属知识节的阅读范围，不是逐题精确页码。,逐节扩充题
finance-full-03-04-006,财务成本管理,财务与估值基础,第3章 价值评估基础,第四节 债券、股票价值评估,优先股估值,基础理解与应用,简答应用,优先股每年股息8元，必要报酬率8%，不考虑赎回，价值多少？,,,,,100元。,可按固定股息的永续年金估值。,110—123,119—132,2026年注册会计师全国统一考试辅导教材《财务成本管理》,,标注为所属知识节的阅读范围，不是逐题精确页码。,逐节扩充题
finance-full-03-04-007,财务成本管理,财务与估值基础,第3章 价值评估基础,第四节 债券、股票价值评估,多阶段股票估值,基础理解与应用,简答应用,股利前几年高速增长、以后稳定增长，应怎样估值？,,,,,分别折现前期股利，再折现稳定阶段的终值。,不能把暂时的高增长率直接当成永久增长率。,110—123,119—132,2026年注册会计师全国统一考试辅导教材《财务成本管理》,,标注为所属知识节的阅读范围，不是逐题精确页码。,逐节扩充题
finance-04-01,财务成本管理,财务与估值基础,第4章 资本成本,第一节 资本成本的概念、应用和影响因素,资本成本概念,零基础,单选,资本成本最接近哪项？,企业账户余额,放弃其他等风险投资机会的收益,设备维修费,所有历史支出的合计,B,资本用于一个项目，就放弃了其他等风险投资机会，所放弃的收益形成机会成本。,124—126,133—135,2026年注册会计师全国统一考试辅导教材《财务成本管理》,,,原有起步题
finance-04-02,财务成本管理,财务与估值基础,第4章 资本成本,第一节 资本成本的概念、应用和影响因素,必要报酬率,零基础,单选,项目资本成本通常也可以理解为什么？,产品最高售价,银行存款本金,上年利润,最低可接受报酬率,D,资本成本是判断项目能否提供足够报酬的重要门槛。,124—126,133—135,2026年注册会计师全国统一考试辅导教材《财务成本管理》,,,原有起步题
finance-04-03,财务成本管理,财务与估值基础,第4章 资本成本,第一节 资本成本的概念、应用和影响因素,资本成本应用,零基础,多选,资本成本与哪些事项有关？,投资的必要报酬率,只统计现金支付的手续费,筹资成本评价,投资项目取舍,A、C、D,资本成本具有机会成本含义，不能只把已付手续费当成全部成本。,124—126,133—135,2026年注册会计师全国统一考试辅导教材《财务成本管理》,,,原有起步题
finance-04-04,财务成本管理,财务与估值基础,第4章 资本成本,第一节 资本成本的概念、应用和影响因素,等风险机会成本,零基础,简答应用,把资金投入甲项目，就放弃了同风险乙项目8%的报酬机会。为什么即使资金是自有资金，也不能说甲项目资金成本为零？,,,,,因为放弃了同风险投资可取得的报酬，存在机会成本。,自有资金没有合同利息，并不意味着投资者不要求收益。,124—126,133—135,2026年注册会计师全国统一考试辅导教材《财务成本管理》,,,原有起步题
finance-full-04-01-001,财务成本管理,财务与估值基础,第4章 资本成本,第一节 资本成本的概念、应用和影响因素,公司与项目资本成本,基础理解与应用,简答应用,一个高风险新项目能否直接使用低风险主营业务的资本成本？,,,,,不能当然使用。,资本成本应匹配项目风险，不能机械套用公司平均水平。,124—127,133—136,2026年注册会计师全国统一考试辅导教材《财务成本管理》,,标注为所属知识节的阅读范围，不是逐题精确页码。,逐节扩充题
finance-full-04-01-002,财务成本管理,财务与估值基础,第4章 资本成本,第一节 资本成本的概念、应用和影响因素,资本成本用途,基础理解与应用,简答应用,资本成本如何参与投资和企业价值评估？,,,,,作为风险匹配的必要报酬率或折现率。,项目预期收益须与资本提供者要求的报酬相比较。,124—127,133—136,2026年注册会计师全国统一考试辅导教材《财务成本管理》,,标注为所属知识节的阅读范围，不是逐题精确页码。,逐节扩充题
finance-full-04-01-003,财务成本管理,财务与估值基础,第4章 资本成本,第一节 资本成本的概念、应用和影响因素,资本成本影响因素,基础理解与应用,简答应用,哪些外部和内部因素会影响资本成本？,,,,,市场利率、风险溢价、税制以及企业资本结构、投资政策等。,资本成本不是固定不变的历史数字。,124—127,133—136,2026年注册会计师全国统一考试辅导教材《财务成本管理》,,标注为所属知识节的阅读范围，不是逐题精确页码。,逐节扩充题
finance-full-04-02-001,财务成本管理,财务与估值基础,第4章 资本成本,第二节 债务资本成本的估计,税前与税后债务成本,基础理解与应用,简答应用,税前债务成本6%，相关利息可按25%税率抵税，税后债务成本多少？,,,,,4.5%。,税后债务成本＝6%×（1－25%），前提是适用的抵税条件满足。,128—131,137—140,2026年注册会计师全国统一考试辅导教材《财务成本管理》,,标注为所属知识节的阅读范围，不是逐题精确页码。,逐节扩充题
finance-full-04-02-002,财务成本管理,财务与估值基础,第4章 资本成本,第二节 债务资本成本的估计,历史利率与新增筹资,基础理解与应用,简答应用,估计当前债务资本成本，应主要用旧借款票面利率还是当前必要报酬率？,,,,,当前必要报酬率。,资本成本反映现在取得资本的代价，不只是过去合同的记载。,128—131,137—140,2026年注册会计师全国统一考试辅导教材《财务成本管理》,,标注为所属知识节的阅读范围，不是逐题精确页码。,逐节扩充题
finance-full-04-02-003,财务成本管理,财务与估值基础,第4章 资本成本,第二节 债务资本成本的估计,债务成本估计方法,基础理解与应用,简答应用,没有可用交易债券时，可以怎样估计税前债务成本？,,,,,使用可比公司、风险调整等方法，结合信用风险估计。,可比性和风险调整是关键，不能随意套用别家利率。,128—131,137—140,2026年注册会计师全国统一考试辅导教材《财务成本管理》,,标注为所属知识节的阅读范围，不是逐题精确页码。,逐节扩充题
finance-full-04-03-001,财务成本管理,财务与估值基础,第4章 资本成本,第三节 普通股资本成本的估计,权益资本成本方法,基础理解与应用,简答应用,普通股资本成本常用哪三类估计思路？,,,,,资本资产定价模型、股利增长模型、债券收益率风险调整法。,不同方法使用不同信息，应检查各自假设。,132—139,141—148,2026年注册会计师全国统一考试辅导教材《财务成本管理》,,标注为所属知识节的阅读范围，不是逐题精确页码。,逐节扩充题
finance-full-04-03-002,财务成本管理,财务与估值基础,第4章 资本成本,第三节 普通股资本成本的估计,股利增长法筹资成本,基础理解与应用,简答应用,预计下一年股利3元，股价50元，长期增长4%，不计发行费，权益成本多少？,,,,,10%。,股利收益率3÷50＝6%，加增长率4%。,132—139,141—148,2026年注册会计师全国统一考试辅导教材《财务成本管理》,,标注为所属知识节的阅读范围，不是逐题精确页码。,逐节扩充题
finance-full-04-03-003,财务成本管理,财务与估值基础,第4章 资本成本,第三节 普通股资本成本的估计,发行费用,基础理解与应用,简答应用,取得相同投资者要求的收益条件下，发行费用增加会怎样影响筹资成本？,,,,,提高筹资成本。,企业实际取得的净资金减少，支付给投资者的现金流并未相应减少。,132—139,141—148,2026年注册会计师全国统一考试辅导教材《财务成本管理》,,标注为所属知识节的阅读范围，不是逐题精确页码。,逐节扩充题
finance-full-04-03-004,财务成本管理,财务与估值基础,第4章 资本成本,第三节 普通股资本成本的估计,无风险利率与贝塔估计,基础理解与应用,简答应用,使用CAPM时，为什么无风险利率、风险溢价和贝塔需要统一口径？,,,,,币种、期限、数据区间及风险基础不一致会扭曲结果。,公式正确不代表输入数据天然可比。,132—139,141—148,2026年注册会计师全国统一考试辅导教材《财务成本管理》,,标注为所属知识节的阅读范围，不是逐题精确页码。,逐节扩充题
finance-full-04-04-001,财务成本管理,财务与估值基础,第4章 资本成本,第四节 混合筹资资本成本的估计,优先股资本成本,基础理解与应用,简答应用,每年支付优先股股息8元，每股发行净收入100元，资本成本多少？,,,,,8%。,成本＝固定股息÷发行净收入，不能照搬普通债务的利息抵税公式。,140—141,149—150,2026年注册会计师全国统一考试辅导教材《财务成本管理》,,标注为所属知识节的阅读范围，不是逐题精确页码。,逐节扩充题
finance-full-04-04-002,财务成本管理,财务与估值基础,第4章 资本成本,第四节 混合筹资资本成本的估计,永续债资本成本,基础理解与应用,简答应用,估计永续债资本成本时，为什么先要判断支付安排和税务属性？,,,,,是否可递延、赎回以及相关税收处理影响实际资本成本。,名称含“债”并不意味着所有合同条件都相同。,140—141,149—150,2026年注册会计师全国统一考试辅导教材《财务成本管理》,,标注为所属知识节的阅读范围，不是逐题精确页码。,逐节扩充题
finance-full-04-05-001,财务成本管理,财务与估值基础,第4章 资本成本,第五节 加权平均资本成本的计算,加权平均资本成本,基础理解与应用,简答应用,权益与债务各占50%，权益成本10%、税后债务成本4%，WACC多少？,,,,,7%。,按资本权重加权：50%×10%＋50%×4%。,142—143,151—152,2026年注册会计师全国统一考试辅导教材《财务成本管理》,,标注为所属知识节的阅读范围，不是逐题精确页码。,逐节扩充题
finance-full-04-05-002,财务成本管理,财务与估值基础,第4章 资本成本,第五节 加权平均资本成本的计算,资本权重选择,基础理解与应用,简答应用,计算资本成本时，为什么要明确账面价值、市场价值或目标价值权重？,,,,,不同权重代表不同资本结构口径，计算结果会不同。,评价未来决策通常更关注市场或目标结构的相关性。,142—143,151—152,2026年注册会计师全国统一考试辅导教材《财务成本管理》,,标注为所属知识节的阅读范围，不是逐题精确页码。,逐节扩充题
finance-05-01,财务成本管理,投资与价值评估,第5章 投资项目资本预算,第一节 投资项目的类型和评价程序,独立项目,零基础,单选,两个项目互不关联、可以同时实施，通常称为什么？,独立项目,只能二选一项目,同一个项目,互斥项目,A,独立项目是相容的，是否接受主要看各自是否达到决策标准。,144—146,153—155,2026年注册会计师全国统一考试辅导教材《财务成本管理》,,,原有起步题
finance-05-02,财务成本管理,投资与价值评估,第5章 投资项目资本预算,第一节 投资项目的类型和评价程序,互斥项目,零基础,单选,同一场地只能建A生产线或B生产线，两方案属于什么？,无须评价的项目,已经完成的项目,互斥项目,完全独立项目,C,不能同时并存、相互替代的方案属于互斥项目。,144—146,153—155,2026年注册会计师全国统一考试辅导教材《财务成本管理》,,,原有起步题
finance-05-03,财务成本管理,投资与价值评估,第5章 投资项目资本预算,第一节 投资项目的类型和评价程序,项目评价程序,零基础,多选,投资项目评价一般包括哪些工作？,只看方案名称是否好听,估计相关现金流量,计算价值指标,与可接受标准比较,B、C、D,项目评价要有现金流量及价值指标等依据，名称不能替代评价。,144—146,153—155,2026年注册会计师全国统一考试辅导教材《财务成本管理》,,,原有起步题
finance-05-04,财务成本管理,投资与价值评估,第5章 投资项目资本预算,第一节 投资项目的类型和评价程序,净现值,零基础,简答应用,某独立项目未来现金净流量现值120万元，原始投资额现值100万元。净现值是多少？按净现值标准是否可接受？,,,,,净现值＝120－100＝20万元，为正，可接受。,现值金额已由题目给定；正净现值意味着项目预计增加股东财富。,145,154,2026年注册会计师全国统一考试辅导教材《财务成本管理》,,,原有起步题
finance-full-05-01-001,财务成本管理,投资与价值评估,第5章 投资项目资本预算,第一节 投资项目的类型和评价程序,独立与互斥项目,基础理解与应用,简答应用,两台设备只能购买其中一台，属于独立项目还是互斥项目？,,,,,互斥项目。,选择一项排除了另一项，不能把各自可行误当成可以全部接受。,144,153,2026年注册会计师全国统一考试辅导教材《财务成本管理》,,标注为所属知识节的阅读范围，不是逐题精确页码。,逐节扩充题
finance-full-05-01-002,财务成本管理,投资与价值评估,第5章 投资项目资本预算,第一节 投资项目的类型和评价程序,资本预算程序,基础理解与应用,简答应用,项目建议提出后，是否可以不估计现金流就直接批准投资？,,,,,不可以。,应识别项目、估计现金流、评价并决策，实施后还应跟踪评价。,144,153,2026年注册会计师全国统一考试辅导教材《财务成本管理》,,标注为所属知识节的阅读范围，不是逐题精确页码。,逐节扩充题
finance-full-05-02-001,财务成本管理,投资与价值评估,第5章 投资项目资本预算,第二节 投资项目的评价方法,净现值决策,基础理解与应用,简答应用,项目现值流入120万元、初始投入100万元，净现值多少，是否创造价值？,,,,,净现值20万元，在相关假设成立时创造价值。,净现值是扣除资本机会成本后的增量价值。,145—154,154—163,2026年注册会计师全国统一考试辅导教材《财务成本管理》,,标注为所属知识节的阅读范围，不是逐题精确页码。,逐节扩充题
finance-full-05-02-002,财务成本管理,投资与价值评估,第5章 投资项目资本预算,第二节 投资项目的评价方法,现值指数,基础理解与应用,简答应用,现金流入现值120、初始投资100，现值指数是多少？,,,,,1.2。,现值指数＝流入现值÷流出现值，超过1对应正净现值。,145—154,154—163,2026年注册会计师全国统一考试辅导教材《财务成本管理》,,标注为所属知识节的阅读范围，不是逐题精确页码。,逐节扩充题
finance-full-05-02-003,财务成本管理,投资与价值评估,第5章 投资项目资本预算,第二节 投资项目的评价方法,内含报酬率,基础理解与应用,简答应用,内含报酬率的定义是什么？,,,,,使项目净现值等于零的折现率。,它是项目现金流决定的报酬率，不是直接由公司指定的折现率。,145—154,154—163,2026年注册会计师全国统一考试辅导教材《财务成本管理》,,标注为所属知识节的阅读范围，不是逐题精确页码。,逐节扩充题
finance-full-05-02-004,财务成本管理,投资与价值评估,第5章 投资项目资本预算,第二节 投资项目的评价方法,回收期局限,基础理解与应用,简答应用,静态回收期忽略了哪些重要问题？,,,,,货币时间价值及回收期后的现金流。,回收快不一定意味着总价值最高。,145—154,154—163,2026年注册会计师全国统一考试辅导教材《财务成本管理》,,标注为所属知识节的阅读范围，不是逐题精确页码。,逐节扩充题
finance-full-05-02-005,财务成本管理,投资与价值评估,第5章 投资项目资本预算,第二节 投资项目的评价方法,互斥项目评价,基础理解与应用,简答应用,互斥项目的内含报酬率排序与净现值排序冲突，通常应重点依据什么？,,,,,在可比基础上依据净现值和价值增加。,规模与现金流时间差异可能造成排序冲突。,145—154,154—163,2026年注册会计师全国统一考试辅导教材《财务成本管理》,,标注为所属知识节的阅读范围，不是逐题精确页码。,逐节扩充题
finance-full-05-02-006,财务成本管理,投资与价值评估,第5章 投资项目资本预算,第二节 投资项目的评价方法,不同寿命项目,基础理解与应用,简答应用,比较可重复投资的不同寿命项目，为何要统一比较基础？,,,,,项目持续时间不同，直接比较一期净现值可能失真。,可使用共同年限或等额年金等适当方法。,145—154,154—163,2026年注册会计师全国统一考试辅导教材《财务成本管理》,,标注为所属知识节的阅读范围，不是逐题精确页码。,逐节扩充题
finance-full-05-02-007,财务成本管理,投资与价值评估,第5章 投资项目资本预算,第二节 投资项目的评价方法,资本限额,基础理解与应用,简答应用,资金总额受限时，是不是只要项目净现值为正就都能实施？,,,,,不是，还要在约束下选择总体净现值最佳的组合。,预算约束使项目选择成为组合问题。,145—154,154—163,2026年注册会计师全国统一考试辅导教材《财务成本管理》,,标注为所属知识节的阅读范围，不是逐题精确页码。,逐节扩充题
finance-full-05-03-001,财务成本管理,投资与价值评估,第5章 投资项目资本预算,第三节 投资项目现金流量的估计,增量现金流,基础理解与应用,简答应用,评价新项目时，应计入哪些现金流？,,,,,因接受项目而新增或减少的现金流。,项目评价强调有项目与无项目的差额，而不是把企业全部现金流都计入。,155—166,164—175,2026年注册会计师全国统一考试辅导教材《财务成本管理》,,标注为所属知识节的阅读范围，不是逐题精确页码。,逐节扩充题
finance-full-05-03-002,财务成本管理,投资与价值评估,第5章 投资项目资本预算,第三节 投资项目现金流量的估计,沉没成本与机会成本,基础理解与应用,简答应用,已付且无法收回的调研费与占用可出租仓库的租金损失，哪个通常相关？,,,,,仓库的租金损失相关；不可收回的调研费通常不相关。,前者是机会成本，后者不随当前决策改变。,155—166,164—175,2026年注册会计师全国统一考试辅导教材《财务成本管理》,,标注为所属知识节的阅读范围，不是逐题精确页码。,逐节扩充题
finance-full-05-03-003,财务成本管理,投资与价值评估,第5章 投资项目资本预算,第三节 投资项目现金流量的估计,营运资本投资,基础理解与应用,简答应用,项目开始增加存货和应收账款，为什么可能是初始现金流出？,,,,,需要额外占用经营资金。,营运资本不是费用，但其变动会影响项目现金流。,155—166,164—175,2026年注册会计师全国统一考试辅导教材《财务成本管理》,,标注为所属知识节的阅读范围，不是逐题精确页码。,逐节扩充题
finance-full-05-03-004,财务成本管理,投资与价值评估,第5章 投资项目资本预算,第三节 投资项目现金流量的估计,折旧抵税,基础理解与应用,简答应用,折旧10万元，所得税率25%，满足抵税条件，折旧带来多少税收节约？,,,,,2.5万元。,折旧本身不付现金，但可通过减少所得税增加现金流。,155—166,164—175,2026年注册会计师全国统一考试辅导教材《财务成本管理》,,标注为所属知识节的阅读范围，不是逐题精确页码。,逐节扩充题
finance-full-05-03-005,财务成本管理,投资与价值评估,第5章 投资项目资本预算,第三节 投资项目现金流量的估计,营业现金流,基础理解与应用,简答应用,收入100、付现成本60、折旧10、税率25%，营业现金流多少？,,,,,32.5。,（100－60－10）×75%＋10＝32.5，也可用税后收入减税后付现成本加折旧抵税。,155—166,164—175,2026年注册会计师全国统一考试辅导教材《财务成本管理》,,标注为所属知识节的阅读范围，不是逐题精确页码。,逐节扩充题
finance-full-05-03-006,财务成本管理,投资与价值评估,第5章 投资项目资本预算,第三节 投资项目现金流量的估计,终结现金流,基础理解与应用,简答应用,项目结束时，资产处置和营运资本收回应如何考虑？,,,,,将税后处置收入与收回的营运资本纳入终结现金流。,处置收入还可能产生相对于计税基础的税收影响。,155—166,164—175,2026年注册会计师全国统一考试辅导教材《财务成本管理》,,标注为所属知识节的阅读范围，不是逐题精确页码。,逐节扩充题
finance-full-05-03-007,财务成本管理,投资与价值评估,第5章 投资项目资本预算,第三节 投资项目现金流量的估计,通胀与现金流,基础理解与应用,简答应用,名义现金流能否直接使用实际折现率折现？,,,,,不宜直接混用。,现金流与折现率必须在是否包含通胀方面保持一致。,155—166,164—175,2026年注册会计师全国统一考试辅导教材《财务成本管理》,,标注为所属知识节的阅读范围，不是逐题精确页码。,逐节扩充题
finance-full-05-04-001,财务成本管理,投资与价值评估,第5章 投资项目资本预算,第四节 投资项目折现率的估计,项目折现率适用条件,基础理解与应用,简答应用,什么情况下可以考虑用公司当前WACC评价新项目？,,,,,项目经营风险和资本结构等与公司现有情况相适应。,若风险显著不同，应估计项目自身适用的资本成本。,167—168,176—177,2026年注册会计师全国统一考试辅导教材《财务成本管理》,,标注为所属知识节的阅读范围，不是逐题精确页码。,逐节扩充题
finance-full-05-04-002,财务成本管理,投资与价值评估,第5章 投资项目资本预算,第四节 投资项目折现率的估计,可比公司贝塔,基础理解与应用,简答应用,用可比公司贝塔估计项目风险时，为什么要调整财务杠杆？,,,,,观察到的权益贝塔同时包含经营和融资影响。,先去杠杆、再按目标结构加杠杆，才能改善可比性。,167—168,176—177,2026年注册会计师全国统一考试辅导教材《财务成本管理》,,标注为所属知识节的阅读范围，不是逐题精确页码。,逐节扩充题
finance-full-05-05-001,财务成本管理,投资与价值评估,第5章 投资项目资本预算,第五节 投资项目的敏感分析,敏感性分析,基础理解与应用,简答应用,敏感性分析通常研究什么问题？,,,,,关键变量变化会使项目评价结果怎样变化。,可寻找临界值，也可比较各变量对结果的敏感程度。,169—173,178—182,2026年注册会计师全国统一考试辅导教材《财务成本管理》,,标注为所属知识节的阅读范围，不是逐题精确页码。,逐节扩充题
finance-full-05-05-002,财务成本管理,投资与价值评估,第5章 投资项目资本预算,第五节 投资项目的敏感分析,敏感性与概率,基础理解与应用,简答应用,发现售价最敏感，是否等于售价下降的发生概率最高？,,,,,不是。,敏感程度衡量影响大小，不直接给出事件概率。,169—173,178—182,2026年注册会计师全国统一考试辅导教材《财务成本管理》,,标注为所属知识节的阅读范围，不是逐题精确页码。,逐节扩充题
finance-06-01,财务成本管理,投资与价值评估,第6章 期权价值评估,第一节 衍生工具概述,衍生工具,零基础,单选,衍生工具中的“标的资产”主要指什么？,会计账簿,市场全部商品,合同所依赖的基础资产,买方的所有财产,C,衍生合同的价值与基础资产相关，基础资产也称标的资产。,174—176,183—185,2026年注册会计师全国统一考试辅导教材《财务成本管理》,,,原有起步题
finance-06-02,财务成本管理,投资与价值评估,第6章 期权价值评估,第一节 衍生工具概述,期货合约,零基础,单选,由期货交易所统一制定的标准化合约是哪类？,普通发票,随意口头约定,期货合约,工资表,C,标准化是期货合约的重要特点，远期合同通常按双方需求定制。,174—176,183—185,2026年注册会计师全国统一考试辅导教材《财务成本管理》,,,原有起步题
finance-06-03,财务成本管理,投资与价值评估,第6章 期权价值评估,第一节 衍生工具概述,衍生工具类型,零基础,多选,哪些属于常见衍生工具？,远期合约,期货合约,互换合约,普通原材料入库单,A、B、C,远期、期货、互换和期权均是衍生工具；入库单不是衍生合同。,174—176,183—185,2026年注册会计师全国统一考试辅导教材《财务成本管理》,,,原有起步题
finance-06-04,财务成本管理,投资与价值评估,第6章 期权价值评估,第一节 衍生工具概述,远期合同,零基础,简答应用,双方现在约定三个月后按固定价格买卖一批原料，这是只约定今天立即交货吗？说明理由。,,,,,不是，它约定未来日期按事先确定的价格交易，符合远期合约的基本特征。,先区分约定时间与交割时间，不需要先掌握复杂定价公式。,174—176,183—185,2026年注册会计师全国统一考试辅导教材《财务成本管理》,,,原有起步题
finance-full-06-01-001,财务成本管理,投资与价值评估,第6章 期权价值评估,第一节 衍生工具概述,衍生工具种类,基础理解与应用,简答应用,远期、期货、期权和互换有什么共同点？,,,,,其价值依赖基础资产、利率或其他基础变量。,它们的交易安排和权利义务不同，不能相互等同。,174—176,183—185,2026年注册会计师全国统一考试辅导教材《财务成本管理》,,标注为所属知识节的阅读范围，不是逐题精确页码。,逐节扩充题
finance-full-06-01-002,财务成本管理,投资与价值评估,第6章 期权价值评估,第一节 衍生工具概述,远期与期货,基础理解与应用,简答应用,远期合约和期货合约在标准化和交易组织上有何典型区别？,,,,,远期通常个性化协商；期货通常标准化并在交易所交易。,还应关注结算、保证金和违约风险管理差异。,174—176,183—185,2026年注册会计师全国统一考试辅导教材《财务成本管理》,,标注为所属知识节的阅读范围，不是逐题精确页码。,逐节扩充题
finance-full-06-01-003,财务成本管理,投资与价值评估,第6章 期权价值评估,第一节 衍生工具概述,套期保值、投机与套利,基础理解与应用,简答应用,套期保值、投机和套利的目的有何不同？,,,,,分别侧重降低既有风险、主动承担价格风险获利、利用定价差异获利。,交易工具相同，不代表交易目的相同。,174—176,183—185,2026年注册会计师全国统一考试辅导教材《财务成本管理》,,标注为所属知识节的阅读范围，不是逐题精确页码。,逐节扩充题
finance-full-06-02-001,财务成本管理,投资与价值评估,第6章 期权价值评估,第二节 期权的概念、类型和投资策略,期权权利义务,基础理解与应用,简答应用,买入期权与卖出期权，哪方取得选择是否执行的权利？,,,,,期权买方。,买方支付期权费取得权利，卖方承担按约履行的义务。,177—187,186—196,2026年注册会计师全国统一考试辅导教材《财务成本管理》,,标注为所属知识节的阅读范围，不是逐题精确页码。,逐节扩充题
finance-full-06-02-002,财务成本管理,投资与价值评估,第6章 期权价值评估,第二节 期权的概念、类型和投资策略,看涨与看跌期权,基础理解与应用,简答应用,看涨期权与看跌期权分别赋予买方什么权利？,,,,,按约定价格买入、卖出基础资产的权利。,名称指向买方取得的权利，不是所有持仓方的收益方向。,177—187,186—196,2026年注册会计师全国统一考试辅导教材《财务成本管理》,,标注为所属知识节的阅读范围，不是逐题精确页码。,逐节扩充题
finance-full-06-02-003,财务成本管理,投资与价值评估,第6章 期权价值评估,第二节 期权的概念、类型和投资策略,欧式与美式期权,基础理解与应用,简答应用,欧式期权与美式期权的核心区别是什么？,,,,,允许执行的时间不同。,欧式通常仅在到期日执行，美式可在到期前规定期间执行。,177—187,186—196,2026年注册会计师全国统一考试辅导教材《财务成本管理》,,标注为所属知识节的阅读范围，不是逐题精确页码。,逐节扩充题
finance-full-06-02-004,财务成本管理,投资与价值评估,第6章 期权价值评估,第二节 期权的概念、类型和投资策略,看涨期权到期价值,基础理解与应用,简答应用,执行价50元，到期股价60元，看涨期权到期价值多少？若期权费3元，净损益多少？,,,,,到期价值10元；买方净损益7元。,到期价值＝max（股价－执行价，0），净损益还须扣除期权费。,177—187,186—196,2026年注册会计师全国统一考试辅导教材《财务成本管理》,,标注为所属知识节的阅读范围，不是逐题精确页码。,逐节扩充题
finance-full-06-02-005,财务成本管理,投资与价值评估,第6章 期权价值评估,第二节 期权的概念、类型和投资策略,看跌期权到期价值,基础理解与应用,简答应用,执行价50元，到期股价40元，看跌期权到期价值多少？,,,,,10元。,看跌期权到期价值＝max（执行价－股价，0）。,177—187,186—196,2026年注册会计师全国统一考试辅导教材《财务成本管理》,,标注为所属知识节的阅读范围，不是逐题精确页码。,逐节扩充题
finance-full-06-02-006,财务成本管理,投资与价值评估,第6章 期权价值评估,第二节 期权的概念、类型和投资策略,期权卖方损益,基础理解与应用,简答应用,看涨期权买方盈利7元时，对应卖方损益是多少？,,,,,亏损7元，忽略交易费用等。,同一合约双方现金流相反，但不同策略组合的总风险不只来自一个合约。,177—187,186—196,2026年注册会计师全国统一考试辅导教材《财务成本管理》,,标注为所属知识节的阅读范围，不是逐题精确页码。,逐节扩充题
finance-full-06-02-007,财务成本管理,投资与价值评估,第6章 期权价值评估,第二节 期权的概念、类型和投资策略,保护性看跌期权,基础理解与应用,简答应用,持有股票同时买入看跌期权，主要想限制哪一方向的风险？,,,,,股票价格下跌的损失。,看跌期权提供卖出价格保障，但需要支付期权费。,177—187,186—196,2026年注册会计师全国统一考试辅导教材《财务成本管理》,,标注为所属知识节的阅读范围，不是逐题精确页码。,逐节扩充题
finance-full-06-02-008,财务成本管理,投资与价值评估,第6章 期权价值评估,第二节 期权的概念、类型和投资策略,抛补性看涨期权,基础理解与应用,简答应用,持有股票并卖出看涨期权，为什么会限制上涨收益？,,,,,股价超过执行价时，卖出的看涨期权可能需履约。,收到期权费的同时放弃了部分上行空间。,177—187,186—196,2026年注册会计师全国统一考试辅导教材《财务成本管理》,,标注为所属知识节的阅读范围，不是逐题精确页码。,逐节扩充题
finance-full-06-02-009,财务成本管理,投资与价值评估,第6章 期权价值评估,第二节 期权的概念、类型和投资策略,多头对敲,基础理解与应用,简答应用,同时买入同一股票的看涨和看跌期权，通常希望价格怎样变化？,,,,,发生足够大的波动。,价格方向不是唯一重点，波动收益需超过两份期权费。,177—187,186—196,2026年注册会计师全国统一考试辅导教材《财务成本管理》,,标注为所属知识节的阅读范围，不是逐题精确页码。,逐节扩充题
finance-full-06-03-001,财务成本管理,投资与价值评估,第6章 期权价值评估,第三节 金融期权价值评估,内在价值与时间溢价,基础理解与应用,简答应用,期权价值是否只等于现在立即执行可得到的金额？,,,,,不是，还可能包含时间溢价。,未来价格变化带来的有利可能性使期权在到期前具有额外价值。,188—207,197—216,2026年注册会计师全国统一考试辅导教材《财务成本管理》,,标注为所属知识节的阅读范围，不是逐题精确页码。,逐节扩充题
finance-full-06-03-002,财务成本管理,投资与价值评估,第6章 期权价值评估,第三节 金融期权价值评估,期权价值影响因素,基础理解与应用,简答应用,基础股票波动率上升，一般会怎样影响看涨和看跌期权价值？,,,,,通常均提高期权价值。,期权买方的损失有限，而有利方向的波动增加获利机会。,188—207,197—216,2026年注册会计师全国统一考试辅导教材《财务成本管理》,,标注为所属知识节的阅读范围，不是逐题精确页码。,逐节扩充题
finance-full-06-03-003,财务成本管理,投资与价值评估,第6章 期权价值评估,第三节 金融期权价值评估,执行价格影响,基础理解与应用,简答应用,其他条件相同，提高执行价通常怎样影响看涨和看跌期权价值？,,,,,看涨价值降低，看跌价值提高。,较高买入价不利于买入权，较高卖出价有利于卖出权。,188—207,197—216,2026年注册会计师全国统一考试辅导教材《财务成本管理》,,标注为所属知识节的阅读范围，不是逐题精确页码。,逐节扩充题
finance-full-06-03-004,财务成本管理,投资与价值评估,第6章 期权价值评估,第三节 金融期权价值评估,复制原理,基础理解与应用,简答应用,期权复制组合定价的基本思路是什么？,,,,,构建与期权具有相同未来现金流的股票和借贷组合。,相同风险和现金流的资产应具有相同价值，否则可能出现套利。,188—207,197—216,2026年注册会计师全国统一考试辅导教材《财务成本管理》,,标注为所属知识节的阅读范围，不是逐题精确页码。,逐节扩充题
finance-full-06-03-005,财务成本管理,投资与价值评估,第6章 期权价值评估,第三节 金融期权价值评估,风险中性定价,基础理解与应用,简答应用,风险中性定价是否意味着现实投资者都不厌恶风险？,,,,,不是。,它是一种在适当无套利条件下使用风险中性概率与无风险利率的定价方法。,188—207,197—216,2026年注册会计师全国统一考试辅导教材《财务成本管理》,,标注为所属知识节的阅读范围，不是逐题精确页码。,逐节扩充题
finance-full-06-03-006,财务成本管理,投资与价值评估,第6章 期权价值评估,第三节 金融期权价值评估,二叉树模型,基础理解与应用,简答应用,二叉树期权定价先从到期日还是从现在确定最终收益？,,,,,先计算到期收益，再逐期向前倒推现值。,每个节点都须满足模型的定价和执行条件。,188—207,197—216,2026年注册会计师全国统一考试辅导教材《财务成本管理》,,标注为所属知识节的阅读范围，不是逐题精确页码。,逐节扩充题
finance-full-06-03-007,财务成本管理,投资与价值评估,第6章 期权价值评估,第三节 金融期权价值评估,布莱克—斯科尔斯模型,基础理解与应用,简答应用,使用布莱克—斯科尔斯模型前为何要检查分红和执行方式等假设？,,,,,模型适用范围取决于其假设，不能对所有期权无差别套用。,公式输入正确也不能弥补适用条件错误。,188—207,197—216,2026年注册会计师全国统一考试辅导教材《财务成本管理》,,标注为所属知识节的阅读范围，不是逐题精确页码。,逐节扩充题
finance-full-06-03-008,财务成本管理,投资与价值评估,第6章 期权价值评估,第三节 金融期权价值评估,看涨看跌平价,基础理解与应用,简答应用,欧式期权平价关系为什么要求基础资产、执行价和到期日一致？,,,,,只有相同条件才能构造到期现金流相同的组合。,无分红的基本关系可写为看涨价值＋执行价现值＝看跌价值＋股票现价。,188—207,197—216,2026年注册会计师全国统一考试辅导教材《财务成本管理》,,标注为所属知识节的阅读范围，不是逐题精确页码。,逐节扩充题
finance-full-06-04-001,财务成本管理,投资与价值评估,第6章 期权价值评估,第四节 实物期权价值评估,扩张期权,基础理解与应用,简答应用,项目成功后可追加投资扩大规模，为什么具有期权价值？,,,,,企业保留在有利情况下扩大投资的选择权。,静态净现值可能未充分体现后续经营灵活性。,208—217,217—226,2026年注册会计师全国统一考试辅导教材《财务成本管理》,,标注为所属知识节的阅读范围，不是逐题精确页码。,逐节扩充题
finance-full-06-04-002,财务成本管理,投资与价值评估,第6章 期权价值评估,第四节 实物期权价值评估,时机选择期权,基础理解与应用,简答应用,企业可以推迟投资并等待更多信息，这种权利可能有什么价值？,,,,,避免在信息不足时立即作出不可逆投资。,等待也可能损失现金流，不能认定推迟一定更好。,208—217,217—226,2026年注册会计师全国统一考试辅导教材《财务成本管理》,,标注为所属知识节的阅读范围，不是逐题精确页码。,逐节扩充题
finance-full-06-04-003,财务成本管理,投资与价值评估,第6章 期权价值评估,第四节 实物期权价值评估,放弃期权,基础理解与应用,简答应用,项目经营不利时可出售资产退出，如何影响下行风险？,,,,,提供退出选择，可能限制未来损失。,是否退出要比较继续经营价值和退出价值。,208—217,217—226,2026年注册会计师全国统一考试辅导教材《财务成本管理》,,标注为所属知识节的阅读范围，不是逐题精确页码。,逐节扩充题
finance-07-01,财务成本管理,投资与价值评估,第7章 企业价值评估,第一节 企业价值评估的目的和对象,估值对象,零基础,单选,企业价值评估的一般对象是什么？,仅某一天的销售额,企业整体的经济价值,仅现金余额,仅固定资产原价,B,估值把企业作为能够共同创造现金流量的整体看待。,218—220,227—229,2026年注册会计师全国统一考试辅导教材《财务成本管理》,,,原有起步题
finance-07-02,财务成本管理,投资与价值评估,第7章 企业价值评估,第一节 企业价值评估的目的和对象,整体价值,零基础,单选,企业整体价值是否必然等于各项资产价值简单相加？,必然相等,只有上市公司才相等,不必然相等,永远为零,C,各项资产有机结合后具有整体功能，不能简单把单项资产价值相加。,218—220,227—229,2026年注册会计师全国统一考试辅导教材《财务成本管理》,,,原有起步题
finance-07-03,财务成本管理,投资与价值评估,第7章 企业价值评估,第一节 企业价值评估的目的和对象,估值用途,零基础,多选,企业估值可能用于哪些事项？,收购等战略分析,以价值为基础的管理,保证股价永不变化,投资分析,A、B、D,估值帮助决策，但不能保证未来价格或企业价值不变化。,218—220,227—229,2026年注册会计师全国统一考试辅导教材《财务成本管理》,,,原有起步题
finance-07-04,财务成本管理,投资与价值评估,第7章 企业价值评估,第一节 企业价值评估的目的和对象,估值时效性,零基础,简答应用,一年前的估值报告，能不加核对地直接用于今天的收购吗？,,,,,不能，应核对企业和市场的新情况，必要时更新估值。,企业信息与市场条件变化可能改变估值结论。,218—220,227—229,2026年注册会计师全国统一考试辅导教材《财务成本管理》,,,原有起步题
finance-full-07-01-001,财务成本管理,投资与价值评估,第7章 企业价值评估,第一节 企业价值评估的目的和对象,企业整体价值,基础理解与应用,简答应用,企业整体价值是否一定等于各单项资产价值的简单相加？,,,,,不一定。,资产组合及组织协同可能产生整体经营价值。,218—223,227—232,2026年注册会计师全国统一考试辅导教材《财务成本管理》,,标注为所属知识节的阅读范围，不是逐题精确页码。,逐节扩充题
finance-full-07-01-002,财务成本管理,投资与价值评估,第7章 企业价值评估,第一节 企业价值评估的目的和对象,实体价值与股权价值,基础理解与应用,简答应用,企业实体价值1000、净债务价值300，股权价值是多少？,,,,,700。,实体价值由债权和股权等资本请求权分享，应保持净债务口径一致。,218—223,227—232,2026年注册会计师全国统一考试辅导教材《财务成本管理》,,标注为所属知识节的阅读范围，不是逐题精确页码。,逐节扩充题
finance-full-07-01-003,财务成本管理,投资与价值评估,第7章 企业价值评估,第一节 企业价值评估的目的和对象,持续经营与清算价值,基础理解与应用,简答应用,持续经营价值与清算价值分别基于什么前提？,,,,,继续经营获取现金流、结束经营处分资产。,估值前提不同，不能把两种价值直接混用。,218—223,227—232,2026年注册会计师全国统一考试辅导教材《财务成本管理》,,标注为所属知识节的阅读范围，不是逐题精确页码。,逐节扩充题
finance-full-07-01-004,财务成本管理,投资与价值评估,第7章 企业价值评估,第一节 企业价值评估的目的和对象,公平市场价值,基础理解与应用,简答应用,企业账面净资产是否就是其公平市场价值？,,,,,不是。,账面价值受历史会计计量影响，市场价值反映预期现金流和风险等因素。,218—223,227—232,2026年注册会计师全国统一考试辅导教材《财务成本管理》,,标注为所属知识节的阅读范围，不是逐题精确页码。,逐节扩充题
finance-full-07-02-001,财务成本管理,投资与价值评估,第7章 企业价值评估,第二节 企业价值评估方法,现金流与折现率匹配,基础理解与应用,简答应用,股权现金流应使用股权资本成本还是WACC折现？,,,,,股权资本成本。,实体现金流通常匹配WACC，不能混用权益与实体口径。,224—240,233—249,2026年注册会计师全国统一考试辅导教材《财务成本管理》,,标注为所属知识节的阅读范围，不是逐题精确页码。,逐节扩充题
finance-full-07-02-002,财务成本管理,投资与价值评估,第7章 企业价值评估,第二节 企业价值评估方法,永续增长终值,基础理解与应用,简答应用,进入稳定期后，终值公式分子应使用稳定期第一年还是最后一个明确预测年的现金流？,,,,,稳定期第一年的现金流。,终值＝下一期现金流÷（折现率－稳定增长率），然后折现回估值时点。,224—240,233—249,2026年注册会计师全国统一考试辅导教材《财务成本管理》,,标注为所属知识节的阅读范围，不是逐题精确页码。,逐节扩充题
finance-full-07-02-003,财务成本管理,投资与价值评估,第7章 企业价值评估,第二节 企业价值评估方法,相对价值模型,基础理解与应用,简答应用,市盈率模型适用时，为什么要比较盈利能力、增长和风险？,,,,,这些因素影响可比公司的合理市盈率。,不能仅因同行业就认定任何公司都完全可比。,224—240,233—249,2026年注册会计师全国统一考试辅导教材《财务成本管理》,,标注为所属知识节的阅读范围，不是逐题精确页码。,逐节扩充题
finance-full-07-02-004,财务成本管理,投资与价值评估,第7章 企业价值评估,第二节 企业价值评估方法,市净率模型,基础理解与应用,简答应用,净资产为负时，市净率模型是否仍容易给出有意义的估值？,,,,,通常存在明显局限。,分母异常会使比率失去通常含义，需重新选择模型。,224—240,233—249,2026年注册会计师全国统一考试辅导教材《财务成本管理》,,标注为所属知识节的阅读范围，不是逐题精确页码。,逐节扩充题
finance-full-07-02-005,财务成本管理,投资与价值评估,第7章 企业价值评估,第二节 企业价值评估方法,市销率模型,基础理解与应用,简答应用,市销率模型是否可以不考虑利润率差异？,,,,,不可以。,相同收入可能产生不同利润与现金流，收入规模不能替代盈利质量。,224—240,233—249,2026年注册会计师全国统一考试辅导教材《财务成本管理》,,标注为所属知识节的阅读范围，不是逐题精确页码。,逐节扩充题
finance-full-07-02-006,财务成本管理,投资与价值评估,第7章 企业价值评估,第二节 企业价值评估方法,预测期选择,基础理解与应用,简答应用,企业尚未稳定增长时，为何不宜立即套用永续增长模型？,,,,,当前增长、投入和利润率可能不可持续。,应先预测过渡阶段，再对稳定阶段使用合适模型。,224—240,233—249,2026年注册会计师全国统一考试辅导教材《财务成本管理》,,标注为所属知识节的阅读范围，不是逐题精确页码。,逐节扩充题
finance-08-01,财务成本管理,筹资与分配,第8章 资本结构,第一节 资本结构理论,资本结构,零基础,单选,教材通常讨论的资本结构是哪两类资本的比例？,现金与存货,长期债务资本与权益资本,销售与成本,固定资产与折旧,B,资本结构讨论长期资金来源的组合，短期负债通常放在营运资本管理中讨论。,241—243,250—252,2026年注册会计师全国统一考试辅导教材《财务成本管理》,,,原有起步题
finance-08-02,财务成本管理,筹资与分配,第8章 资本结构,第一节 资本结构理论,债务比例,零基础,单选,长期债务40万元、权益60万元，长期资本中的债务比例是多少？,60%,150%,100%,40%,D,债务比例＝40÷（40＋60）＝40%。,241—243,250—252,2026年注册会计师全国统一考试辅导教材《财务成本管理》,,,原有起步题
finance-08-03,财务成本管理,筹资与分配,第8章 资本结构,第一节 资本结构理论,资本结构基础,零基础,多选,哪些表述正确？,通常不把短期负债计入这一概念,资本结构就是产品种类结构,关注长期资金来源,可分析债务与权益的比例,A、C、D,资本结构是筹资概念，不是产品结构。,241—243,250—252,2026年注册会计师全国统一考试辅导教材《财务成本管理》,,,原有起步题
finance-08-04,财务成本管理,筹资与分配,第8章 资本结构,第一节 资本结构理论,模型假设,零基础,简答应用,有人说“无税MM理论认为资本结构与企业价值无关，所以现实中借多少都一样”。问题在哪里？,,,,,把特定假设下的理论结论直接套用到现实。现实还要考虑税收、交易成本、风险等条件。,使用理论时必须先检查假设，不能忽略适用前提。,241—243,250—252,2026年注册会计师全国统一考试辅导教材《财务成本管理》,,,原有起步题
finance-full-08-01-001,财务成本管理,筹资与分配,第8章 资本结构,第一节 资本结构理论,无税MM理论,基础理解与应用,简答应用,在无税、无交易成本等严格假设下，MM理论如何看待资本结构与企业价值？,,,,,企业价值不受资本结构影响。,结论依赖假设，并不意味着现实中的负债比例无关紧要。,241—249,250—258,2026年注册会计师全国统一考试辅导教材《财务成本管理》,,标注为所属知识节的阅读范围，不是逐题精确页码。,逐节扩充题
finance-full-08-01-002,财务成本管理,筹资与分配,第8章 资本结构,第一节 资本结构理论,有税MM理论,基础理解与应用,简答应用,考虑企业所得税且其他条件不变时，债务为何可能提高企业价值？,,,,,利息抵税形成税盾价值。,现实中还须考虑财务困境、代理成本等因素。,241—249,250—258,2026年注册会计师全国统一考试辅导教材《财务成本管理》,,标注为所属知识节的阅读范围，不是逐题精确页码。,逐节扩充题
finance-full-08-01-003,财务成本管理,筹资与分配,第8章 资本结构,第一节 资本结构理论,权衡理论,基础理解与应用,简答应用,权衡理论主要比较债务融资的哪两方面？,,,,,税盾收益与财务困境等成本。,最优负债水平不等于越高越好。,241—249,250—258,2026年注册会计师全国统一考试辅导教材《财务成本管理》,,标注为所属知识节的阅读范围，不是逐题精确页码。,逐节扩充题
finance-full-08-01-004,财务成本管理,筹资与分配,第8章 资本结构,第一节 资本结构理论,代理理论,基础理解与应用,简答应用,债务融资为何既可能约束经理，也可能引发股东与债权人的冲突？,,,,,固定偿付约束自由现金流，但也会改变风险和收益分配。,不同代理关系可能产生方向不同的影响。,241—249,250—258,2026年注册会计师全国统一考试辅导教材《财务成本管理》,,标注为所属知识节的阅读范围，不是逐题精确页码。,逐节扩充题
finance-full-08-01-005,财务成本管理,筹资与分配,第8章 资本结构,第一节 资本结构理论,优序融资理论,基础理解与应用,简答应用,优序融资理论常描述企业怎样安排融资次序？,,,,,优先内部融资，再考虑债务融资，最后考虑发行普通股。,信息不对称和融资成本等因素影响这一偏好。,241—249,250—258,2026年注册会计师全国统一考试辅导教材《财务成本管理》,,标注为所属知识节的阅读范围，不是逐题精确页码。,逐节扩充题
finance-full-08-02-001,财务成本管理,筹资与分配,第8章 资本结构,第二节 资本结构决策分析,每股收益无差别点,基础理解与应用,简答应用,EPS无差别点法主要比较什么？,,,,,不同融资方案在某一息税前利润下产生相同每股收益。,它分析EPS差异，但没有完整纳入风险和企业价值。,250—255,259—264,2026年注册会计师全国统一考试辅导教材《财务成本管理》,,标注为所属知识节的阅读范围，不是逐题精确页码。,逐节扩充题
finance-full-08-02-002,财务成本管理,筹资与分配,第8章 资本结构,第二节 资本结构决策分析,企业价值比较法,基础理解与应用,简答应用,资本结构决策为何可以比较不同方案的企业价值和WACC？,,,,,融资结构影响资本成本及整体价值。,目标是合理增加企业价值，而非孤立追求每股收益。,250—255,259—264,2026年注册会计师全国统一考试辅导教材《财务成本管理》,,标注为所属知识节的阅读范围，不是逐题精确页码。,逐节扩充题
finance-full-08-02-003,财务成本管理,筹资与分配,第8章 资本结构,第二节 资本结构决策分析,资本结构影响因素,基础理解与应用,简答应用,企业经营风险较高时，为何通常应谨慎增加财务杠杆？,,,,,经营风险与财务风险可能叠加。,稳定性、资产结构、税率、控制权等也影响资本结构选择。,250—255,259—264,2026年注册会计师全国统一考试辅导教材《财务成本管理》,,标注为所属知识节的阅读范围，不是逐题精确页码。,逐节扩充题
finance-full-08-03-001,财务成本管理,筹资与分配,第8章 资本结构,第三节 杠杆系数的衡量,经营杠杆,基础理解与应用,简答应用,固定经营成本为什么会放大销量变化对息税前利润的影响？,,,,,收入变动时固定成本不会同比变动。,经营杠杆与成本结构有关，临近保本点时通常更敏感。,256—263,265—272,2026年注册会计师全国统一考试辅导教材《财务成本管理》,,标注为所属知识节的阅读范围，不是逐题精确页码。,逐节扩充题
finance-full-08-03-002,财务成本管理,筹资与分配,第8章 资本结构,第三节 杠杆系数的衡量,经营杠杆计算,基础理解与应用,简答应用,边际贡献100、息税前利润40，经营杠杆系数多少？,,,,,2.5。,经营杠杆系数＝边际贡献÷息税前利润，适用于给定分析条件。,256—263,265—272,2026年注册会计师全国统一考试辅导教材《财务成本管理》,,标注为所属知识节的阅读范围，不是逐题精确页码。,逐节扩充题
finance-full-08-03-003,财务成本管理,筹资与分配,第8章 资本结构,第三节 杠杆系数的衡量,财务杠杆计算,基础理解与应用,简答应用,息税前利润100、利息20，无优先股等因素，财务杠杆系数多少？,,,,,1.25。,财务杠杆系数＝EBIT÷（EBIT－利息）。,256—263,265—272,2026年注册会计师全国统一考试辅导教材《财务成本管理》,,标注为所属知识节的阅读范围，不是逐题精确页码。,逐节扩充题
finance-full-08-03-004,财务成本管理,筹资与分配,第8章 资本结构,第三节 杠杆系数的衡量,联合杠杆,基础理解与应用,简答应用,经营杠杆2、财务杠杆1.5，联合杠杆多少？,,,,,3。,联合杠杆是两种杠杆的乘积，反映销量变化对每股收益的综合影响。,256—263,265—272,2026年注册会计师全国统一考试辅导教材《财务成本管理》,,标注为所属知识节的阅读范围，不是逐题精确页码。,逐节扩充题
finance-09-01,财务成本管理,筹资与分配,第9章 长期筹资,第一节 长期债务筹资,长期负债,零基础,单选,教材中长期负债通常指期限超过多久的负债？,一个月,一年,十年,一天,B,期限超过一年属于长期负债，不是所有负债都属于长期筹资。,264—266,273—275,2026年注册会计师全国统一考试辅导教材《财务成本管理》,,,原有起步题
finance-09-02,财务成本管理,筹资与分配,第9章 长期筹资,第一节 长期债务筹资,债务筹资特点,零基础,单选,与普通股筹资相比，债务筹资一般具有哪项特点？,债权人自动成为股东,永远没有限制条款,无需偿还本金,需要按约支付利息和偿还本金,D,债务通常有合同偿还及付息义务，普通股性质不同。,264—266,273—275,2026年注册会计师全国统一考试辅导教材《财务成本管理》,,,原有起步题
finance-09-03,财务成本管理,筹资与分配,第9章 长期筹资,第一节 长期债务筹资,长期债务筹资方式,零基础,多选,下列哪些属于长期债务筹资？,发行普通股,5年期银行借款,10年期公司债券,3年期金融机构借款,B、C、D,前三项属于长期借款或债券；发行普通股属于权益筹资。,264—266,273—275,2026年注册会计师全国统一考试辅导教材《财务成本管理》,,,原有起步题
finance-09-04,财务成本管理,筹资与分配,第9章 长期筹资,第一节 长期债务筹资,还款安排,零基础,简答应用,企业为长期设备借入5年期款项，为什么仍应安排还本付息计划？,,,,,期限长不代表无需偿还；到期本金和合同利息仍形成资金需求。,应把期限、利息、还款资金来源等纳入筹资管理。,264—266,273—275,2026年注册会计师全国统一考试辅导教材《财务成本管理》,,,原有起步题
finance-full-09-01-001,财务成本管理,筹资与分配,第9章 长期筹资,第一节 长期债务筹资,长期债务特点,基础理解与应用,简答应用,长期借款相对权益筹资有哪些主要优点和风险？,,,,,通常不稀释股权且成本可能较低，但有偿还和财务风险。,固定偿付义务是判断风险的重要因素。,264—269,273—278,2026年注册会计师全国统一考试辅导教材《财务成本管理》,,标注为所属知识节的阅读范围，不是逐题精确页码。,逐节扩充题
finance-full-09-01-002,财务成本管理,筹资与分配,第9章 长期筹资,第一节 长期债务筹资,借款保护条款,基础理解与应用,简答应用,贷款合同设置资金用途或财务指标限制，主要保护谁的利益？,,,,,债权人。,限制条款有助于控制贷后风险，也减少借款人的经营灵活性。,264—269,273—278,2026年注册会计师全国统一考试辅导教材《财务成本管理》,,标注为所属知识节的阅读范围，不是逐题精确页码。,逐节扩充题
finance-full-09-01-003,财务成本管理,筹资与分配,第9章 长期筹资,第一节 长期债务筹资,债券偿还安排,基础理解与应用,简答应用,一次还本、分期还本和提前赎回，对债券现金流是否相同？,,,,,不同。,偿付时点和选择权会影响风险、定价与筹资成本。,264—269,273—278,2026年注册会计师全国统一考试辅导教材《财务成本管理》,,标注为所属知识节的阅读范围，不是逐题精确页码。,逐节扩充题
finance-full-09-02-001,财务成本管理,筹资与分配,第9章 长期筹资,第二节 普通股筹资,普通股筹资特点,基础理解与应用,简答应用,发行普通股与借款相比，是否有固定到期还本义务？,,,,,普通股一般没有固定到期还本义务。,但它通常具有较高资本成本，并可能稀释控制权。,270—281,279—290,2026年注册会计师全国统一考试辅导教材《财务成本管理》,,标注为所属知识节的阅读范围，不是逐题精确页码。,逐节扩充题
finance-full-09-02-002,财务成本管理,筹资与分配,第9章 长期筹资,第二节 普通股筹资,股票发行方式,基础理解与应用,简答应用,公开发行与非公开发行主要在发行对象和程序上有何区别？,,,,,面向对象范围及应遵守的发行条件、程序不同。,不能仅按融资金额大小区分二者。,270—281,279—290,2026年注册会计师全国统一考试辅导教材《财务成本管理》,,标注为所属知识节的阅读范围，不是逐题精确页码。,逐节扩充题
finance-full-09-02-003,财务成本管理,筹资与分配,第9章 长期筹资,第二节 普通股筹资,发行价格与发行费用,基础理解与应用,简答应用,股票发行价格提高，是否必然意味着实际筹资净额按同样比例提高？,,,,,不一定，还受发行数量和费用等影响。,实际净额应结合发行价、数量和费用计算。,270—281,279—290,2026年注册会计师全国统一考试辅导教材《财务成本管理》,,标注为所属知识节的阅读范围，不是逐题精确页码。,逐节扩充题
finance-full-09-02-004,财务成本管理,筹资与分配,第9章 长期筹资,第二节 普通股筹资,配股与增发,基础理解与应用,简答应用,配股通常优先向哪类投资者发行新股？,,,,,原有股东。,配股权与原持股关系密切，应结合除权和认购条件分析。,270—281,279—290,2026年注册会计师全国统一考试辅导教材《财务成本管理》,,标注为所属知识节的阅读范围，不是逐题精确页码。,逐节扩充题
finance-full-09-02-005,财务成本管理,筹资与分配,第9章 长期筹资,第二节 普通股筹资,股权再融资与控制权,基础理解与应用,简答应用,公司增发股票，原股东不认购时，其持股比例可能怎样变化？,,,,,可能下降。,新增股份扩大总股本，融资收益与控制权稀释应一并考虑。,270—281,279—290,2026年注册会计师全国统一考试辅导教材《财务成本管理》,,标注为所属知识节的阅读范围，不是逐题精确页码。,逐节扩充题
finance-full-09-03-001,财务成本管理,筹资与分配,第9章 长期筹资,第三节 混合筹资,优先股筹资,基础理解与应用,简答应用,优先股为什么被归入混合筹资工具？,,,,,兼有某些债务和权益特征。,如股息或清偿顺序上的优先权，但具体权利取决于合同。,282—296,291—305,2026年注册会计师全国统一考试辅导教材《财务成本管理》,,标注为所属知识节的阅读范围，不是逐题精确页码。,逐节扩充题
finance-full-09-03-002,财务成本管理,筹资与分配,第9章 长期筹资,第三节 混合筹资,永续债筹资,基础理解与应用,简答应用,永续债没有固定到期日，是否就完全没有融资成本或风险？,,,,,不是。,仍需考虑付息、递延、赎回和利率重置等条款。,282—296,291—305,2026年注册会计师全国统一考试辅导教材《财务成本管理》,,标注为所属知识节的阅读范围，不是逐题精确页码。,逐节扩充题
finance-full-09-03-003,财务成本管理,筹资与分配,第9章 长期筹资,第三节 混合筹资,认股权证,基础理解与应用,简答应用,认股权证赋予持有人什么基本权利？,,,,,按规定条件在一定期间购买发行人股票。,它不等同于已经持有普通股。,282—296,291—305,2026年注册会计师全国统一考试辅导教材《财务成本管理》,,标注为所属知识节的阅读范围，不是逐题精确页码。,逐节扩充题
finance-full-09-03-004,财务成本管理,筹资与分配,第9章 长期筹资,第三节 混合筹资,可转换债券,基础理解与应用,简答应用,可转换债券与附认股权证债券的转换安排有何基本区别？,,,,,前者按约将债券转换为股票；后者的认股权与债券安排通常可区分。,分析时应分别识别债权和认股选择权的价值。,282—296,291—305,2026年注册会计师全国统一考试辅导教材《财务成本管理》,,标注为所属知识节的阅读范围，不是逐题精确页码。,逐节扩充题
finance-full-09-03-005,财务成本管理,筹资与分配,第9章 长期筹资,第三节 混合筹资,可转换债券价值,基础理解与应用,简答应用,可转换债券为什么不能只按普通债券现金流估值？,,,,,还包含转股选择权等因素。,其价值受债券价值、转换价值和相关期权条款共同影响。,282—296,291—305,2026年注册会计师全国统一考试辅导教材《财务成本管理》,,标注为所属知识节的阅读范围，不是逐题精确页码。,逐节扩充题
finance-full-09-04-001,财务成本管理,筹资与分配,第9章 长期筹资,第四节 租赁筹资,租赁融资动因,基础理解与应用,简答应用,企业为何可能选择租赁而不直接购置资产？,,,,,可改善资金安排、分配资产风险并利用税收等差异。,是否合算仍要比较全部相关现金流。,297—306,306—315,2026年注册会计师全国统一考试辅导教材《财务成本管理》,,标注为所属知识节的阅读范围，不是逐题精确页码。,逐节扩充题
finance-full-09-04-002,财务成本管理,筹资与分配,第9章 长期筹资,第四节 租赁筹资,租赁决策,基础理解与应用,简答应用,比较租赁与购买时，为什么不能只比较每年租金与折旧？,,,,,租金是现金流，折旧主要通过税收影响现金流。,还须考虑购买价、残值、税收和资金成本等因素。,297—306,306—315,2026年注册会计师全国统一考试辅导教材《财务成本管理》,,标注为所属知识节的阅读范围，不是逐题精确页码。,逐节扩充题
finance-full-09-04-003,财务成本管理,筹资与分配,第9章 长期筹资,第四节 租赁筹资,售后租回,基础理解与应用,简答应用,售后租回交易的基本经济安排是什么？,,,,,先将资产出售，再从购买方租回使用。,企业取得资金同时继续使用资产，应分析交易和融资实质。,297—306,306—315,2026年注册会计师全国统一考试辅导教材《财务成本管理》,,标注为所属知识节的阅读范围，不是逐题精确页码。,逐节扩充题
finance-10-01,财务成本管理,筹资与分配,第10章 股利分配、股票分割与股票回购,第一节 股利理论与股利政策,股利决策,零基础,单选,股利分配的核心权衡主要是哪两者？,销售单据与发票尺寸,员工年龄与工龄,当前股利支付与未来长期增长,电脑颜色与数量,C,利润用于当前分配或留存发展，会影响不同时间的收益安排。,307—309,316—318,2026年注册会计师全国统一考试辅导教材《财务成本管理》,,,原有起步题
finance-10-02,财务成本管理,筹资与分配,第10章 股利分配、股票分割与股票回购,第一节 股利理论与股利政策,股利无关论前提,零基础,单选,股利无关论建立在哪类条件下？,所有投资者均无信息,任何现实条件,完美资本市场等假设,企业必然亏损,C,该理论有无税、无发行交易费用、无信息不对称等假设。,307—309,316—318,2026年注册会计师全国统一考试辅导教材《财务成本管理》,,,原有起步题
finance-10-03,财务成本管理,筹资与分配,第10章 股利分配、股票分割与股票回购,第一节 股利理论与股利政策,理论假设,零基础,多选,哪些属于教材列举的股利无关论假设？,投资政策已经确定,不存在个人或公司所得税,不存在信息不对称,存在巨大股票发行费用,A、B、C,发行和交易费用不存在也是假设，因此巨大费用不符合其前提。,307—309,316—318,2026年注册会计师全国统一考试辅导教材《财务成本管理》,,,原有起步题
finance-10-04,财务成本管理,筹资与分配,第10章 股利分配、股票分割与股票回购,第一节 股利理论与股利政策,股利政策判断,零基础,简答应用,“公司分红越多，价值必定越高”能作为无条件结论吗？,,,,,不能。需结合投资机会、资金需要及相关市场条件，不能只看分红金额。,股利政策涉及当前现金收益和未来发展的权衡，不存在脱离条件的简单结论。,307—309,316—318,2026年注册会计师全国统一考试辅导教材《财务成本管理》,,,原有起步题
finance-full-10-01-001,财务成本管理,筹资与分配,第10章 股利分配、股票分割与股票回购,第一节 股利理论与股利政策,股利无关理论,基础理解与应用,简答应用,在严格的完善市场假设下，股利无关理论如何看待分配方式？,,,,,分配方式本身不改变公司价值。,现实中的税收、信息和交易成本可能使假设不成立。,307—315,316—324,2026年注册会计师全国统一考试辅导教材《财务成本管理》,,标注为所属知识节的阅读范围，不是逐题精确页码。,逐节扩充题
finance-full-10-01-002,财务成本管理,筹资与分配,第10章 股利分配、股票分割与股票回购,第一节 股利理论与股利政策,股利相关理论,基础理解与应用,简答应用,税差、信号和代理等观点为何认为股利政策可能影响价值？,,,,,股利会影响税后收益、信息传递或代理成本。,现实市场摩擦使分配政策具有经济后果。,307—315,316—324,2026年注册会计师全国统一考试辅导教材《财务成本管理》,,标注为所属知识节的阅读范围，不是逐题精确页码。,逐节扩充题
finance-full-10-01-003,财务成本管理,筹资与分配,第10章 股利分配、股票分割与股票回购,第一节 股利理论与股利政策,剩余股利政策,基础理解与应用,简答应用,剩余股利政策一般先满足什么，再分配股利？,,,,,先满足符合目标资本结构的投资资金需要，再分配剩余收益。,投资机会优先，不是把当年全部利润固定比例分掉。,307—315,316—324,2026年注册会计师全国统一考试辅导教材《财务成本管理》,,标注为所属知识节的阅读范围，不是逐题精确页码。,逐节扩充题
finance-full-10-01-004,财务成本管理,筹资与分配,第10章 股利分配、股票分割与股票回购,第一节 股利理论与股利政策,固定股利与固定支付率,基础理解与应用,简答应用,固定股利政策和固定股利支付率政策有何区别？,,,,,前者着重稳定每股股利；后者保持股利占收益比例相对稳定。,盈利波动时，两种政策的股利波动不同。,307—315,316—324,2026年注册会计师全国统一考试辅导教材《财务成本管理》,,标注为所属知识节的阅读范围，不是逐题精确页码。,逐节扩充题
finance-full-10-01-005,财务成本管理,筹资与分配,第10章 股利分配、股票分割与股票回购,第一节 股利理论与股利政策,低正常股利加额外股利,基础理解与应用,简答应用,“低正常股利加额外股利”如何兼顾稳定性与灵活性？,,,,,维持较低稳定股利，盈利较好时额外分配。,额外部分不宜让投资者误认为永久固定承诺。,307—315,316—324,2026年注册会计师全国统一考试辅导教材《财务成本管理》,,标注为所属知识节的阅读范围，不是逐题精确页码。,逐节扩充题
finance-full-10-01-006,财务成本管理,筹资与分配,第10章 股利分配、股票分割与股票回购,第一节 股利理论与股利政策,股利限制因素,基础理解与应用,简答应用,公司有账面利润，是否就可以不考虑现金和法律限制而分红？,,,,,不可以。,现金能力、投资机会、偿债安排及法律约束均影响股利政策。,307—315,316—324,2026年注册会计师全国统一考试辅导教材《财务成本管理》,,标注为所属知识节的阅读范围，不是逐题精确页码。,逐节扩充题
finance-full-10-02-001,财务成本管理,筹资与分配,第10章 股利分配、股票分割与股票回购,第二节 股利的种类、支付程序与分配方案,现金股利与股票股利,基础理解与应用,简答应用,股票股利是否像现金股利一样直接使公司现金流出？,,,,,不是。,股票股利通常体现权益内部调整，并增加股份数量。,316—320,325—329,2026年注册会计师全国统一考试辅导教材《财务成本管理》,,标注为所属知识节的阅读范围，不是逐题精确页码。,逐节扩充题
finance-full-10-02-002,财务成本管理,筹资与分配,第10章 股利分配、股票分割与股票回购,第二节 股利的种类、支付程序与分配方案,股利支付日期,基础理解与应用,简答应用,股利宣告日、股权登记日、除息日和支付日是否为同一个概念？,,,,,不是。,它们分别涉及宣布分配、确认资格、价格除息及实际支付。,316—320,325—329,2026年注册会计师全国统一考试辅导教材《财务成本管理》,,标注为所属知识节的阅读范围，不是逐题精确页码。,逐节扩充题
finance-full-10-02-003,财务成本管理,筹资与分配,第10章 股利分配、股票分割与股票回购,第二节 股利的种类、支付程序与分配方案,股票股利影响,基础理解与应用,简答应用,发放股票股利后，总权益必然增加吗？,,,,,不会仅因股票股利本身增加总权益。,通常只是所有者权益内部项目和股数的变化。,316—320,325—329,2026年注册会计师全国统一考试辅导教材《财务成本管理》,,标注为所属知识节的阅读范围，不是逐题精确页码。,逐节扩充题
finance-full-10-03-001,财务成本管理,筹资与分配,第10章 股利分配、股票分割与股票回购,第三节 股票分割与股票回购,股票分割,基础理解与应用,简答应用,一股拆为两股后，股东持有的公司权益比例是否自动翻倍？,,,,,不会。,股数和每股指标相应变化，持股比例通常不变。,321—325,330—334,2026年注册会计师全国统一考试辅导教材《财务成本管理》,,标注为所属知识节的阅读范围，不是逐题精确页码。,逐节扩充题
finance-full-10-03-002,财务成本管理,筹资与分配,第10章 股利分配、股票分割与股票回购,第三节 股票分割与股票回购,股票回购,基础理解与应用,简答应用,公司回购并注销股票，为什么可能提高每股收益却不保证提高总价值？,,,,,股数减少影响每股指标，但回购价格和资金机会成本影响价值。,不能把算术上的EPS提高等同于经济价值增加。,321—325,330—334,2026年注册会计师全国统一考试辅导教材《财务成本管理》,,标注为所属知识节的阅读范围，不是逐题精确页码。,逐节扩充题
finance-full-10-03-003,财务成本管理,筹资与分配,第10章 股利分配、股票分割与股票回购,第三节 股票分割与股票回购,回购动机,基础理解与应用,简答应用,股票回购可能服务于哪些目的？,,,,,调整资本结构、传递信息、满足股权激励或替代部分现金分配等。,具体动机需结合公司情况，不能仅凭回购行为下结论。,321—325,330—334,2026年注册会计师全国统一考试辅导教材《财务成本管理》,,标注为所属知识节的阅读范围，不是逐题精确页码。,逐节扩充题
finance-11-01,财务成本管理,营运资本,第11章 营运资本管理,第一节 营运资本管理策略,营运资本计算,零基础,单选,流动资产100万元，流动负债60万元，营运资本是多少？,100万元,160万元,60万元,40万元,D,营运资本＝100－60＝40万元。,326—328,335—337,2026年注册会计师全国统一考试辅导教材《财务成本管理》,,,原有起步题
finance-11-02,财务成本管理,营运资本,第11章 营运资本管理,第一节 营运资本管理策略,短缺成本,零基础,单选,因原材料不足导致停工损失，属于哪类成本的例子？,短缺成本,必然的零成本,股利,权益资本,A,流动资产投入不足可能导致缺料、停工、丢失销售机会等短缺成本。,326—328,335—337,2026年注册会计师全国统一考试辅导教材《财务成本管理》,,,原有起步题
finance-11-03,财务成本管理,营运资本,第11章 营运资本管理,第一节 营运资本管理策略,营运资本管理,零基础,多选,关于营运资本管理，哪些说法正确？,包括流动负债管理,要权衡持有成本与短缺成本,流动资产越多越好且没有代价,包括流动资产管理,A、B、D,过量持有也占用资金并增加成本，不能只追求数量更多。,326—328,335—337,2026年注册会计师全国统一考试辅导教材《财务成本管理》,,,原有起步题
finance-11-04,财务成本管理,营运资本,第11章 营运资本管理,第一节 营运资本管理策略,持有成本,零基础,简答应用,商店为避免断货买入远超需要的库存，为什么也可能不合算？,,,,,大量资金被存货占用，可能增加持有成本和机会成本。,库存不足与库存过多都有成本，应在给定经营条件下权衡。,326—328,335—337,2026年注册会计师全国统一考试辅导教材《财务成本管理》,,,原有起步题
finance-full-11-01-001,财务成本管理,营运资本,第11章 营运资本管理,第一节 营运资本管理策略,营运资本投资策略,基础理解与应用,简答应用,持有较多现金与存货的宽松策略，有什么收益和代价？,,,,,降低短缺风险，但增加资金占用与持有成本。,营运资本政策需要在流动性、风险和收益之间权衡。,326—332,335—341,2026年注册会计师全国统一考试辅导教材《财务成本管理》,,标注为所属知识节的阅读范围，不是逐题精确页码。,逐节扩充题
finance-full-11-01-002,财务成本管理,营运资本,第11章 营运资本管理,第一节 营运资本管理策略,筹资期限匹配,基础理解与应用,简答应用,长期资产主要依靠短期借款，为什么会增加风险？,,,,,短期借款到期时可能无法续借。,激进筹资可能降低成本，但提高再融资与利率风险。,326—332,335—341,2026年注册会计师全国统一考试辅导教材《财务成本管理》,,标注为所属知识节的阅读范围，不是逐题精确页码。,逐节扩充题
finance-full-11-01-003,财务成本管理,营运资本,第11章 营运资本管理,第一节 营运资本管理策略,易变现率,基础理解与应用,简答应用,易变现率反映长期资金支持流动资产的程度，较高通常说明什么？,,,,,较多流动资产由长期资金支持。,应结合经营旺季或淡季判断筹资策略，不能只看一个时点。,326—332,335—341,2026年注册会计师全国统一考试辅导教材《财务成本管理》,,标注为所属知识节的阅读范围，不是逐题精确页码。,逐节扩充题
finance-full-11-01-004,财务成本管理,营运资本,第11章 营运资本管理,第一节 营运资本管理策略,司库管理,基础理解与应用,简答应用,司库管理为什么不只是记账或付款？,,,,,它统筹资金、融资、流动性和相关风险。,资金集中管理需兼顾效率、控制和业务需求。,326—332,335—341,2026年注册会计师全国统一考试辅导教材《财务成本管理》,,标注为所属知识节的阅读范围，不是逐题精确页码。,逐节扩充题
finance-full-11-02-001,财务成本管理,营运资本,第11章 营运资本管理,第二节 现金管理,现金持有动机,基础理解与应用,简答应用,企业为何同时持有用于交易和预防意外的现金？,,,,,日常支付需要现金，收支不确定也需要缓冲。,持有现金有流动性收益，也有机会成本。,333—338,342—347,2026年注册会计师全国统一考试辅导教材《财务成本管理》,,标注为所属知识节的阅读范围，不是逐题精确页码。,逐节扩充题
finance-full-11-02-002,财务成本管理,营运资本,第11章 营运资本管理,第二节 现金管理,存货模式现金管理,基础理解与应用,简答应用,现金管理存货模式主要权衡哪两类成本？,,,,,转换成本与持有现金的机会成本。,提高每次现金补充量可减少转换次数，却增加平均现金余额。,333—338,342—347,2026年注册会计师全国统一考试辅导教材《财务成本管理》,,标注为所属知识节的阅读范围，不是逐题精确页码。,逐节扩充题
finance-full-11-02-003,财务成本管理,营运资本,第11章 营运资本管理,第二节 现金管理,随机模式控制线,基础理解与应用,简答应用,随机模式下，现金余额达到上限或下限时应怎样处理？,,,,,通过买卖有价证券把余额调整到返回线。,该模式考虑收支随机性，返回线不等于上下限的简单平均。,333—338,342—347,2026年注册会计师全国统一考试辅导教材《财务成本管理》,,标注为所属知识节的阅读范围，不是逐题精确页码。,逐节扩充题
finance-full-11-02-004,财务成本管理,营运资本,第11章 营运资本管理,第二节 现金管理,现金收支加速与延缓,基础理解与应用,简答应用,现金管理中加快收款、合理安排付款的目的是什么？,,,,,改善可支配现金与资金周转。,延缓付款应遵守合同，不能把逾期违约当作正常管理方法。,333—338,342—347,2026年注册会计师全国统一考试辅导教材《财务成本管理》,,标注为所属知识节的阅读范围，不是逐题精确页码。,逐节扩充题
finance-full-11-03-001,财务成本管理,营运资本,第11章 营运资本管理,第三节 应收款项管理,信用政策构成,基础理解与应用,简答应用,企业信用政策通常包括哪三项？,,,,,信用标准、信用条件和收账政策。,分别决定向谁赊销、如何付款及如何催收。,339—344,348—353,2026年注册会计师全国统一考试辅导教材《财务成本管理》,,标注为所属知识节的阅读范围，不是逐题精确页码。,逐节扩充题
finance-full-11-03-002,财务成本管理,营运资本,第11章 营运资本管理,第三节 应收款项管理,应收账款机会成本,基础理解与应用,简答应用,应收账款占用资金为什么有机会成本？,,,,,被占用资金不能用于其他有收益的用途。,计算时应注意平均余额、变动成本比例和资本成本的口径。,339—344,348—353,2026年注册会计师全国统一考试辅导教材《财务成本管理》,,标注为所属知识节的阅读范围，不是逐题精确页码。,逐节扩充题
finance-full-11-03-003,财务成本管理,营运资本,第11章 营运资本管理,第三节 应收款项管理,现金折扣决策,基础理解与应用,简答应用,放宽现金折扣是否只需看销售增加额？,,,,,不是，还要比较折扣成本、坏账、收账和资金占用的变化。,采用增量收益与增量成本比较。,339—344,348—353,2026年注册会计师全国统一考试辅导教材《财务成本管理》,,标注为所属知识节的阅读范围，不是逐题精确页码。,逐节扩充题
finance-full-11-03-004,财务成本管理,营运资本,第11章 营运资本管理,第三节 应收款项管理,账龄与坏账风险,基础理解与应用,简答应用,应收账款账龄变长，为什么需要进一步检查？,,,,,可能表明回收延迟或信用风险增加。,账龄分析是风险信号，不能单凭账龄自动认定全部无法收回。,339—344,348—353,2026年注册会计师全国统一考试辅导教材《财务成本管理》,,标注为所属知识节的阅读范围，不是逐题精确页码。,逐节扩充题
finance-full-11-04-001,财务成本管理,营运资本,第11章 营运资本管理,第四节 存货管理,存货相关成本,基础理解与应用,简答应用,存货决策通常考虑哪些成本？,,,,,取得、储存和缺货等成本。,应区分随订货批量改变的成本与固定成本。,345—352,354—361,2026年注册会计师全国统一考试辅导教材《财务成本管理》,,标注为所属知识节的阅读范围，不是逐题精确页码。,逐节扩充题
finance-full-11-04-002,财务成本管理,营运资本,第11章 营运资本管理,第四节 存货管理,经济订货量,基础理解与应用,简答应用,年需求10000件、每次订货成本50元、每件年储存成本2元，基本EOQ是多少？,,,,,约707件。,EOQ＝√（2×年需求×每次订货成本÷单位年储存成本）。,345—352,354—361,2026年注册会计师全国统一考试辅导教材《财务成本管理》,,标注为所属知识节的阅读范围，不是逐题精确页码。,逐节扩充题
finance-full-11-04-003,财务成本管理,营运资本,第11章 营运资本管理,第四节 存货管理,再订货点,基础理解与应用,简答应用,每日耗用20件，交货期5天，不考虑保险储备，再订货点是多少？,,,,,100件。,再订货点覆盖订货至到货期间的预计需求。,345—352,354—361,2026年注册会计师全国统一考试辅导教材《财务成本管理》,,标注为所属知识节的阅读范围，不是逐题精确页码。,逐节扩充题
finance-full-11-04-004,财务成本管理,营运资本,第11章 营运资本管理,第四节 存货管理,保险储备,基础理解与应用,简答应用,增加保险储备是否一定使总相关成本下降？,,,,,不一定。,缺货成本可能下降，但储存成本上升，应综合权衡。,345—352,354—361,2026年注册会计师全国统一考试辅导教材《财务成本管理》,,标注为所属知识节的阅读范围，不是逐题精确页码。,逐节扩充题
finance-full-11-04-005,财务成本管理,营运资本,第11章 营运资本管理,第四节 存货管理,数量折扣,基础理解与应用,简答应用,供应商提供数量折扣时，是否仍可只比较订货成本与储存成本？,,,,,不可以，还要考虑采购成本。,采购价格随数量变化时，必须比较各可行方案的总相关成本。,345—352,354—361,2026年注册会计师全国统一考试辅导教材《财务成本管理》,,标注为所属知识节的阅读范围，不是逐题精确页码。,逐节扩充题
finance-full-11-04-006,财务成本管理,营运资本,第11章 营运资本管理,第四节 存货管理,陆续供应与使用,基础理解与应用,简答应用,货物一边到达一边使用，为什么平均库存可能低于一次全部到货的情况？,,,,,补货过程中已消耗部分库存。,经济批量模型应与实际补货方式一致。,345—352,354—361,2026年注册会计师全国统一考试辅导教材《财务成本管理》,,标注为所属知识节的阅读范围，不是逐题精确页码。,逐节扩充题
finance-full-11-05-001,财务成本管理,营运资本,第11章 营运资本管理,第五节 短期债务管理,商业信用,基础理解与应用,简答应用,赊购商品形成应付账款，为什么也是一种融资？,,,,,企业先取得商品，延后支付货款。,它为经营提供短期资金，但可能存在放弃折扣的隐含成本。,353—359,362—368,2026年注册会计师全国统一考试辅导教材《财务成本管理》,,标注为所属知识节的阅读范围，不是逐题精确页码。,逐节扩充题
finance-full-11-05-002,财务成本管理,营运资本,第11章 营运资本管理,第五节 短期债务管理,放弃现金折扣成本,基础理解与应用,简答应用,放弃现金折扣的成本为什么不能只看折扣百分比？,,,,,还要考虑折扣期与最终付款期之间的资金使用天数。,将短期成本年化后，隐含融资成本可能较高。,353—359,362—368,2026年注册会计师全国统一考试辅导教材《财务成本管理》,,标注为所属知识节的阅读范围，不是逐题精确页码。,逐节扩充题
finance-full-11-05-003,财务成本管理,营运资本,第11章 营运资本管理,第五节 短期债务管理,补偿性余额,基础理解与应用,简答应用,借款100万元，须保留20万元不可使用的补偿余额，按全部借款支付利息，实际资金成本有何变化？,,,,,相对于可使用的80万元，实际资金成本提高。,名义利率的分母与实际可用资金不同。,353—359,362—368,2026年注册会计师全国统一考试辅导教材《财务成本管理》,,标注为所属知识节的阅读范围，不是逐题精确页码。,逐节扩充题
finance-full-11-05-004,财务成本管理,营运资本,第11章 营运资本管理,第五节 短期债务管理,短期借款付息方式,基础理解与应用,简答应用,贴现法收息与到期付息，名义利率相同时实际成本是否一定相同？,,,,,不同。,预扣利息减少实际收到的资金，提高实际成本。,353—359,362—368,2026年注册会计师全国统一考试辅导教材《财务成本管理》,,标注为所属知识节的阅读范围，不是逐题精确页码。,逐节扩充题
finance-12-01,财务成本管理,成本核算,第12章 成本管理会计的基础概念和基本理论,第一节 成本概念与分类,成本对象,零基础,单选,企业计算某型号产品成本，该型号产品在这里称为什么？,成本对象,融资工具,资本结构,法定税率,A,成本对象是需要计算成本的特定对象，可以是产品、服务、部门等。,360—362,369—371,2026年注册会计师全国统一考试辅导教材《财务成本管理》,,,原有起步题
finance-12-02,财务成本管理,成本核算,第12章 成本管理会计的基础概念和基本理论,第一节 成本概念与分类,直接成本,零基础,单选,某材料可经济合理地直接追溯到一项产品，通常属于该产品的什么成本？,直接成本,无关成本必然成立,非成本,间接成本,A,能合理直接追溯到对象，是直接成本的重要判断依据。,360—362,369—371,2026年注册会计师全国统一考试辅导教材《财务成本管理》,,,原有起步题
finance-12-03,财务成本管理,成本核算,第12章 成本管理会计的基础概念和基本理论,第一节 成本概念与分类,成本对象范围,零基础,多选,哪些可以成为成本对象？,顾客,只有实物产品才可以,服务,部门,A、C、D,成本计算服务不同目的，成本对象不局限于实物产品。,360—362,369—371,2026年注册会计师全国统一考试辅导教材《财务成本管理》,,,原有起步题
finance-12-04,财务成本管理,成本核算,第12章 成本管理会计的基础概念和基本理论,第一节 成本概念与分类,不同目的不同成本,零基础,简答应用,为什么编报用的产品成本，与为某项经营决策计算的成本可能不同？,,,,,两者服务的目的不同，采用的成本范围和分类也可能不同。,教材强调先明确目的，再选择合适的成本概念。,360—362,369—371,2026年注册会计师全国统一考试辅导教材《财务成本管理》,,,原有起步题
finance-full-12-01-001,财务成本管理,成本核算,第12章 成本管理会计的基础概念和基本理论,第一节 成本概念与分类,成本对象,基础理解与应用,简答应用,“同一笔支出是直接成本还是间接成本”为什么要先明确成本对象？,,,,,直接或间接是相对于特定成本对象而言的。,对车间可直接归集的费用，对单个产品可能仍需分配。,360—363,369—372,2026年注册会计师全国统一考试辅导教材《财务成本管理》,,标注为所属知识节的阅读范围，不是逐题精确页码。,逐节扩充题
finance-full-12-01-002,财务成本管理,成本核算,第12章 成本管理会计的基础概念和基本理论,第一节 成本概念与分类,固定与变动成本,基础理解与应用,简答应用,业务量增加时，固定成本总额与单位固定成本通常怎样变化？,,,,,相关范围内总额不变，单位固定成本下降。,成本习性结论有时间和业务量范围限制。,360—363,369—372,2026年注册会计师全国统一考试辅导教材《财务成本管理》,,标注为所属知识节的阅读范围，不是逐题精确页码。,逐节扩充题
finance-full-12-01-003,财务成本管理,成本核算,第12章 成本管理会计的基础概念和基本理论,第一节 成本概念与分类,产品与期间成本,基础理解与应用,简答应用,产品成本与期间成本的确认路径有什么区别？,,,,,产品成本先计入存货等，销售时结转；期间成本计入相应期间损益。,分类影响利润确认时间，不改变支出本身。,360—363,369—372,2026年注册会计师全国统一考试辅导教材《财务成本管理》,,标注为所属知识节的阅读范围，不是逐题精确页码。,逐节扩充题
finance-full-12-01-004,财务成本管理,成本核算,第12章 成本管理会计的基础概念和基本理论,第一节 成本概念与分类,机会与沉没成本,基础理解与应用,简答应用,决策中应重点考虑哪一种：沉没成本还是机会成本？,,,,,机会成本。,沉没成本已发生且不随决策改变；机会成本是放弃的可得利益。,360—363,369—372,2026年注册会计师全国统一考试辅导教材《财务成本管理》,,标注为所属知识节的阅读范围，不是逐题精确页码。,逐节扩充题
finance-full-12-02-001,财务成本管理,成本核算,第12章 成本管理会计的基础概念和基本理论,第二节 管理决策与成本管理会计,管理决策过程,基础理解与应用,简答应用,管理决策为何需要“选择方案后跟踪评价”？,,,,,实际环境和执行结果可能与预测不同。,反馈用于调整决策，并检验原有假设。,364—365,373—374,2026年注册会计师全国统一考试辅导教材《财务成本管理》,,标注为所属知识节的阅读范围，不是逐题精确页码。,逐节扩充题
finance-full-12-02-002,财务成本管理,成本核算,第12章 成本管理会计的基础概念和基本理论,第二节 管理决策与成本管理会计,价值链与成本管理,基础理解与应用,简答应用,成本管理为什么不应只关注生产车间？,,,,,研发、采购、销售、售后等环节也影响全生命周期价值与成本。,局部节省可能增加其他环节成本。,364—365,373—374,2026年注册会计师全国统一考试辅导教材《财务成本管理》,,标注为所属知识节的阅读范围，不是逐题精确页码。,逐节扩充题
finance-full-12-02-003,财务成本管理,成本核算,第12章 成本管理会计的基础概念和基本理论,第二节 管理决策与成本管理会计,成本效益与行为影响,基础理解与应用,简答应用,增加成本信息精度是否一定值得？,,,,,不一定。,需比较信息收益与获取成本，并考虑指标对员工行为的影响。,364—365,373—374,2026年注册会计师全国统一考试辅导教材《财务成本管理》,,标注为所属知识节的阅读范围，不是逐题精确页码。,逐节扩充题
finance-full-12-03-001,财务成本管理,成本核算,第12章 成本管理会计的基础概念和基本理论,第三节 环境变化对成本管理会计的影响,ESG与成本核算,基础理解与应用,简答应用,环境治理支出为什么可能需要纳入更完整的成本分析？,,,,,它会影响资源消耗、合规风险和长期价值。,仅看传统制造成本可能遗漏重要经济后果。,366—368,375—377,2026年注册会计师全国统一考试辅导教材《财务成本管理》,,标注为所属知识节的阅读范围，不是逐题精确页码。,逐节扩充题
finance-full-12-03-002,财务成本管理,成本核算,第12章 成本管理会计的基础概念和基本理论,第三节 环境变化对成本管理会计的影响,数字化成本管理,基础理解与应用,简答应用,实时数据为何有助于成本控制，又不能保证结果正确？,,,,,它提高反馈速度，但仍依赖数据质量、模型和管理行动。,数字化不能替代合理的成本对象与分配逻辑。,366—368,375—377,2026年注册会计师全国统一考试辅导教材《财务成本管理》,,标注为所属知识节的阅读范围，不是逐题精确页码。,逐节扩充题
finance-full-12-03-003,财务成本管理,成本核算,第12章 成本管理会计的基础概念和基本理论,第三节 环境变化对成本管理会计的影响,全球竞争与成本管理,基础理解与应用,简答应用,全球竞争加强时，成本管理为何要兼顾质量、交付和创新？,,,,,单纯压低短期成本可能损害整体竞争力。,成本与客户价值需要结合分析。,366—368,375—377,2026年注册会计师全国统一考试辅导教材《财务成本管理》,,标注为所属知识节的阅读范围，不是逐题精确页码。,逐节扩充题
finance-13-01,财务成本管理,成本核算,第13章 产品成本计算,第一节 产品成本的归集和分配,直接材料,零基础,单选,构成产品实体的主要原材料，一般归入什么成本项目？,直接材料成本,财务费用,股利支出,销售费用,A,用于形成产品实体的主要材料通常计入直接材料成本。,369—371,378—380,2026年注册会计师全国统一考试辅导教材《财务成本管理》,,,原有起步题
finance-13-02,财务成本管理,成本核算,第13章 产品成本计算,第一节 产品成本的归集和分配,固定资产用料,零基础,单选,专用于建造企业自用厂房的材料，应直接计入当期产品成本吗？,不应，应构成相应固定资产成本,只能计入销售费用,应全部计入,只要买了材料就计入,A,材料用途决定归属，建造固定资产的用料不属于当期产品生产成本。,369—371,378—380,2026年注册会计师全国统一考试辅导教材《财务成本管理》,,,原有起步题
finance-13-03,财务成本管理,成本核算,第13章 产品成本计算,第一节 产品成本的归集和分配,期间费用,零基础,多选,哪些通常属于期间费用？,构成产品实体的直接材料,管理费用,销售费用,财务费用,B、C、D,前三项通常属于非生产费用；直接材料通常属于产品成本。,369—371,378—380,2026年注册会计师全国统一考试辅导教材《财务成本管理》,,,原有起步题
finance-13-04,财务成本管理,成本核算,第13章 产品成本计算,第一节 产品成本的归集和分配,成本分类,零基础,简答应用,生产产品耗用的原料与销售部门领用的办公用品，能否不分用途全部计入直接材料成本？,,,,,不能。生产用原料可能计入直接材料，销售部门办公用品通常归入销售费用。,成本归集需要先判断实际用途，不能只按物品名称处理。,369—371,378—380,2026年注册会计师全国统一考试辅导教材《财务成本管理》,,,原有起步题
finance-full-13-01-001,财务成本管理,成本核算,第13章 产品成本计算,第一节 产品成本的归集和分配,生产费用归集,基础理解与应用,简答应用,直接材料、直接人工和制造费用，哪些通常需要按合理标准分配？,,,,,不能直接归属特定产品的费用需要分配。,“制造费用”尤其需要选择合理分配基础。,369—385,378—394,2026年注册会计师全国统一考试辅导教材《财务成本管理》,,标注为所属知识节的阅读范围，不是逐题精确页码。,逐节扩充题
finance-full-13-01-002,财务成本管理,成本核算,第13章 产品成本计算,第一节 产品成本的归集和分配,制造费用分配率,基础理解与应用,简答应用,待分配制造费用6000元，总工时300小时，某产品耗用40小时，应分配多少？,,,,,800元。,分配率20元/小时，乘该产品40小时。,369—385,378—394,2026年注册会计师全国统一考试辅导教材《财务成本管理》,,标注为所属知识节的阅读范围，不是逐题精确页码。,逐节扩充题
finance-full-13-01-003,财务成本管理,成本核算,第13章 产品成本计算,第一节 产品成本的归集和分配,辅助生产费用,基础理解与应用,简答应用,直接分配法与交互分配法处理辅助车间相互服务时有何不同？,,,,,前者一般不分配辅助车间相互服务，后者先交互分配。,服务关系显著时，方法选择会影响分配结果。,369—385,378—394,2026年注册会计师全国统一考试辅导教材《财务成本管理》,,标注为所属知识节的阅读范围，不是逐题精确页码。,逐节扩充题
finance-full-13-01-004,财务成本管理,成本核算,第13章 产品成本计算,第一节 产品成本的归集和分配,约当产量,基础理解与应用,简答应用,期末在产品100件、加工程度40%，加工费约当产量是多少？,,,,,40件。,材料投入程度可能与加工完工程度不同，需分别计算。,369—385,378—394,2026年注册会计师全国统一考试辅导教材《财务成本管理》,,标注为所属知识节的阅读范围，不是逐题精确页码。,逐节扩充题
finance-full-13-01-005,财务成本管理,成本核算,第13章 产品成本计算,第一节 产品成本的归集和分配,完工与在产品分配,基础理解与应用,简答应用,材料在开工时一次投入，在产品材料约当产量是否仍按加工进度折算？,,,,,通常不按加工进度折算。,材料已经全部投入，材料成本与加工成本应使用各自的约当产量。,369—385,378—394,2026年注册会计师全国统一考试辅导教材《财务成本管理》,,标注为所属知识节的阅读范围，不是逐题精确页码。,逐节扩充题
finance-full-13-01-006,财务成本管理,成本核算,第13章 产品成本计算,第一节 产品成本的归集和分配,联产品成本,基础理解与应用,简答应用,联合生产分离点以前的共同成本为何不能直接由单一联产品承担？,,,,,这些成本共同服务于多个联产品。,通常需要采用适当方法分配联合成本。,369—385,378—394,2026年注册会计师全国统一考试辅导教材《财务成本管理》,,标注为所属知识节的阅读范围，不是逐题精确页码。,逐节扩充题
finance-full-13-01-007,财务成本管理,成本核算,第13章 产品成本计算,第一节 产品成本的归集和分配,副产品处理,基础理解与应用,简答应用,副产品价值较低时，为什么可能采用简化成本计算？,,,,,详细分配的收益可能小于计算成本。,简化仍需遵循合理、一贯的处理原则。,369—385,378—394,2026年注册会计师全国统一考试辅导教材《财务成本管理》,,标注为所属知识节的阅读范围，不是逐题精确页码。,逐节扩充题
finance-full-13-02-001,财务成本管理,成本核算,第13章 产品成本计算,第二节 产品成本计算的品种法,品种法适用,基础理解与应用,简答应用,大量大批单步骤生产，通常适用哪类产品成本计算方法？,,,,,品种法。,主要按产品品种归集和计算成本。,386—387,395—396,2026年注册会计师全国统一考试辅导教材《财务成本管理》,,标注为所属知识节的阅读范围，不是逐题精确页码。,逐节扩充题
finance-full-13-02-002,财务成本管理,成本核算,第13章 产品成本计算,第二节 产品成本计算的品种法,品种法成本期,基础理解与应用,简答应用,品种法成本计算期通常与生产周期完全一致吗？,,,,,不一定，通常按月定期计算。,期末存在在产品时，仍需在完工产品与在产品间分配成本。,386—387,395—396,2026年注册会计师全国统一考试辅导教材《财务成本管理》,,标注为所属知识节的阅读范围，不是逐题精确页码。,逐节扩充题
finance-full-13-03-001,财务成本管理,成本核算,第13章 产品成本计算,第三节 产品成本计算的分批法,分批法适用,基础理解与应用,简答应用,单件、小批生产且按订单组织生产，通常适用什么方法？,,,,,分批法。,按产品批别或订单归集成本。,388—389,397—398,2026年注册会计师全国统一考试辅导教材《财务成本管理》,,标注为所属知识节的阅读范围，不是逐题精确页码。,逐节扩充题
finance-full-13-03-002,财务成本管理,成本核算,第13章 产品成本计算,第三节 产品成本计算的分批法,分批法与完工时间,基础理解与应用,简答应用,分批法中不同订单在不同月份完工，成本计算是否必须同一天结束？,,,,,不是。,成本计算期通常与生产周期相配合。,388—389,397—398,2026年注册会计师全国统一考试辅导教材《财务成本管理》,,标注为所属知识节的阅读范围，不是逐题精确页码。,逐节扩充题
finance-full-13-04-001,财务成本管理,成本核算,第13章 产品成本计算,第四节 产品成本计算的分步法,逐步结转分步法,基础理解与应用,简答应用,逐步结转分步法为何需要结转半成品成本？,,,,,为了逐步骤反映半成品及最终产品成本。,可根据管理需要使用综合或分项结转。,390—396,399—405,2026年注册会计师全国统一考试辅导教材《财务成本管理》,,标注为所属知识节的阅读范围，不是逐题精确页码。,逐节扩充题
finance-full-13-04-002,财务成本管理,成本核算,第13章 产品成本计算,第四节 产品成本计算的分步法,成本还原,基础理解与应用,简答应用,综合结转后，为什么有时需要进行成本还原？,,,,,最终产品中的半成品综合成本掩盖了原始成本项目构成。,还原用于恢复材料、人工等原始成本结构。,390—396,399—405,2026年注册会计师全国统一考试辅导教材《财务成本管理》,,标注为所属知识节的阅读范围，不是逐题精确页码。,逐节扩充题
finance-full-13-04-003,财务成本管理,成本核算,第13章 产品成本计算,第四节 产品成本计算的分步法,平行结转分步法,基础理解与应用,简答应用,平行结转分步法是否逐步计算并结转各步骤半成品成本？,,,,,不是。,各步骤计算应计入最终产成品的成本份额，再平行汇总。,390—396,399—405,2026年注册会计师全国统一考试辅导教材《财务成本管理》,,标注为所属知识节的阅读范围，不是逐题精确页码。,逐节扩充题
finance-full-13-04-004,财务成本管理,成本核算,第13章 产品成本计算,第四节 产品成本计算的分步法,广义在产品,基础理解与应用,简答应用,平行结转下“在产品”为什么可能包括已转入后续步骤的半成品？,,,,,它尚未成为最终产成品。,其范围基于最终完工状态，而不只看本步骤是否加工完毕。,390—396,399—405,2026年注册会计师全国统一考试辅导教材《财务成本管理》,,标注为所属知识节的阅读范围，不是逐题精确页码。,逐节扩充题
finance-14-01,财务成本管理,成本核算,第14章 标准成本法,第一节 标准成本及其制定,单位标准成本,零基础,单选,每件产品标准耗料2千克，标准单价5元，单位材料标准成本是多少？,7元,10元,2元,5元,B,单位标准成本＝2×5＝10元。,397—399,406—408,2026年注册会计师全国统一考试辅导教材《财务成本管理》,,,原有起步题
finance-14-02,财务成本管理,成本核算,第14章 标准成本法,第一节 标准成本及其制定,标准成本总额,零基础,单选,实际产量100件，单位标准成本8元，标准成本总额是多少？,100元,800元,108元,8元,B,总额＝实际产量×单位标准成本＝100×8＝800元。,397—399,406—408,2026年注册会计师全国统一考试辅导教材《财务成本管理》,,,原有起步题
finance-14-03,财务成本管理,成本核算,第14章 标准成本法,第一节 标准成本及其制定,标准成本法步骤,零基础,多选,实施标准成本法一般包括哪些工作？,制定标准成本,汇总实际成本,分析差异原因,把所有差异直接忽略,A、B、C,比较标准与实际并分析差异，才能支持成本控制。,397—399,406—408,2026年注册会计师全国统一考试辅导教材《财务成本管理》,,,原有起步题
finance-14-04,财务成本管理,成本核算,第14章 标准成本法,第一节 标准成本及其制定,成本差异起步,零基础,简答应用,某批产品标准成本总额500元，实际成本550元，实际比标准多多少？下一步应做什么？,,,,,多50元；继续分析成本差异的原因。,550－500＝50。发现差异不等于已经查清责任，需要进一步分析。,397—399,406—408,2026年注册会计师全国统一考试辅导教材《财务成本管理》,,,原有起步题
finance-full-14-01-001,财务成本管理,成本核算,第14章 标准成本法,第一节 标准成本及其制定,理想与正常标准成本,基础理解与应用,简答应用,正常标准成本是否要求完全没有任何损耗和停工？,,,,,不是。,正常标准允许正常、不可避免的合理损耗，理想标准更严格。,397—402,406—411,2026年注册会计师全国统一考试辅导教材《财务成本管理》,,标注为所属知识节的阅读范围，不是逐题精确页码。,逐节扩充题
finance-full-14-01-002,财务成本管理,成本核算,第14章 标准成本法,第一节 标准成本及其制定,标准成本构成,基础理解与应用,简答应用,直接材料标准成本如何计算？,,,,,标准用量×标准价格。,直接人工类似地由标准工时与标准工资率计算。,397—402,406—411,2026年注册会计师全国统一考试辅导教材《财务成本管理》,,标注为所属知识节的阅读范围，不是逐题精确页码。,逐节扩充题
finance-full-14-01-003,财务成本管理,成本核算,第14章 标准成本法,第一节 标准成本及其制定,标准制造费用,基础理解与应用,简答应用,制定固定制造费用标准分配率时，为什么要确定标准产能？,,,,,固定费用总额需要按一定产能基础分配。,产能口径影响单位标准费用和后续差异分析。,397—402,406—411,2026年注册会计师全国统一考试辅导教材《财务成本管理》,,标注为所属知识节的阅读范围，不是逐题精确页码。,逐节扩充题
finance-full-14-02-001,财务成本管理,成本核算,第14章 标准成本法,第二节 标准成本的差异分析,材料价格差异,基础理解与应用,简答应用,实际用量100、实际价12、标准价10，材料价格差异多少？,,,,,200的不利差异。,价格差异＝实际用量×（实际价－标准价）。,403—407,412—416,2026年注册会计师全国统一考试辅导教材《财务成本管理》,,标注为所属知识节的阅读范围，不是逐题精确页码。,逐节扩充题
finance-full-14-02-002,财务成本管理,成本核算,第14章 标准成本法,第二节 标准成本的差异分析,材料数量差异,基础理解与应用,简答应用,实际用量100、实际产量标准用量90、标准价10，数量差异多少？,,,,,100的不利差异。,数量差异＝（实际用量－标准用量）×标准价格。,403—407,412—416,2026年注册会计师全国统一考试辅导教材《财务成本管理》,,标注为所属知识节的阅读范围，不是逐题精确页码。,逐节扩充题
finance-full-14-02-003,财务成本管理,成本核算,第14章 标准成本法,第二节 标准成本的差异分析,人工工资率与效率差异,基础理解与应用,简答应用,人工差异为什么要拆成工资率和效率差异？,,,,,分别观察每小时价格与耗用工时的影响。,效率差异采用标准工资率计价，避免重复计算价格影响。,403—407,412—416,2026年注册会计师全国统一考试辅导教材《财务成本管理》,,标注为所属知识节的阅读范围，不是逐题精确页码。,逐节扩充题
finance-full-14-02-004,财务成本管理,成本核算,第14章 标准成本法,第二节 标准成本的差异分析,变动制造费用差异,基础理解与应用,简答应用,变动制造费用差异一般分为哪两部分？,,,,,耗费差异和效率差异。,分别反映分配率及工时耗用偏离标准的影响。,403—407,412—416,2026年注册会计师全国统一考试辅导教材《财务成本管理》,,标注为所属知识节的阅读范围，不是逐题精确页码。,逐节扩充题
finance-full-14-02-005,财务成本管理,成本核算,第14章 标准成本法,第二节 标准成本的差异分析,固定制造费用二因素,基础理解与应用,简答应用,固定制造费用二因素分析通常区分哪两项？,,,,,耗费差异和能量差异。,耗费看实际支出与预算，能量看实际产量标准工时与标准产能的差异。,403—407,412—416,2026年注册会计师全国统一考试辅导教材《财务成本管理》,,标注为所属知识节的阅读范围，不是逐题精确页码。,逐节扩充题
finance-full-14-02-006,财务成本管理,成本核算,第14章 标准成本法,第二节 标准成本的差异分析,固定制造费用三因素,基础理解与应用,简答应用,三因素分析将能量差异进一步区分为什么？,,,,,闲置能量差异和效率差异。,这有助于区分产能使用不足与生产效率问题。,403—407,412—416,2026年注册会计师全国统一考试辅导教材《财务成本管理》,,标注为所属知识节的阅读范围，不是逐题精确页码。,逐节扩充题
finance-15-01,财务成本管理,成本核算,第15章 作业成本法和生命周期成本法,第一节 作业成本法的概念与特点,作业成本法思路,零基础,单选,作业成本法首先按什么归集相关成本？,客户手机品牌,经营活动中的作业,员工姓氏,产品售价排名,B,先识别作业及其耗用的资源，再向消耗作业的产品或服务分配。,408—410,417—419,2026年注册会计师全国统一考试辅导教材《财务成本管理》,,,原有起步题
finance-15-02,财务成本管理,成本核算,第15章 作业成本法和生命周期成本法,第一节 作业成本法的概念与特点,制造费用分配,零基础,单选,为什么所有制造费用都只按产量分配可能失真？,产量永远不影响任何成本,有些费用与批次等因素有关,制造费用不存在,产品无需任何作业,B,不是所有制造费用都由产量驱动，某些与批次、准备等活动有关。,408—410,417—419,2026年注册会计师全国统一考试辅导教材《财务成本管理》,,,原有起步题
finance-15-03,财务成本管理,成本核算,第15章 作业成本法和生命周期成本法,第一节 作业成本法的概念与特点,作业与资源,零基础,多选,哪些符合教材介绍的作业成本观念？,产品消耗作业,关注成本发生的因果关系,任何费用都只由产量一个因素决定,作业消耗资源,A、B、D,作业成本法用更恰当的成本动因改进间接成本分配。,408—410,417—419,2026年注册会计师全国统一考试辅导教材《财务成本管理》,,,原有起步题
finance-15-04,财务成本管理,成本核算,第15章 作业成本法和生命周期成本法,第一节 作业成本法的概念与特点,批次与产量,零基础,简答应用,A、B产品产量相同，但A需更多次生产准备。为什么准备成本未必应平均分配？,,,,,准备成本可能主要由准备次数等作业量驱动，A消耗更多相关作业。,这说明分配标准应尽量反映成本形成原因，而不只是看产品数量。,408—410,417—419,2026年注册会计师全国统一考试辅导教材《财务成本管理》,,,原有起步题
finance-full-15-01-001,财务成本管理,成本核算,第15章 作业成本法和生命周期成本法,第一节 作业成本法的概念与特点,作业成本法逻辑,基础理解与应用,简答应用,作业成本法的两阶段成本分配逻辑是什么？,,,,,资源耗费分配到作业，再将作业成本分配到产品等成本对象。,核心是资源由作业消耗、作业由产品等需求引起。,408—411,417—420,2026年注册会计师全国统一考试辅导教材《财务成本管理》,,标注为所属知识节的阅读范围，不是逐题精确页码。,逐节扩充题
finance-full-15-01-002,财务成本管理,成本核算,第15章 作业成本法和生命周期成本法,第一节 作业成本法的概念与特点,成本动因,基础理解与应用,简答应用,资源动因与作业动因分别用于哪一阶段？,,,,,资源到作业、作业到产品。,动因应合理反映成本发生和消耗关系。,408—411,417—420,2026年注册会计师全国统一考试辅导教材《财务成本管理》,,标注为所属知识节的阅读范围，不是逐题精确页码。,逐节扩充题
finance-full-15-01-003,财务成本管理,成本核算,第15章 作业成本法和生命周期成本法,第一节 作业成本法的概念与特点,作业层次,基础理解与应用,简答应用,单位级、批次级、品种级和生产维持级作业有何差异？,,,,,分别随产量、批次、产品品种或整体生产维持需求发生。,并非所有费用都与单件产品数量成正比。,408—411,417—420,2026年注册会计师全国统一考试辅导教材《财务成本管理》,,标注为所属知识节的阅读范围，不是逐题精确页码。,逐节扩充题
finance-full-15-02-001,财务成本管理,成本核算,第15章 作业成本法和生命周期成本法,第二节 作业成本计算,作业分配率,基础理解与应用,简答应用,某作业成本池10000元，总动因量200次，产品使用30次，应分配多少？,,,,,1500元。,分配率50元/次，乘产品消耗的30次。,412—422,421—431,2026年注册会计师全国统一考试辅导教材《财务成本管理》,,标注为所属知识节的阅读范围，不是逐题精确页码。,逐节扩充题
finance-full-15-02-002,财务成本管理,成本核算,第15章 作业成本法和生命周期成本法,第二节 作业成本计算,作业成本法适用,基础理解与应用,简答应用,产品复杂程度差异较大且间接费用较高时，作业成本法为何可能更有价值？,,,,,单一产量分配基础更容易扭曲产品成本。,使用不同作业动因可改善对资源消耗的反映。,412—422,421—431,2026年注册会计师全国统一考试辅导教材《财务成本管理》,,标注为所属知识节的阅读范围，不是逐题精确页码。,逐节扩充题
finance-full-15-02-003,财务成本管理,成本核算,第15章 作业成本法和生命周期成本法,第二节 作业成本计算,作业成本法局限,基础理解与应用,简答应用,作业成本法信息更细，是否意味着实施成本一定很低？,,,,,不是。,收集动因和维护系统可能成本较高，应权衡成本效益。,412—422,421—431,2026年注册会计师全国统一考试辅导教材《财务成本管理》,,标注为所属知识节的阅读范围，不是逐题精确页码。,逐节扩充题
finance-full-15-03-001,财务成本管理,成本核算,第15章 作业成本法和生命周期成本法,第三节 作业管理,增值与非增值作业,基础理解与应用,简答应用,返工、等待等作业为什么常被列为成本改进重点？,,,,,通常不直接增加客户认可的价值。,消除浪费需查明原因，不能把必要控制一律视为可取消。,423—424,432—433,2026年注册会计师全国统一考试辅导教材《财务成本管理》,,标注为所属知识节的阅读范围，不是逐题精确页码。,逐节扩充题
finance-full-15-03-002,财务成本管理,成本核算,第15章 作业成本法和生命周期成本法,第三节 作业管理,作业预算,基础理解与应用,简答应用,作业预算与简单按上年费用加成相比，主要区别是什么？,,,,,从预计作业需求和资源消耗出发确定预算。,预算与实际业务驱动因素联系更紧密。,423—424,432—433,2026年注册会计师全国统一考试辅导教材《财务成本管理》,,标注为所属知识节的阅读范围，不是逐题精确页码。,逐节扩充题
finance-full-15-04-001,财务成本管理,成本核算,第15章 作业成本法和生命周期成本法,第四节 生命周期成本法,生命周期成本范围,基础理解与应用,简答应用,生命周期成本为何包含研发和售后，而不仅是制造阶段？,,,,,产品全生命周期均会消耗资源并影响盈利。,生产前的设计决策往往决定大量后续成本。,425—428,434—437,2026年注册会计师全国统一考试辅导教材《财务成本管理》,,标注为所属知识节的阅读范围，不是逐题精确页码。,逐节扩充题
finance-full-15-04-002,财务成本管理,成本核算,第15章 作业成本法和生命周期成本法,第四节 生命周期成本法,生命周期成本应用,基础理解与应用,简答应用,产品量产前优化设计，为什么可能比投产后压缩费用更有效？,,,,,许多后续成本已被设计和工艺选择锁定。,全生命周期视角鼓励提前管理成本。,425—428,434—437,2026年注册会计师全国统一考试辅导教材《财务成本管理》,,标注为所属知识节的阅读范围，不是逐题精确页码。,逐节扩充题
finance-16-01,财务成本管理,经营决策与预算,第16章 本量利分析,第一节 本量利的一般关系,总成本模型,零基础,单选,固定成本100元，单位变动成本3元，业务量20件，总成本是多少？,60元,100元,160元,123元,C,总成本＝100＋3×20＝160元。,429—431,438—440,2026年注册会计师全国统一考试辅导教材《财务成本管理》,,,原有起步题
finance-16-02,财务成本管理,经营决策与预算,第16章 本量利分析,第一节 本量利的一般关系,固定成本,零基础,单选,在给定相关范围内，固定成本总额的特点是什么？,总与业务量同比增加,一定等于零,等同于产品售价,不随业务量变化而变化,D,固定成本的“不变”有相关范围限制，不是无限范围永远不变。,429—431,438—440,2026年注册会计师全国统一考试辅导教材《财务成本管理》,,,原有起步题
finance-16-03,财务成本管理,经营决策与预算,第16章 本量利分析,第一节 本量利的一般关系,本量利基础,零基础,多选,建立简单线性成本模型时需要关注哪些量？,业务量,只看产品包装颜色,固定成本总额,单位变动成本,A、C、D,模型y＝a＋bx中，a、b、x分别对应这些因素。,429—431,438—440,2026年注册会计师全国统一考试辅导教材《财务成本管理》,,,原有起步题
finance-16-04,财务成本管理,经营决策与预算,第16章 本量利分析,第一节 本量利的一般关系,混合成本,零基础,简答应用,电费有固定基础费50元，另按每度1元收费，用电80度。总电费多少？,,,,,50＋1×80＝130元。,混合成本可拆为固定部分和随业务量变动的部分。,429—431,438—440,2026年注册会计师全国统一考试辅导教材《财务成本管理》,,,原有起步题
finance-full-16-01-001,财务成本管理,经营决策与预算,第16章 本量利分析,第一节 本量利的一般关系,混合成本分解,基础理解与应用,简答应用,混合成本分解的目的是什么？,,,,,把成本区分为固定部分和随业务量变化的部分。,可采用高低点、回归等方法，前提是资料和模型适当。,429—440,438—449,2026年注册会计师全国统一考试辅导教材《财务成本管理》,,标注为所属知识节的阅读范围，不是逐题精确页码。,逐节扩充题
finance-full-16-01-002,财务成本管理,经营决策与预算,第16章 本量利分析,第一节 本量利的一般关系,高低点法,基础理解与应用,简答应用,高业务量1000、成本8000；低业务量600、成本6000，单位变动成本多少？,,,,,5。,单位变动成本＝成本差2000÷业务量差400。,429—440,438—449,2026年注册会计师全国统一考试辅导教材《财务成本管理》,,标注为所属知识节的阅读范围，不是逐题精确页码。,逐节扩充题
finance-full-16-01-003,财务成本管理,经营决策与预算,第16章 本量利分析,第一节 本量利的一般关系,变动成本法,基础理解与应用,简答应用,变动成本法下，固定制造费用如何处理？,,,,,作为期间成本。,与完全成本法相比，它不把固定制造费用计入产品存货成本。,429—440,438—449,2026年注册会计师全国统一考试辅导教材《财务成本管理》,,标注为所属知识节的阅读范围，不是逐题精确页码。,逐节扩充题
finance-full-16-01-004,财务成本管理,经营决策与预算,第16章 本量利分析,第一节 本量利的一般关系,边际贡献,基础理解与应用,简答应用,售价100、单位变动成本60，单位边际贡献和边际贡献率多少？,,,,,40，40%。,边际贡献先用于覆盖固定成本，剩余部分形成利润。,429—440,438—449,2026年注册会计师全国统一考试辅导教材《财务成本管理》,,标注为所属知识节的阅读范围，不是逐题精确页码。,逐节扩充题
finance-full-16-01-005,财务成本管理,经营决策与预算,第16章 本量利分析,第一节 本量利的一般关系,本量利基本假设,基础理解与应用,简答应用,使用简单本量利模型时为何要限定相关范围？,,,,,售价、单位变动成本、固定成本和销售结构等假设只在一定范围内成立。,超出范围后不能机械外推线性关系。,429—440,438—449,2026年注册会计师全国统一考试辅导教材《财务成本管理》,,标注为所属知识节的阅读范围，不是逐题精确页码。,逐节扩充题
finance-full-16-02-001,财务成本管理,经营决策与预算,第16章 本量利分析,第二节 保本分析,保本量,基础理解与应用,简答应用,固定成本12000、单位边际贡献40，保本销量多少？,,,,,300件。,保本量＝固定成本÷单位边际贡献。,441—445,450—454,2026年注册会计师全国统一考试辅导教材《财务成本管理》,,标注为所属知识节的阅读范围，不是逐题精确页码。,逐节扩充题
finance-full-16-02-002,财务成本管理,经营决策与预算,第16章 本量利分析,第二节 保本分析,保本额,基础理解与应用,简答应用,固定成本12000、边际贡献率40%，保本销售额多少？,,,,,30000。,保本额＝固定成本÷边际贡献率。,441—445,450—454,2026年注册会计师全国统一考试辅导教材《财务成本管理》,,标注为所属知识节的阅读范围，不是逐题精确页码。,逐节扩充题
finance-full-16-02-003,财务成本管理,经营决策与预算,第16章 本量利分析,第二节 保本分析,安全边际,基础理解与应用,简答应用,实际销售额50000、保本销售额30000，安全边际率多少？,,,,,40%。,安全边际率＝（实际销售额－保本额）÷实际销售额。,441—445,450—454,2026年注册会计师全国统一考试辅导教材《财务成本管理》,,标注为所属知识节的阅读范围，不是逐题精确页码。,逐节扩充题
finance-full-16-02-004,财务成本管理,经营决策与预算,第16章 本量利分析,第二节 保本分析,多品种保本,基础理解与应用,简答应用,多产品企业计算综合保本额时，为什么要考虑销售结构？,,,,,不同产品边际贡献率不同。,综合边际贡献率取决于各产品收入权重。,441—445,450—454,2026年注册会计师全国统一考试辅导教材《财务成本管理》,,标注为所属知识节的阅读范围，不是逐题精确页码。,逐节扩充题
finance-full-16-03-001,财务成本管理,经营决策与预算,第16章 本量利分析,第三节 保利分析,保利量,基础理解与应用,简答应用,固定成本12000、目标税前利润8000、单位边际贡献40，保利量多少？,,,,,500件。,保利量＝（固定成本＋目标利润）÷单位边际贡献。,446,455,2026年注册会计师全国统一考试辅导教材《财务成本管理》,,标注为所属知识节的阅读范围，不是逐题精确页码。,逐节扩充题
finance-full-16-03-002,财务成本管理,经营决策与预算,第16章 本量利分析,第三节 保利分析,税后目标换算,基础理解与应用,简答应用,目标税后利润7500、税率25%，对应税前目标利润多少？,,,,,10000。,税前目标＝税后目标÷（1－税率）。,446,455,2026年注册会计师全国统一考试辅导教材《财务成本管理》,,标注为所属知识节的阅读范围，不是逐题精确页码。,逐节扩充题
finance-full-16-04-001,财务成本管理,经营决策与预算,第16章 本量利分析,第四节 利润敏感分析,利润敏感系数,基础理解与应用,简答应用,售价变动1%导致利润变动5%，售价敏感系数是多少？,,,,,5。,敏感系数＝利润变动百分比÷因素变动百分比。,447—451,456—460,2026年注册会计师全国统一考试辅导教材《财务成本管理》,,标注为所属知识节的阅读范围，不是逐题精确页码。,逐节扩充题
finance-full-16-04-002,财务成本管理,经营决策与预算,第16章 本量利分析,第四节 利润敏感分析,敏感性排序,基础理解与应用,简答应用,利润对售价最敏感，是否意味着企业只需关注售价？,,,,,不是。,还要考虑各因素实际变动的可能性和可控程度。,447—451,456—460,2026年注册会计师全国统一考试辅导教材《财务成本管理》,,标注为所属知识节的阅读范围，不是逐题精确页码。,逐节扩充题
finance-17-01,财务成本管理,经营决策与预算,第17章 短期经营决策,第一节 短期经营决策概述,短期经营决策,零基础,单选,在现有产能内决定是否接受一笔特殊订单，通常属于什么？,一定是企业合并,设立新公司,只属于长期厂房建设,短期经营决策,D,既定规模下的订单取舍，是常见短期经营决策。,452—454,461—463,2026年注册会计师全国统一考试辅导教材《财务成本管理》,,,原有起步题
finance-17-02,财务成本管理,经营决策与预算,第17章 短期经营决策,第一节 短期经营决策概述,决策第一步,零基础,单选,开始分析经营方案前，首先应做什么？,先宣布结果,忽略约束条件,直接选报价最高者,明确决策问题和目标,D,先明确要解决什么、按什么标准选择，才有评价依据。,452—454,461—463,2026年注册会计师全国统一考试辅导教材《财务成本管理》,,,原有起步题
finance-17-03,财务成本管理,经营决策与预算,第17章 短期经营决策,第一节 短期经营决策概述,决策过程,零基础,多选,短期经营决策一般包括哪些工作？,选定方案后永不跟踪,收集相关资料,评价备选方案,实施与控制,B、C、D,决策不仅是选择，还需要实施和控制。,452—454,461—463,2026年注册会计师全国统一考试辅导教材《财务成本管理》,,,原有起步题
finance-17-04,财务成本管理,经营决策与预算,第17章 短期经营决策,第一节 短期经营决策概述,先定目标,零基础,简答应用,部门拿到两个方案却不知道评价标准，应该先补上什么？,,,,,明确决策问题和目标，例如在约束条件下使成本更低或利润更高。,没有明确目标，方案优劣便缺少一致的比较标准。,452—454,461—463,2026年注册会计师全国统一考试辅导教材《财务成本管理》,,,原有起步题
finance-full-17-01-001,财务成本管理,经营决策与预算,第17章 短期经营决策,第一节 短期经营决策概述,相关成本判断,基础理解与应用,简答应用,判断成本是否相关，关键看是否已经记入会计账簿吗？,,,,,不是，关键看是否随备选方案改变。,未来差额成本与机会成本通常相关。,452—455,461—464,2026年注册会计师全国统一考试辅导教材《财务成本管理》,,标注为所属知识节的阅读范围，不是逐题精确页码。,逐节扩充题
finance-full-17-01-002,财务成本管理,经营决策与预算,第17章 短期经营决策,第一节 短期经营决策概述,专属与共同固定成本,基础理解与应用,简答应用,关闭一个部门能节约的专属固定成本，与仍会发生的共同固定成本，哪个相关？,,,,,能够节约的专属固定成本。,不能因为成本被分摊到部门就认定关停后可消除。,452—455,461—464,2026年注册会计师全国统一考试辅导教材《财务成本管理》,,标注为所属知识节的阅读范围，不是逐题精确页码。,逐节扩充题
finance-full-17-02-001,财务成本管理,经营决策与预算,第17章 短期经营决策,第二节 生产决策,生产决策方法,基础理解与应用,简答应用,差量分析与边际贡献分析的共同关注点是什么？,,,,,不同方案带来的增量收益和相关成本。,方法形式不同，但都不应受无关沉没成本干扰。,456—462,465—471,2026年注册会计师全国统一考试辅导教材《财务成本管理》,,标注为所属知识节的阅读范围，不是逐题精确页码。,逐节扩充题
finance-full-17-02-002,财务成本管理,经营决策与预算,第17章 短期经营决策,第二节 生产决策,亏损产品停产,基础理解与应用,简答应用,产品扣除分摊固定成本后亏损，是否应立即停产？,,,,,不一定。,若仍有正边际贡献且停产不能节约共同固定成本，停产可能使总利润下降。,456—462,465—471,2026年注册会计师全国统一考试辅导教材《财务成本管理》,,标注为所属知识节的阅读范围，不是逐题精确页码。,逐节扩充题
finance-full-17-02-003,财务成本管理,经营决策与预算,第17章 短期经营决策,第二节 生产决策,自制或外购,基础理解与应用,简答应用,外购决策中，设备闲置后可出租的收入应怎样处理？,,,,,作为自制方案的机会成本或外购方案的增量收益考虑。,比较应反映资源的最佳替代用途。,456—462,465—471,2026年注册会计师全国统一考试辅导教材《财务成本管理》,,标注为所属知识节的阅读范围，不是逐题精确页码。,逐节扩充题
finance-full-17-02-004,财务成本管理,经营决策与预算,第17章 短期经营决策,第二节 生产决策,特殊订单,基础理解与应用,简答应用,有闲置产能时，低于正常售价的特殊订单是否一定不能接受？,,,,,不一定。,比较增量收入与相关成本，并考虑正常市场和产能约束。,456—462,465—471,2026年注册会计师全国统一考试辅导教材《财务成本管理》,,标注为所属知识节的阅读范围，不是逐题精确页码。,逐节扩充题
finance-full-17-02-005,财务成本管理,经营决策与预算,第17章 短期经营决策,第二节 生产决策,约束资源最优利用,基础理解与应用,简答应用,设备工时受限时，应优先安排单位产品边际贡献最高的产品吗？,,,,,不一定，应比较单位约束资源的边际贡献。,每件产品耗用工时不同，单位产品贡献不能直接排序。,456—462,465—471,2026年注册会计师全国统一考试辅导教材《财务成本管理》,,标注为所属知识节的阅读范围，不是逐题精确页码。,逐节扩充题
finance-full-17-02-006,财务成本管理,经营决策与预算,第17章 短期经营决策,第二节 生产决策,深加工决策,基础理解与应用,简答应用,联产品是否进一步加工，分离点以前的联合成本通常如何处理？,,,,,通常视为不相关成本。,比较追加加工后的增量收入与追加加工成本。,456—462,465—471,2026年注册会计师全国统一考试辅导教材《财务成本管理》,,标注为所属知识节的阅读范围，不是逐题精确页码。,逐节扩充题
finance-full-17-03-001,财务成本管理,经营决策与预算,第17章 短期经营决策,第三节 定价决策,定价与相关成本,基础理解与应用,简答应用,短期特殊订单定价是否必然要覆盖全部分摊固定成本？,,,,,不必机械要求，但长期定价需覆盖长期全部相关成本并取得合理收益。,短期闲置产能条件与长期持续经营条件不同。,463—467,472—476,2026年注册会计师全国统一考试辅导教材《财务成本管理》,,标注为所属知识节的阅读范围，不是逐题精确页码。,逐节扩充题
finance-full-17-03-002,财务成本管理,经营决策与预算,第17章 短期经营决策,第三节 定价决策,成本加成定价,基础理解与应用,简答应用,成本加成定价为什么要先明确成本基础？,,,,,不同成本基础需要不同加成率才能达到同一利润目标。,不能把完全成本加成率直接套到变动成本基础。,463—467,472—476,2026年注册会计师全国统一考试辅导教材《财务成本管理》,,标注为所属知识节的阅读范围，不是逐题精确页码。,逐节扩充题
finance-full-17-03-003,财务成本管理,经营决策与预算,第17章 短期经营决策,第三节 定价决策,市场与价格,基础理解与应用,简答应用,企业定价为什么不能只由成本决定？,,,,,客户需求、竞争及产品价值也影响可实现价格。,成本是约束和分析依据，不是市场接受价格的唯一因素。,463—467,472—476,2026年注册会计师全国统一考试辅导教材《财务成本管理》,,标注为所属知识节的阅读范围，不是逐题精确页码。,逐节扩充题
finance-18-01,财务成本管理,经营决策与预算,第18章 全面预算,第一节 全面预算概述,预算性质,零基础,单选,预算最接近哪项？,已经发生事项的发票,只用于给员工排名,只抄去年流水,未来计划的数字化、表格化表达,D,预算是基于预测和决策形成的具体计划，不是单纯历史记录。,468—470,477—479,2026年注册会计师全国统一考试辅导教材《财务成本管理》,,,原有起步题
finance-18-02,财务成本管理,经营决策与预算,第18章 全面预算,第一节 全面预算概述,全面预算特征,零基础,单选,“全面”主要体现什么？,只管年末一天,只有财务部参与,只管现金,全员、全过程、全部门,D,预算涉及各部门和人员的协同及整个管理过程。,468—470,477—479,2026年注册会计师全国统一考试辅导教材《财务成本管理》,,,原有起步题
finance-18-03,财务成本管理,经营决策与预算,第18章 全面预算,第一节 全面预算概述,预算体系,零基础,多选,全面预算体系可以包括哪些类别？,资本预算,经营预算,财务预算,仅有过去的凭证汇总,A、B、C,各类预算相互联系，共同形成全面预算体系。,468—470,477—479,2026年注册会计师全国统一考试辅导教材《财务成本管理》,,,原有起步题
finance-18-04,财务成本管理,经营决策与预算,第18章 全面预算,第一节 全面预算概述,预算用途,零基础,简答应用,生产部门认为预算只供财务部保存，与安排生产无关。请纠正。,,,,,预算也用于资源调配和经营控制，生产安排应与相关预算协调。,预算既是决策的具体化，也是执行和控制的依据。,468—470,477—479,2026年注册会计师全国统一考试辅导教材《财务成本管理》,,,原有起步题
finance-full-18-01-001,财务成本管理,经营决策与预算,第18章 全面预算,第一节 全面预算概述,全面预算体系,基础理解与应用,简答应用,全面预算通常由哪些主要部分构成？,,,,,营业预算、财务预算及相关专门决策预算。,各部分互相衔接，最终反映经营成果、资金和财务状况。,468—469,477—478,2026年注册会计师全国统一考试辅导教材《财务成本管理》,,标注为所属知识节的阅读范围，不是逐题精确页码。,逐节扩充题
finance-full-18-01-002,财务成本管理,经营决策与预算,第18章 全面预算,第一节 全面预算概述,预算作用与编制程序,基础理解与应用,简答应用,预算为何需要上下沟通，而不是财务部门单方面制定？,,,,,预算需要结合经营信息、目标分解和执行责任。,参与有助于可行性，但也需防范预算松弛。,468—469,477—478,2026年注册会计师全国统一考试辅导教材《财务成本管理》,,标注为所属知识节的阅读范围，不是逐题精确页码。,逐节扩充题
finance-full-18-02-001,财务成本管理,经营决策与预算,第18章 全面预算,第二节 全面预算的编制方法,增量与零基预算,基础理解与应用,简答应用,零基预算是否直接把上年预算作为必然保留的基础？,,,,,不是。,它重新评价各项活动与支出的必要性，分析成本通常更高。,470—477,479—486,2026年注册会计师全国统一考试辅导教材《财务成本管理》,,标注为所属知识节的阅读范围，不是逐题精确页码。,逐节扩充题
finance-full-18-02-002,财务成本管理,经营决策与预算,第18章 全面预算,第二节 全面预算的编制方法,固定与弹性预算,基础理解与应用,简答应用,业务量变化明显时，弹性预算有什么优势？,,,,,可以按不同业务量提供可比的预算成本和结果。,需要合理区分固定和变动成本。,470—477,479—486,2026年注册会计师全国统一考试辅导教材《财务成本管理》,,标注为所属知识节的阅读范围，不是逐题精确页码。,逐节扩充题
finance-full-18-02-003,财务成本管理,经营决策与预算,第18章 全面预算,第二节 全面预算的编制方法,定期与滚动预算,基础理解与应用,简答应用,滚动预算如何保持持续的预测长度？,,,,,随着时间推进，补入后续期间并更新预算。,它不是仅在年末编制一次且全年不变。,470—477,479—486,2026年注册会计师全国统一考试辅导教材《财务成本管理》,,标注为所属知识节的阅读范围，不是逐题精确页码。,逐节扩充题
finance-full-18-03-001,财务成本管理,经营决策与预算,第18章 全面预算,第三节 营业预算的编制,销售预算起点,基础理解与应用,简答应用,编制经营预算时，为什么销售预算通常是起点？,,,,,预计销售影响生产、采购、人工和费用安排。,特殊限制条件下还需结合产能和市场约束。,478—482,487—491,2026年注册会计师全国统一考试辅导教材《财务成本管理》,,标注为所属知识节的阅读范围，不是逐题精确页码。,逐节扩充题
finance-full-18-03-002,财务成本管理,经营决策与预算,第18章 全面预算,第三节 营业预算的编制,生产预算,基础理解与应用,简答应用,预计销售1000件，期末存货目标200件，期初存货150件，应生产多少？,,,,,1050件。,生产量＝销售量＋期末存货－期初存货。,478—482,487—491,2026年注册会计师全国统一考试辅导教材《财务成本管理》,,标注为所属知识节的阅读范围，不是逐题精确页码。,逐节扩充题
finance-full-18-03-003,财务成本管理,经营决策与预算,第18章 全面预算,第三节 营业预算的编制,材料采购预算,基础理解与应用,简答应用,生产需材料500，期末目标100、期初80，应采购多少？,,,,,520。,采购量＝生产需用量＋期末材料－期初材料。,478—482,487—491,2026年注册会计师全国统一考试辅导教材《财务成本管理》,,标注为所属知识节的阅读范围，不是逐题精确页码。,逐节扩充题
finance-full-18-03-004,财务成本管理,经营决策与预算,第18章 全面预算,第三节 营业预算的编制,人工与制造费用预算,基础理解与应用,简答应用,直接人工预算通常如何把生产量转换为工资成本？,,,,,生产量×单位标准工时×小时工资率。,制造费用还需区分固定与变动部分。,478—482,487—491,2026年注册会计师全国统一考试辅导教材《财务成本管理》,,标注为所属知识节的阅读范围，不是逐题精确页码。,逐节扩充题
finance-full-18-03-005,财务成本管理,经营决策与预算,第18章 全面预算,第三节 营业预算的编制,产品与期间费用预算,基础理解与应用,简答应用,产品成本预算与销售管理费用预算为什么分开编制？,,,,,费用归属和成本习性不同，且对存货与期间损益的影响不同。,各预算最终在利润和现金等预算中衔接。,478—482,487—491,2026年注册会计师全国统一考试辅导教材《财务成本管理》,,标注为所属知识节的阅读范围，不是逐题精确页码。,逐节扩充题
finance-full-18-04-001,财务成本管理,经营决策与预算,第18章 全面预算,第四节 财务预算的编制,现金预算,基础理解与应用,简答应用,现金预算为何不能直接用预计利润代替？,,,,,收入费用与现金收支的确认时间和内容不同。,折旧、赊销、投资和融资都会造成差异。,483—487,492—496,2026年注册会计师全国统一考试辅导教材《财务成本管理》,,标注为所属知识节的阅读范围，不是逐题精确页码。,逐节扩充题
finance-full-18-04-002,财务成本管理,经营决策与预算,第18章 全面预算,第四节 财务预算的编制,现金余缺与筹资,基础理解与应用,简答应用,预计现金余额低于最低要求时，预算中需要考虑什么？,,,,,筹资、支出安排或其他改善现金的措施。,融资金额还可能受利息、还款和最低余额要求影响。,483—487,492—496,2026年注册会计师全国统一考试辅导教材《财务成本管理》,,标注为所属知识节的阅读范围，不是逐题精确页码。,逐节扩充题
finance-full-18-04-003,财务成本管理,经营决策与预算,第18章 全面预算,第四节 财务预算的编制,预计利润表,基础理解与应用,简答应用,预计利润表怎样利用经营预算？,,,,,汇总预计收入、销售成本和期间费用等形成预计利润。,它反映权责发生制成果，不等同现金预算。,483—487,492—496,2026年注册会计师全国统一考试辅导教材《财务成本管理》,,标注为所属知识节的阅读范围，不是逐题精确页码。,逐节扩充题
finance-full-18-04-004,财务成本管理,经营决策与预算,第18章 全面预算,第四节 财务预算的编制,预计资产负债表,基础理解与应用,简答应用,预计资产负债表为什么是预算衔接检查工具？,,,,,各经营、投资与融资预算最终应反映为相互平衡的资产负债权益。,不平衡可能提示遗漏或口径不一致。,483—487,492—496,2026年注册会计师全国统一考试辅导教材《财务成本管理》,,标注为所属知识节的阅读范围，不是逐题精确页码。,逐节扩充题
finance-19-01,财务成本管理,责任与业绩,第19章 责任会计,第一节 企业组织结构与责任中心划分,责任中心,零基础,单选,成本中心、利润中心等主要按什么划分？,电脑数量,部门职责与权限,员工年龄,办公楼层,B,责任中心应与内部单位的职责范围和权限大小相联系。,488—490,497—499,2026年注册会计师全国统一考试辅导教材《财务成本管理》,,,原有起步题
finance-19-02,财务成本管理,责任与业绩,第19章 责任会计,第一节 企业组织结构与责任中心划分,责任报告,零基础,单选,责任报告主要比较哪两类信息？,城市与乡村,实际业绩与预期业绩,股票与债券数量,广告与包装颜色,B,责任报告揭示实际执行结果与责任预算或预期目标的差异。,488—490,497—499,2026年注册会计师全国统一考试辅导教材《财务成本管理》,,,原有起步题
finance-19-03,财务成本管理,责任与业绩,第19章 责任会计,第一节 企业组织结构与责任中心划分,报告信息,零基础,多选,责任报告应传递哪些信息？,预期业绩,实际与预期的差异,只有有利差异，隐藏不利差异,实际业绩,A、B、D,差异信息应完整反映重要情况，并分析原因。,488—490,497—499,2026年注册会计师全国统一考试辅导教材《财务成本管理》,,,原有起步题
finance-19-04,财务成本管理,责任与业绩,第19章 责任会计,第一节 企业组织结构与责任中心划分,业绩差异,零基础,简答应用,某责任中心预计费用1000元，实际1100元。报告至少应列出哪些基本数字？,,,,,预计1000元、实际1100元、实际超出100元。,仅列实际数不足以支持比较，还应分析差异形成原因。,488—490,497—499,2026年注册会计师全国统一考试辅导教材《财务成本管理》,,,原有起步题
finance-full-19-01-001,财务成本管理,责任与业绩,第19章 责任会计,第一节 企业组织结构与责任中心划分,集权与分权,基础理解与应用,简答应用,分权组织为什么仍需要责任报告和控制机制？,,,,,授权不等于放弃整体协调与监督。,需兼顾地方信息优势和公司整体目标。,489—490,498—499,2026年注册会计师全国统一考试辅导教材《财务成本管理》,,标注为所属知识节的阅读范围，不是逐题精确页码。,逐节扩充题
finance-full-19-01-002,财务成本管理,责任与业绩,第19章 责任会计,第一节 企业组织结构与责任中心划分,组织结构,基础理解与应用,简答应用,科层制、事业部制与网络组织在管理协调方式上有何差异？,,,,,分别强调层级、相对独立业务单元或跨组织协作。,责任中心的设置应与组织和授权相适应。,489—490,498—499,2026年注册会计师全国统一考试辅导教材《财务成本管理》,,标注为所属知识节的阅读范围，不是逐题精确页码。,逐节扩充题
finance-full-19-02-001,财务成本管理,责任与业绩,第19章 责任会计,第二节 责任成本,责任成本,基础理解与应用,简答应用,一项成本发生在某部门，就一定是该部门经理的可控成本吗？,,,,,不一定。,责任成本应与该责任主体能否施加影响相联系。,491—492,500—501,2026年注册会计师全国统一考试辅导教材《财务成本管理》,,标注为所属知识节的阅读范围，不是逐题精确页码。,逐节扩充题
finance-full-19-02-002,财务成本管理,责任与业绩,第19章 责任会计,第二节 责任成本,可控性的相对性,基础理解与应用,简答应用,同一成本对车间主任不可控，对厂长可能可控吗？,,,,,可能。,可控性受管理层级和时间范围影响。,491—492,500—501,2026年注册会计师全国统一考试辅导教材《财务成本管理》,,标注为所属知识节的阅读范围，不是逐题精确页码。,逐节扩充题
finance-full-19-03-001,财务成本管理,责任与业绩,第19章 责任会计,第三节 成本中心,标准与费用中心,基础理解与应用,简答应用,标准成本中心与费用中心的考核难点有何不同？,,,,,前者可用产出标准成本衡量，后者产出往往难以准确货币化。,不能对所有部门都机械使用单位产品成本指标。,493—495,502—504,2026年注册会计师全国统一考试辅导教材《财务成本管理》,,标注为所属知识节的阅读范围，不是逐题精确页码。,逐节扩充题
finance-full-19-03-002,财务成本管理,责任与业绩,第19章 责任会计,第三节 成本中心,成本中心考核,基础理解与应用,简答应用,成本中心业绩评价为何要区分可控与不可控差异？,,,,,才能把责任与经理可影响的行为联系起来。,否则可能形成不公平评价和错误激励。,493—495,502—504,2026年注册会计师全国统一考试辅导教材《财务成本管理》,,标注为所属知识节的阅读范围，不是逐题精确页码。,逐节扩充题
finance-full-19-04-001,财务成本管理,责任与业绩,第19章 责任会计,第四节 利润中心,利润中心,基础理解与应用,简答应用,利润中心经理通常应对哪些项目承担责任？,,,,,其可控制的收入与成本等。,具体考核口径应与授权范围相匹配。,496—498,505—507,2026年注册会计师全国统一考试辅导教材《财务成本管理》,,标注为所属知识节的阅读范围，不是逐题精确页码。,逐节扩充题
finance-full-19-04-002,财务成本管理,责任与业绩,第19章 责任会计,第四节 利润中心,利润中心指标,基础理解与应用,简答应用,部门边际贡献、可控边际贡献与部门税前经营利润的差异来自哪里？,,,,,逐步扣除的可控固定成本、不可控固定成本等不同。,采用哪个指标取决于评价部门还是评价经理。,496—498,505—507,2026年注册会计师全国统一考试辅导教材《财务成本管理》,,标注为所属知识节的阅读范围，不是逐题精确页码。,逐节扩充题
finance-full-19-05-001,财务成本管理,责任与业绩,第19章 责任会计,第五节 投资中心,投资报酬率,基础理解与应用,简答应用,部门税前经营利润100、平均净经营资产1000，投资报酬率多少？,,,,,10%。,分子分母应采用一致的经营和税前口径。,499—502,508—511,2026年注册会计师全国统一考试辅导教材《财务成本管理》,,标注为所属知识节的阅读范围，不是逐题精确页码。,逐节扩充题
finance-full-19-05-002,财务成本管理,责任与业绩,第19章 责任会计,第五节 投资中心,剩余收益,基础理解与应用,简答应用,部门税前经营利润100、平均净经营资产1000、要求报酬率8%，剩余收益多少？,,,,,20。,剩余收益＝利润－投入资本×要求报酬率。,499—502,508—511,2026年注册会计师全国统一考试辅导教材《财务成本管理》,,标注为所属知识节的阅读范围，不是逐题精确页码。,逐节扩充题
finance-full-19-05-003,财务成本管理,责任与业绩,第19章 责任会计,第五节 投资中心,投资报酬率次优化,基础理解与应用,简答应用,现有部门收益率15%，新项目12%，公司要求10%，为何经理可能拒绝有利项目？,,,,,新项目降低部门平均收益率，却仍高于公司必要报酬率。,单纯以部门投资报酬率考核可能造成次优化。,499—502,508—511,2026年注册会计师全国统一考试辅导教材《财务成本管理》,,标注为所属知识节的阅读范围，不是逐题精确页码。,逐节扩充题
finance-full-19-06-001,财务成本管理,责任与业绩,第19章 责任会计,第六节 内部转移价格,内部转移价格,基础理解与应用,简答应用,内部转移价格为何影响部门利润，却不一定直接改变公司整体利润？,,,,,它在部门间重新分配收入与成本。,但错误激励会改变真实交易和生产决策，进而影响整体利润。,503—504,512—513,2026年注册会计师全国统一考试辅导教材《财务成本管理》,,标注为所属知识节的阅读范围，不是逐题精确页码。,逐节扩充题
finance-full-19-06-002,财务成本管理,责任与业绩,第19章 责任会计,第六节 内部转移价格,转移价格类型,基础理解与应用,简答应用,内部转移定价可使用哪些基本依据？,,,,,市场价格、协商价格和成本等。,选择时要兼顾部门自主性、评价公平及公司整体利益。,503—504,512—513,2026年注册会计师全国统一考试辅导教材《财务成本管理》,,标注为所属知识节的阅读范围，不是逐题精确页码。,逐节扩充题
finance-full-19-06-003,财务成本管理,责任与业绩,第19章 责任会计,第六节 内部转移价格,国际转移定价,基础理解与应用,简答应用,跨国企业设置内部价格时，为什么还须考虑税务合规？,,,,,关联交易价格可能影响不同国家的税基。,管理激励不能替代独立交易等适用税收要求。,503—504,512—513,2026年注册会计师全国统一考试辅导教材《财务成本管理》,,标注为所属知识节的阅读范围，不是逐题精确页码。,逐节扩充题
finance-20-01,财务成本管理,责任与业绩,第20章 业绩评价,第一节 财务业绩评价与非财务业绩评价,财务指标,零基础,单选,下列哪个是典型财务业绩指标？,顾客满意度,净利润,员工建议次数,产品缺陷率,B,净利润来自财务信息；其余是常见非财务评价指标。,505—507,514—516,2026年注册会计师全国统一考试辅导教材《财务成本管理》,,,原有起步题
finance-20-02,财务成本管理,责任与业绩,第20章 业绩评价,第一节 财务业绩评价与非财务业绩评价,非财务指标,零基础,单选,哪项属于与顾客相关的非财务指标？,利息支出,顾客满意度,资产总额,营业利润,B,顾客满意度可反映客户体验，不直接以财务利润金额表示。,505—507,514—516,2026年注册会计师全国统一考试辅导教材《财务成本管理》,,,原有起步题
finance-20-03,财务成本管理,责任与业绩,第20章 业绩评价,第一节 财务业绩评价与非财务业绩评价,非财务评价,零基础,多选,哪些可以作为非财务业绩指标？,员工满意度,净利润金额,及时送货率,产品缺陷率,A、C、D,交付、质量和员工情况能够补充财务结果信息。,505—507,514—516,2026年注册会计师全国统一考试辅导教材《财务成本管理》,,,原有起步题
finance-20-04,财务成本管理,责任与业绩,第20章 业绩评价,第一节 财务业绩评价与非财务业绩评价,综合评价,零基础,简答应用,企业今年利润增加，但顾客投诉和产品缺陷也明显增加，为什么不宜只看利润？,,,,,利润只反映部分财务结果；质量和顾客问题可能影响未来经营，需要结合非财务指标。,综合评价有助于发现只看当期财务结果容易忽略的过程和长期影响。,505—507,514—516,2026年注册会计师全国统一考试辅导教材《财务成本管理》,,,原有起步题
finance-full-20-01-001,财务成本管理,责任与业绩,第20章 业绩评价,第一节 财务业绩评价与非财务业绩评价,财务与非财务指标,基础理解与应用,简答应用,客户满意度为什么可与利润指标同时使用？,,,,,它可能反映未来绩效驱动因素，而利润更多反映已实现成果。,多类指标结合有助于减少短期化倾向。,505,514,2026年注册会计师全国统一考试辅导教材《财务成本管理》,,标注为所属知识节的阅读范围，不是逐题精确页码。,逐节扩充题
finance-full-20-02-001,财务成本管理,责任与业绩,第20章 业绩评价,第二节 关键绩效指标法,关键绩效指标,基础理解与应用,简答应用,KPI是否应把所有能收集的数据都纳入考核？,,,,,不是。,应选与战略和关键成功因素紧密相关的少数指标。,506,515,2026年注册会计师全国统一考试辅导教材《财务成本管理》,,标注为所属知识节的阅读范围，不是逐题精确页码。,逐节扩充题
finance-full-20-02-002,财务成本管理,责任与业绩,第20章 业绩评价,第二节 关键绩效指标法,KPI使用局限,基础理解与应用,简答应用,指标达标是否一定表示战略目标实现？,,,,,不一定。,指标选择不当或被操纵时，可能出现“完成指标但损害目标”。,506,515,2026年注册会计师全国统一考试辅导教材《财务成本管理》,,标注为所属知识节的阅读范围，不是逐题精确页码。,逐节扩充题
finance-full-20-03-001,财务成本管理,责任与业绩,第20章 业绩评价,第三节 经济增加值,经济增加值,基础理解与应用,简答应用,经济增加值为什么还要扣除权益资本成本？,,,,,股东资本也有机会成本。,会计利润为正不代表已经超过全部资本提供者的必要报酬。,507—511,516—520,2026年注册会计师全国统一考试辅导教材《财务成本管理》,,标注为所属知识节的阅读范围，不是逐题精确页码。,逐节扩充题
finance-full-20-03-002,财务成本管理,责任与业绩,第20章 业绩评价,第三节 经济增加值,经济增加值计算,基础理解与应用,简答应用,税后净营业利润150、投入资本1000、WACC10%，EVA多少？,,,,,50。,EVA＝税后净营业利润－投入资本×加权平均资本成本。,507—511,516—520,2026年注册会计师全国统一考试辅导教材《财务成本管理》,,标注为所属知识节的阅读范围，不是逐题精确页码。,逐节扩充题
finance-full-20-03-003,财务成本管理,责任与业绩,第20章 业绩评价,第三节 经济增加值,EVA口径调整,基础理解与应用,简答应用,计算EVA时为何不能随意混用净利润与税后净营业利润？,,,,,两者对融资和经营项目的处理不同。,投入资本、利润和资本成本应保持一致口径。,507—511,516—520,2026年注册会计师全国统一考试辅导教材《财务成本管理》,,标注为所属知识节的阅读范围，不是逐题精确页码。,逐节扩充题
finance-full-20-04-001,财务成本管理,责任与业绩,第20章 业绩评价,第四节 平衡计分卡,平衡计分卡四维度,基础理解与应用,简答应用,平衡计分卡通常包括哪四个维度？,,,,,财务、客户、内部业务流程、学习与成长。,通过多维指标把战略转化为行动。,512—516,521—525,2026年注册会计师全国统一考试辅导教材《财务成本管理》,,标注为所属知识节的阅读范围，不是逐题精确页码。,逐节扩充题
finance-full-20-04-002,财务成本管理,责任与业绩,第20章 业绩评价,第四节 平衡计分卡,战略地图,基础理解与应用,简答应用,战略地图为什么强调指标之间的因果链？,,,,,能力建设和流程改进应支持客户价值及最终财务成果。,单纯堆放指标不等于形成战略管理体系。,512—516,521—525,2026年注册会计师全国统一考试辅导教材《财务成本管理》,,标注为所属知识节的阅读范围，不是逐题精确页码。,逐节扩充题
finance-full-20-05-001,财务成本管理,责任与业绩,第20章 业绩评价,第五节 绩效棱柱模型,绩效棱柱五方面,基础理解与应用,简答应用,绩效棱柱模型从哪五个方面观察绩效？,,,,,利益相关者满意、战略、流程、能力和利益相关者贡献。,既关注组织向相关者提供什么，也关注相关者为组织贡献什么。,517—518,526—527,2026年注册会计师全国统一考试辅导教材《财务成本管理》,,标注为所属知识节的阅读范围，不是逐题精确页码。,逐节扩充题
finance-full-20-06-001,财务成本管理,责任与业绩,第20章 业绩评价,第六节 标杆管理,标杆管理,基础理解与应用,简答应用,标杆管理是否就是照抄优秀企业的做法？,,,,,不是。,应识别差距、分析原因，再结合自身条件改进。,519—523,528—532,2026年注册会计师全国统一考试辅导教材《财务成本管理》,,标注为所属知识节的阅读范围，不是逐题精确页码。,逐节扩充题
finance-full-20-06-002,财务成本管理,责任与业绩,第20章 业绩评价,第六节 标杆管理,标杆选择与局限,基础理解与应用,简答应用,同行领先企业的指标为何不能无条件作为本企业目标？,,,,,业务、资源和环境可能不同。,比较基础不一致会造成不切实际或错误的改进方向。,519—523,528—532,2026年注册会计师全国统一考试辅导教材《财务成本管理》,,标注为所属知识节的阅读范围，不是逐题精确页码。,逐节扩充题
