题号,科目,学习模块,章,节,知识点,难度,题型,题目,A,B,C,D,答案,解析,教材页码,PDF页码,来源,来源链接,定位说明,题目批次,原题号
LAW-00001,经济法,法律基础,第1章 法律基本原理,第一节 法律基本概念,法的形成,零基础,单选,下列哪项是法律区别于一般生活习惯的重要特点？,只要多数人赞同就成为法律,完全依赖个人喜好,只适用于签字同意的人,由国家制定或认可,D,法律的形成有国家制定或认可这一特征；流行的习惯不因此自动成为法律。,3—5,12—14,2026年注册会计师全国统一考试辅导教材《经济法》,,,原有起步题,law-01-01
LAW-00002,经济法,法律基础,第1章 法律基本原理,第一节 法律基本概念,法律与道德,零基础,单选,有人说“维护社会秩序只需要法律，道德没有作用”。应怎样判断？,正确，道德就是刑罚,不正确，因为道德必然由法院强制执行,正确，只有法律能约束人,不正确，道德也能规范行为,D,法律和道德都能调整社会关系，但实施方式不同。道德主要依靠内心信念、社会舆论等。,3—5,12—14,2026年注册会计师全国统一考试辅导教材《经济法》,,,原有起步题,law-01-02
LAW-00003,经济法,法律基础,第1章 法律基本原理,第一节 法律基本概念,法的基本特征,零基础,多选,关于法律，哪些表述正确？,等同于任何个人的要求,可以规定权利和义务,由国家强制力保障实施,能够调整社会关系,B、C、D,法律是一类社会规范，具有国家保障性，不能把个人要求直接等同于法律。,3—5,12—14,2026年注册会计师全国统一考试辅导教材《经济法》,,,原有起步题,law-01-03
LAW-00004,经济法,法律基础,第1章 法律基本原理,第一节 法律基本概念,法律意识,零基础,简答应用,注册会计师只懂记账、不懂合同规则，可能有什么不足？写出一个理由。,,,,,可能不能及时识别服务合同或客户交易中的法律风险。,教材强调注册会计师需要法律意识和运用法律处理专业问题的能力；会计业务也会涉及法律关系。,3—5,12—14,2026年注册会计师全国统一考试辅导教材《经济法》,,,原有起步题,law-01-04
LAW-00005,经济法,法律基础,第1章 法律基本原理,第一节 法律基本概念,法的特征,基础理解与应用,简答应用,法律与一般道德规范的重要区别是什么？,,,,,法律由国家制定或认可，并由国家强制力保障实施。,道德也规范行为，但其形成和保障机制不同。,3—10,12—19,2026年注册会计师全国统一考试辅导教材《经济法》,,标注为所属知识节的阅读范围，不是逐题精确页码。,逐节扩充题,law-full-01-01-001
LAW-00006,经济法,法律基础,第1章 法律基本原理,第一节 法律基本概念,法律体系与法律部门,基础理解与应用,简答应用,法律体系是否等同于某一部法律文件？,,,,,不是，它是各法律部门等构成的有机整体。,法律部门按调整对象和调整方法等进行分类。,3—10,12—19,2026年注册会计师全国统一考试辅导教材《经济法》,,标注为所属知识节的阅读范围，不是逐题精确页码。,逐节扩充题,law-full-01-01-002
LAW-00007,经济法,法律基础,第1章 法律基本原理,第一节 法律基本概念,法律渊源与效力,基础理解与应用,简答应用,行政法规与法律发生冲突时，能否仅因行政法规发布较晚就优先适用？,,,,,不能。,先比较效力层级，不能把“新法优于旧法”跨层级机械套用。,3—10,12—19,2026年注册会计师全国统一考试辅导教材《经济法》,,标注为所属知识节的阅读范围，不是逐题精确页码。,逐节扩充题,law-full-01-01-003
LAW-00008,经济法,法律基础,第1章 法律基本原理,第一节 法律基本概念,法律规范类型,基础理解与应用,简答应用,授权性规范与义务性规范分别表达什么？,,,,,可以怎样行为，以及应当或不得怎样行为。,“可以”“应当”“不得”等用语有助于识别规范性质。,3—10,12—19,2026年注册会计师全国统一考试辅导教材《经济法》,,标注为所属知识节的阅读范围，不是逐题精确页码。,逐节扩充题,law-full-01-01-004
LAW-00009,经济法,法律基础,第1章 法律基本原理,第二节 法律关系,法律关系三要素,基础理解与应用,简答应用,一项法律关系通常由哪些要素组成？,,,,,主体、客体和内容。,内容主要是法律权利与法律义务，不能与客体混淆。,11—14,20—23,2026年注册会计师全国统一考试辅导教材《经济法》,,标注为所属知识节的阅读范围，不是逐题精确页码。,逐节扩充题,law-full-01-02-001
LAW-00010,经济法,法律基础,第1章 法律基本原理,第二节 法律关系,法律主体资格,基础理解与应用,简答应用,权利能力与行为能力是否同一概念？,,,,,不是。,前者关乎享有权利承担义务的资格，后者关乎以自身行为产生法律效果的能力。,11—14,20—23,2026年注册会计师全国统一考试辅导教材《经济法》,,标注为所属知识节的阅读范围，不是逐题精确页码。,逐节扩充题,law-full-01-02-002
LAW-00011,经济法,法律基础,第1章 法律基本原理,第二节 法律关系,法律事实,基础理解与应用,简答应用,合同签订与自然灾害分别更接近哪类法律事实？,,,,,行为与事件。,区分是否与人的意志相关，但须确认其能够引起法律关系变动。,11—14,20—23,2026年注册会计师全国统一考试辅导教材《经济法》,,标注为所属知识节的阅读范围，不是逐题精确页码。,逐节扩充题,law-full-01-02-003
LAW-00012,经济法,法律基础,第1章 法律基本原理,第三节 习近平法治思想引领全面依法治国基本方略,全面依法治国,基础理解与应用,简答应用,法治建设为什么不能只强调公民守法，而不约束公权力？,,,,,依法治国也要求公权力依法行使并接受监督。,权力运行、权利保障和依法治理相互联系。,15—17,24—26,2026年注册会计师全国统一考试辅导教材《经济法》,,标注为所属知识节的阅读范围，不是逐题精确页码。,逐节扩充题,law-full-01-03-001
LAW-00013,经济法,法律基础,第1章 法律基本原理,第三节 习近平法治思想引领全面依法治国基本方略,法治体系,基础理解与应用,简答应用,中国特色社会主义法治体系是否只包括法律规范体系？,,,,,不是，还包括实施、监督、保障等体系以及党内法规体系。,有规则只是起点，还需要规则有效实施和监督保障。,15—17,24—26,2026年注册会计师全国统一考试辅导教材《经济法》,,标注为所属知识节的阅读范围，不是逐题精确页码。,逐节扩充题,law-full-01-03-002
LAW-00014,经济法,法律基础,第1章 法律基本原理,第四节 市场经济的法律调整与经济法律制度,市场与法治,基础理解与应用,简答应用,市场经济为什么需要法律制度保障？,,,,,需要确认权利、维护交易秩序、保护竞争并约束公权力。,市场运行并不等于完全没有规则。,18—28,27—37,2026年注册会计师全国统一考试辅导教材《经济法》,,标注为所属知识节的阅读范围，不是逐题精确页码。,逐节扩充题,law-full-01-04-001
LAW-00015,经济法,法律基础,第1章 法律基本原理,第四节 市场经济的法律调整与经济法律制度,营商环境,基础理解与应用,简答应用,优化营商环境是否意味着可以免除企业法定义务？,,,,,不是。,重点在公平、透明、可预期和依法保护经营主体权益。,18—28,27—37,2026年注册会计师全国统一考试辅导教材《经济法》,,标注为所属知识节的阅读范围，不是逐题精确页码。,逐节扩充题,law-full-01-04-002
LAW-00016,经济法,法律基础,第1章 法律基本原理,第四节 市场经济的法律调整与经济法律制度,经济法律制度结构,基础理解与应用,简答应用,民商法和经济监管法律在市场经济中是否完全互相替代？,,,,,不是。,私法自治与公共监管分工不同，应协调发挥作用。,18—28,27—37,2026年注册会计师全国统一考试辅导教材《经济法》,,标注为所属知识节的阅读范围，不是逐题精确页码。,逐节扩充题,law-full-01-04-003
LAW-00017,经济法,法律基础,第2章 基本民事法律制度,第一节 民事法律行为制度,意思表示,零基础,单选,甲只在心里想卖电脑，从未向任何人表达。这是否已构成出售电脑的意思表示？,否，内心意思尚未表现于外,是，无须任何表达,是，想法就是表示,是，电脑属于甲即可,A,意思表示要求将内在意思表现于外。仅有内心想法不构成意思表示。,29—31,38—40,2026年注册会计师全国统一考试辅导教材《经济法》,,,原有起步题,law-02-01
LAW-00018,经济法,法律基础,第2章 基本民事法律制度,第一节 民事法律行为制度,民事法律行为的目的,零基础,单选,双方约定变更货款支付日期，主要是在做什么？,撤销全部财产权,变更民事权利义务关系,实施行政处罚,制定全国性法律,B,双方通过意思表示变更合同内容，目的在于调整既有民事权利义务。,29—31,38—40,2026年注册会计师全国统一考试辅导教材《经济法》,,,原有起步题,law-02-02
LAW-00019,经济法,法律基础,第2章 基本民事法律制度,第一节 民事法律行为制度,民事法律行为,零基础,多选,民事法律行为可以以哪些法律效果为目的？,设立民事关系,变更民事关系,终止民事关系,只产生自然现象,A、B、C,民事法律行为通过意思表示实现设立、变更或终止民事法律关系的效果。,29—31,38—40,2026年注册会计师全国统一考试辅导教材《经济法》,,,原有起步题,law-02-03
LAW-00020,经济法,法律基础,第2章 基本民事法律制度,第一节 民事法律行为制度,意思表示与动机,零基础,简答应用,小王因为需要学费而出售电脑。“需要学费”与“出售电脑”的法律行为目的相同吗？,,,,,不相同。需要学费是个人动机；出售电脑的法律行为目的是设立买卖双方的权利义务。,区分主观生活动机与行为追求的法律后果，是理解民事法律行为的起点。,29—31,38—40,2026年注册会计师全国统一考试辅导教材《经济法》,,,原有起步题,law-02-04
LAW-00021,经济法,法律基础,第2章 基本民事法律制度,第一节 民事法律行为制度,意思表示,基础理解与应用,简答应用,意思表示与单纯内心想法有什么区别？,,,,,意思表示需要以一定方式向外表达产生法律效果的意思。,尚未表示的内心意图通常不能直接形成相应民事法律行为。,29—37,38—46,2026年注册会计师全国统一考试辅导教材《经济法》,,标注为所属知识节的阅读范围，不是逐题精确页码。,逐节扩充题,law-full-02-01-001
LAW-00022,经济法,法律基础,第2章 基本民事法律制度,第一节 民事法律行为制度,法律行为有效条件,基础理解与应用,简答应用,判断民事法律行为有效，通常应检查哪些方面？,,,,,行为能力、意思表示真实，以及不违反导致行为无效的法律、行政法规强制性规定和公序良俗等。,不是只要双方签字就必然有效。,29—37,38—46,2026年注册会计师全国统一考试辅导教材《经济法》,,标注为所属知识节的阅读范围，不是逐题精确页码。,逐节扩充题,law-full-02-01-002
LAW-00023,经济法,法律基础,第2章 基本民事法律制度,第一节 民事法律行为制度,无效与可撤销,基础理解与应用,简答应用,无效行为和可撤销行为的法律状态相同吗？,,,,,不同。,可撤销行为在依法被撤销前通常有效，无效行为自始不发生预期效力。,29—37,38—46,2026年注册会计师全国统一考试辅导教材《经济法》,,标注为所属知识节的阅读范围，不是逐题精确页码。,逐节扩充题,law-full-02-01-003
LAW-00024,经济法,法律基础,第2章 基本民事法律制度,第一节 民事法律行为制度,重大误解与欺诈,基础理解与应用,简答应用,误把普通画作当成名家真迹，和卖方故意伪造鉴定，有何区别？,,,,,前者可能涉及重大误解，后者可能涉及欺诈。,应分别检查错误认识、故意误导及对意思表示的影响。,29—37,38—46,2026年注册会计师全国统一考试辅导教材《经济法》,,标注为所属知识节的阅读范围，不是逐题精确页码。,逐节扩充题,law-full-02-01-004
LAW-00025,经济法,法律基础,第2章 基本民事法律制度,第一节 民事法律行为制度,胁迫与显失公平,基础理解与应用,简答应用,有人利用威胁使他人签约，与利用对方危困形成显失公平交易，判断重点有何不同？,,,,,分别关注胁迫行为，以及利用危困等情形造成明显不公平。,不能仅凭交易结果不划算就认定存在法定撤销事由。,29—37,38—46,2026年注册会计师全国统一考试辅导教材《经济法》,,标注为所属知识节的阅读范围，不是逐题精确页码。,逐节扩充题,law-full-02-01-005
LAW-00026,经济法,法律基础,第2章 基本民事法律制度,第一节 民事法律行为制度,附条件与附期限,基础理解与应用,简答应用,“甲考取某资格证书后生效”和“下月1日生效”在条件性质上有何不同？,,,,,前者所系事实未必发生，后者所系时间必然到来。,区分条件与期限要看将来事实是否确定发生。,29—37,38—46,2026年注册会计师全国统一考试辅导教材《经济法》,,标注为所属知识节的阅读范围，不是逐题精确页码。,逐节扩充题,law-full-02-01-006
LAW-00027,经济法,法律基础,第2章 基本民事法律制度,第一节 民事法律行为制度,效力待定,基础理解与应用,简答应用,限制行为能力人超出其能力范围订立合同，是否应一概认定永久无效？,,,,,不是，应依规则判断是否需要法定代理人追认等。,纯获利益和与其能力相适应的行为另有规则。,29—37,38—46,2026年注册会计师全国统一考试辅导教材《经济法》,,标注为所属知识节的阅读范围，不是逐题精确页码。,逐节扩充题,law-full-02-01-007
LAW-00028,经济法,法律基础,第2章 基本民事法律制度,第二节 代理制度,代理法律效果,基础理解与应用,简答应用,代理人在代理权限内以被代理人名义实施行为，效果通常归属于谁？,,,,,被代理人。,代理人不是当然成为该交易权利义务的最终主体。,38—41,47—50,2026年注册会计师全国统一考试辅导教材《经济法》,,标注为所属知识节的阅读范围，不是逐题精确页码。,逐节扩充题,law-full-02-02-001
LAW-00029,经济法,法律基础,第2章 基本民事法律制度,第二节 代理制度,无权代理与追认,基础理解与应用,简答应用,行为人没有代理权订约，被代理人是否一律受约束？,,,,,不是，要判断追认、表见代理等情况。,不能只因行为人声称“代表某人”就确认代理权。,38—41,47—50,2026年注册会计师全国统一考试辅导教材《经济法》,,标注为所属知识节的阅读范围，不是逐题精确页码。,逐节扩充题,law-full-02-02-002
LAW-00030,经济法,法律基础,第2章 基本民事法律制度,第二节 代理制度,表见代理,基础理解与应用,简答应用,表见代理为何要关注相对人是否善意且有理由相信存在代理权？,,,,,该制度保护合理信赖，而非保护明知无权仍交易的人。,仅有行为人自称有权通常不够。,38—41,47—50,2026年注册会计师全国统一考试辅导教材《经济法》,,标注为所属知识节的阅读范围，不是逐题精确页码。,逐节扩充题,law-full-02-02-003
LAW-00031,经济法,法律基础,第2章 基本民事法律制度,第二节 代理制度,自己代理与双方代理,基础理解与应用,简答应用,代理人能否完全不受限制地同时代表交易双方？,,,,,不能。,利益冲突可能损害被代理人，需要符合相应同意、追认等规则。,38—41,47—50,2026年注册会计师全国统一考试辅导教材《经济法》,,标注为所属知识节的阅读范围，不是逐题精确页码。,逐节扩充题,law-full-02-02-004
LAW-00032,经济法,法律基础,第2章 基本民事法律制度,第二节 代理制度,转委托,基础理解与应用,简答应用,代理人把事务转给他人处理，为什么要检查授权或紧急情形？,,,,,转委托涉及被代理人对代理人选择的信赖。,不能当然把最初的代理授权理解为无限转授权限。,38—41,47—50,2026年注册会计师全国统一考试辅导教材《经济法》,,标注为所属知识节的阅读范围，不是逐题精确页码。,逐节扩充题,law-full-02-02-005
LAW-00033,经济法,法律基础,第2章 基本民事法律制度,第三节 诉讼时效制度,诉讼时效效果,基础理解与应用,简答应用,诉讼时效届满是否意味着债务本身自动消灭？,,,,,不是。,义务人可能取得时效抗辩，权利本身与胜诉保护应区分。,42—46,51—55,2026年注册会计师全国统一考试辅导教材《经济法》,,标注为所属知识节的阅读范围，不是逐题精确页码。,逐节扩充题,law-full-02-03-001
LAW-00034,经济法,法律基础,第2章 基本民事法律制度,第三节 诉讼时效制度,一般诉讼时效,基础理解与应用,简答应用,教材中的一般诉讼时效期间通常为多少年？,,,,,3年，法律另有规定的除外。,还须判断起算点、最长保护期间以及中止中断等因素。,42—46,51—55,2026年注册会计师全国统一考试辅导教材《经济法》,,标注为所属知识节的阅读范围，不是逐题精确页码。,逐节扩充题,law-full-02-03-002
LAW-00035,经济法,法律基础,第2章 基本民事法律制度,第三节 诉讼时效制度,时效起算,基础理解与应用,简答应用,一般诉讼时效为什么不一定从合同签订日开始？,,,,,通常从知道或应当知道权利受损以及义务人时起算。,合同成立与权利受侵害不是同一时点。,42—46,51—55,2026年注册会计师全国统一考试辅导教材《经济法》,,标注为所属知识节的阅读范围，不是逐题精确页码。,逐节扩充题,law-full-02-03-003
LAW-00036,经济法,法律基础,第2章 基本民事法律制度,第三节 诉讼时效制度,时效中止与中断,基础理解与应用,简答应用,中止和中断对已经经过的期间有什么主要区别？,,,,,中止并不抹去已经过期间；障碍消除之日起满6个月时效届满。中断后依法重新计算。,中止通常涉及期间最后6个月的法定障碍，不能与中断混用。,42—46,51—55,2026年注册会计师全国统一考试辅导教材《经济法》,,标注为所属知识节的阅读范围，不是逐题精确页码。,逐节扩充题,law-full-02-03-004
LAW-00037,经济法,法律基础,第2章 基本民事法律制度,第三节 诉讼时效制度,不适用诉讼时效,基础理解与应用,简答应用,是否所有民事请求权都适用诉讼时效？,,,,,不是。,某些请求权依法不适用，需先判断请求权类型。,42—46,51—55,2026年注册会计师全国统一考试辅导教材《经济法》,,标注为所属知识节的阅读范围，不是逐题精确页码。,逐节扩充题,law-full-02-03-005
LAW-00038,经济法,财产与合同,第3章 物权法律制度,第一节 物权法律制度概述,物权调整对象,零基础,单选,物权制度主要调整哪类关系？,国家机构任免,犯罪与刑罚,物的归属和利用,税务处罚,C,物权制度围绕物的归属和利用展开，是财产制度的重要基础。,47—49,56—58,2026年注册会计师全国统一考试辅导教材《经济法》,,,原有起步题,law-03-01
LAW-00039,经济法,财产与合同,第3章 物权法律制度,第一节 物权法律制度概述,物权与债权,零基础,单选,在财产制度中，通常被称为“财产归属法”的是哪一类？,债权制度,刑罚制度,物权制度,行政程序制度,C,教材区分：物权制度偏重财产归属，债权制度偏重财产流转。,47—49,56—58,2026年注册会计师全国统一考试辅导教材《经济法》,,,原有起步题,law-03-02
LAW-00040,经济法,财产与合同,第3章 物权法律制度,第一节 物权法律制度概述,物权类型,零基础,多选,哪些属于教材列示的基本物权类型？,用益物权,担保物权,行政处罚权,所有权,A、B、D,所有权、用益物权、担保物权属于物权体系，行政处罚权不属于民事物权。,47—49,56—58,2026年注册会计师全国统一考试辅导教材《经济法》,,,原有起步题,law-03-03
LAW-00041,经济法,财产与合同,第3章 物权法律制度,第一节 物权法律制度概述,物权与债权辨析,零基础,简答应用,“这台电脑归甲所有”与“乙应向甲支付货款”，哪一个主要体现物权，哪一个主要体现债权？,,,,,电脑归甲所有主要体现物权；甲请求乙付款主要体现债权。,前者回答财产归属，后者体现向特定相对人请求给付。,47—49,56—58,2026年注册会计师全国统一考试辅导教材《经济法》,,,原有起步题,law-03-04
LAW-00042,经济法,财产与合同,第3章 物权法律制度,第一节 物权法律制度概述,物权与债权,基础理解与应用,简答应用,物权与债权在权利作用对象及对外效力上有何区别？,,,,,物权直接支配特定物并通常具有对世性，债权主要请求特定人履行。,同一交易可能同时产生债权问题和物权变动问题。,47—51,56—60,2026年注册会计师全国统一考试辅导教材《经济法》,,标注为所属知识节的阅读范围，不是逐题精确页码。,逐节扩充题,law-full-03-01-001
LAW-00043,经济法,财产与合同,第3章 物权法律制度,第一节 物权法律制度概述,物权法定,基础理解与应用,简答应用,当事人能否随意创设法律没有规定的新物权类型？,,,,,不能。,物权的种类和内容由法律规定，合同自由不等于物权类型自由。,47—51,56—60,2026年注册会计师全国统一考试辅导教材《经济法》,,标注为所属知识节的阅读范围，不是逐题精确页码。,逐节扩充题,law-full-03-01-002
LAW-00044,经济法,财产与合同,第3章 物权法律制度,第一节 物权法律制度概述,物的分类,基础理解与应用,简答应用,主物与从物、原物与孳息为什么要区分？,,,,,其权利归属和随同转让等规则可能不同。,物的经济联系不自动意味着法律上始终同一归属。,47—51,56—60,2026年注册会计师全国统一考试辅导教材《经济法》,,标注为所属知识节的阅读范围，不是逐题精确页码。,逐节扩充题,law-full-03-01-003
LAW-00045,经济法,财产与合同,第3章 物权法律制度,第一节 物权法律制度概述,物权公示,基础理解与应用,简答应用,不动产与动产物权变动通常分别采用什么公示方式？,,,,,登记与交付。,这是基本规则，具体物权或取得原因可能有法定例外。,47—51,56—60,2026年注册会计师全国统一考试辅导教材《经济法》,,标注为所属知识节的阅读范围，不是逐题精确页码。,逐节扩充题,law-full-03-01-004
LAW-00046,经济法,财产与合同,第3章 物权法律制度,第二节 物权变动,合同与物权变动,基础理解与应用,简答应用,签订房屋买卖合同，是否当然已经取得房屋所有权？,,,,,不是。,合同效力与所有权转移是两个问题，通常还需要登记。,52—56,61—65,2026年注册会计师全国统一考试辅导教材《经济法》,,标注为所属知识节的阅读范围，不是逐题精确页码。,逐节扩充题,law-full-03-02-001
LAW-00047,经济法,财产与合同,第3章 物权法律制度,第二节 物权变动,动产交付方式,基础理解与应用,简答应用,简易交付、指示交付和占有改定说明了什么？,,,,,动产交付不一定都表现为现实中的再次搬运。,需要按法律规定识别占有状态及权利移转安排。,52—56,61—65,2026年注册会计师全国统一考试辅导教材《经济法》,,标注为所属知识节的阅读范围，不是逐题精确页码。,逐节扩充题,law-full-03-02-002
LAW-00048,经济法,财产与合同,第3章 物权法律制度,第二节 物权变动,登记对抗与登记生效,基础理解与应用,简答应用,“未经登记不得对抗善意第三人”是否等同“未经登记权利根本不成立”？,,,,,不是。,对抗要件与生效要件作用不同。,52—56,61—65,2026年注册会计师全国统一考试辅导教材《经济法》,,标注为所属知识节的阅读范围，不是逐题精确页码。,逐节扩充题,law-full-03-02-003
LAW-00049,经济法,财产与合同,第3章 物权法律制度,第二节 物权变动,非法律行为物权变动,基础理解与应用,简答应用,继承或法院生效法律文书引起的物权变动，是否全部照搬买卖登记生效规则？,,,,,不是。,法定取得原因可能有特殊生效时点，后续处分仍可能需要登记。,52—56,61—65,2026年注册会计师全国统一考试辅导教材《经济法》,,标注为所属知识节的阅读范围，不是逐题精确页码。,逐节扩充题,law-full-03-02-004
LAW-00050,经济法,财产与合同,第3章 物权法律制度,第三节 所有权,按份共有与共同共有,基础理解与应用,简答应用,按份共有和共同共有的权利基础有何不同？,,,,,前者通常有确定份额，后者基于共同关系享有共有权。,处分、分割等问题应按共有类型分析。,57—65,66—74,2026年注册会计师全国统一考试辅导教材《经济法》,,标注为所属知识节的阅读范围，不是逐题精确页码。,逐节扩充题,law-full-03-03-001
LAW-00051,经济法,财产与合同,第3章 物权法律制度,第三节 所有权,善意取得,基础理解与应用,简答应用,无处分权人出售财产，受让人是否只凭“不知情”就一定取得所有权？,,,,,不是。,还需满足善意、合理价格及相应登记或交付等条件。,57—65,66—74,2026年注册会计师全国统一考试辅导教材《经济法》,,标注为所属知识节的阅读范围，不是逐题精确页码。,逐节扩充题,law-full-03-03-002
LAW-00052,经济法,财产与合同,第3章 物权法律制度,第三节 所有权,遗失物,基础理解与应用,简答应用,拾得遗失物是否可以直接认定为拾得人的财产？,,,,,不可以。,拾得不等于取得所有权，返还、通知和保管等有专门规则。,57—65,66—74,2026年注册会计师全国统一考试辅导教材《经济法》,,标注为所属知识节的阅读范围，不是逐题精确页码。,逐节扩充题,law-full-03-03-003
LAW-00053,经济法,财产与合同,第3章 物权法律制度,第三节 所有权,添附与孳息,基础理解与应用,简答应用,加工、附合、混合以及天然或法定孳息为何需要分别判断？,,,,,不同取得方式涉及不同权属与补偿规则。,不能仅依据“谁占有”就确定所有权。,57—65,66—74,2026年注册会计师全国统一考试辅导教材《经济法》,,标注为所属知识节的阅读范围，不是逐题精确页码。,逐节扩充题,law-full-03-03-004
LAW-00054,经济法,财产与合同,第3章 物权法律制度,第四节 用益物权,用益物权,基础理解与应用,简答应用,用益物权与所有权最大的基本区别是什么？,,,,,用益物权是在他人所有物上依法占有、使用和收益的权利。,其内容和期限受法律及设立关系限制。,66—69,75—78,2026年注册会计师全国统一考试辅导教材《经济法》,,标注为所属知识节的阅读范围，不是逐题精确页码。,逐节扩充题,law-full-03-04-001
LAW-00055,经济法,财产与合同,第3章 物权法律制度,第四节 用益物权,建设用地使用权,基础理解与应用,简答应用,取得建设用地使用权，是否等于取得土地所有权？,,,,,不是。,土地所有权与用益物权是不同权利层次。,66—69,75—78,2026年注册会计师全国统一考试辅导教材《经济法》,,标注为所属知识节的阅读范围，不是逐题精确页码。,逐节扩充题,law-full-03-04-002
LAW-00056,经济法,财产与合同,第3章 物权法律制度,第四节 用益物权,居住权,基础理解与应用,简答应用,居住权是否可以简单等同于一般租赁合同权利？,,,,,不能。,居住权属于法定用益物权，有专门设立和行使规则。,66—69,75—78,2026年注册会计师全国统一考试辅导教材《经济法》,,标注为所属知识节的阅读范围，不是逐题精确页码。,逐节扩充题,law-full-03-04-003
LAW-00057,经济法,财产与合同,第3章 物权法律制度,第五节 担保物权,担保物权从属性,基础理解与应用,简答应用,主债权不存在时，担保物权是否通常还能独立存在？,,,,,通常不能，法律另有规定的除外。,担保物权以保障主债权实现为目的。,70—85,79—94,2026年注册会计师全国统一考试辅导教材《经济法》,,标注为所属知识节的阅读范围，不是逐题精确页码。,逐节扩充题,law-full-03-05-001
LAW-00058,经济法,财产与合同,第3章 物权法律制度,第五节 担保物权,抵押与质押,基础理解与应用,简答应用,抵押与动产质押在占有移转上有何典型区别？,,,,,抵押通常不移转占有，动产质押通常以交付出质物设立。,不同担保方式的公示和控制机制不同。,70—85,79—94,2026年注册会计师全国统一考试辅导教材《经济法》,,标注为所属知识节的阅读范围，不是逐题精确页码。,逐节扩充题,law-full-03-05-002
LAW-00059,经济法,财产与合同,第3章 物权法律制度,第五节 担保物权,抵押财产范围,基础理解与应用,简答应用,所有财产都能设定抵押吗？,,,,,不是。,法律对所有权、公益用途和权属争议等情形设有限制。,70—85,79—94,2026年注册会计师全国统一考试辅导教材《经济法》,,标注为所属知识节的阅读范围，不是逐题精确页码。,逐节扩充题,law-full-03-05-003
LAW-00060,经济法,财产与合同,第3章 物权法律制度,第五节 担保物权,抵押权顺位,基础理解与应用,简答应用,同一财产存在多个抵押权时，清偿顺序能否仅按借款金额大小排列？,,,,,不能。,需要依据登记、公示及法定顺位规则确定。,70—85,79—94,2026年注册会计师全国统一考试辅导教材《经济法》,,标注为所属知识节的阅读范围，不是逐题精确页码。,逐节扩充题,law-full-03-05-004
LAW-00061,经济法,财产与合同,第3章 物权法律制度,第五节 担保物权,抵押物转让,基础理解与应用,简答应用,设立抵押后转让抵押物，是否意味着抵押权自动消失？,,,,,不是。,需结合抵押权追及效力及相关保护规则分析。,70—85,79—94,2026年注册会计师全国统一考试辅导教材《经济法》,,标注为所属知识节的阅读范围，不是逐题精确页码。,逐节扩充题,law-full-03-05-005
LAW-00062,经济法,财产与合同,第3章 物权法律制度,第五节 担保物权,最高额抵押,基础理解与应用,简答应用,最高额抵押与普通抵押在所担保债权确定方式上有何区别？,,,,,前者担保一定期间连续发生、在最高限额内确定的债权。,不能把最高债权限额当成每笔债务均可另行享有的额度。,70—85,79—94,2026年注册会计师全国统一考试辅导教材《经济法》,,标注为所属知识节的阅读范围，不是逐题精确页码。,逐节扩充题,law-full-03-05-006
LAW-00063,经济法,财产与合同,第3章 物权法律制度,第五节 担保物权,权利质押,基础理解与应用,简答应用,应收账款等权利出质，是否仅把纸质合同交给债权人即可完成全部设立要求？,,,,,不一定。,权利质押往往需相应登记或交付等法定公示方式。,70—85,79—94,2026年注册会计师全国统一考试辅导教材《经济法》,,标注为所属知识节的阅读范围，不是逐题精确页码。,逐节扩充题,law-full-03-05-007
LAW-00064,经济法,财产与合同,第3章 物权法律制度,第五节 担保物权,留置权,基础理解与应用,简答应用,债权人占有债务人财产，是否一概可以留置？,,,,,不能。,还要满足合法占有、债权到期及牵连关系等适用条件或法定例外。,70—85,79—94,2026年注册会计师全国统一考试辅导教材《经济法》,,标注为所属知识节的阅读范围，不是逐题精确页码。,逐节扩充题,law-full-03-05-008
LAW-00065,经济法,财产与合同,第3章 物权法律制度,第五节 担保物权,流押流质,基础理解与应用,简答应用,约定“不还款抵押物直接归债权人”能否替代依法实现担保物权？,,,,,不能据此当然取得所有权。,担保实现仍需遵守法定规则，超额价值不能被随意剥夺。,70—85,79—94,2026年注册会计师全国统一考试辅导教材《经济法》,,标注为所属知识节的阅读范围，不是逐题精确页码。,逐节扩充题,law-full-03-05-009
LAW-00066,经济法,财产与合同,第4章 合同法律制度,第一节 合同的基本理论,合同的主体地位,零基础,单选,大型公司和小商店签订买卖合同，其民事法律地位如何？,大公司天然高一等,小商店必须无条件服从,由公司人数决定,双方地位平等,D,合同建立在平等主体之间，公司规模不赋予一方强迫对方接受条件的权力。,86—88,95—97,2026年注册会计师全国统一考试辅导教材《经济法》,,,原有起步题,law-04-01
LAW-00067,经济法,财产与合同,第4章 合同法律制度,第一节 合同的基本理论,合同成立的意思要素,零基础,单选,仅甲想购买，乙没有同意。能否仅据甲的想法认定双方已达成买卖协议？,能，只要甲有付款能力,能，只要甲发了朋友圈,能，买方意愿优先,不能，需有相应意思表示一致,D,合同通常要求当事人意思表示一致，仅一方希望成交不够。,86—88,95—97,2026年注册会计师全国统一考试辅导教材《经济法》,,,原有起步题,law-04-02
LAW-00068,经济法,财产与合同,第4章 合同法律制度,第一节 合同的基本理论,合同基本概念,零基础,多选,合同可以约定哪些民事法律效果？,终止权利义务,让一方获得国家立法权,设立权利义务,变更权利义务,A、C、D,合同作用于当事人之间的民事关系，不会创设国家立法权。,86—88,95—97,2026年注册会计师全国统一考试辅导教材《经济法》,,,原有起步题,law-04-03
LAW-00069,经济法,财产与合同,第4章 合同法律制度,第一节 合同的基本理论,意思自治,零基础,简答应用,供应商认为自己规模大，因此可以强迫客户接受新价格。仅以规模为由，这种想法是否符合合同的基本理论？,,,,,不符合。双方是平等民事主体，合同内容应依法通过协商形成。,意思自治并不意味着强者可以把单方意志强加给另一方。,86—88,95—97,2026年注册会计师全国统一考试辅导教材《经济法》,,,原有起步题,law-04-04
LAW-00070,经济法,财产与合同,第4章 合同法律制度,第一节 合同的基本理论,合同相对性,基础理解与应用,简答应用,甲乙订立合同，能否当然要求无关的丙履行乙的全部义务？,,,,,不能。,合同原则上约束当事人，法定或约定的特殊制度须另行判断。,86—88,95—97,2026年注册会计师全国统一考试辅导教材《经济法》,,标注为所属知识节的阅读范围，不是逐题精确页码。,逐节扩充题,law-full-04-01-001
LAW-00071,经济法,财产与合同,第4章 合同法律制度,第一节 合同的基本理论,合同分类,基础理解与应用,简答应用,有偿无偿、双务单务、诺成实践合同的分类，为什么影响判断？,,,,,不同类型在成立、责任或履行规则上可能不同。,分类不是单纯名称记忆，而是适用规则的起点。,86—88,95—97,2026年注册会计师全国统一考试辅导教材《经济法》,,标注为所属知识节的阅读范围，不是逐题精确页码。,逐节扩充题,law-full-04-01-002
LAW-00072,经济法,财产与合同,第4章 合同法律制度,第二节 合同的订立,要约与要约邀请,基础理解与应用,简答应用,商品广告是否必然都是要约？,,,,,不是，要看内容是否具体确定并表明受承诺约束的意思。,通常广告可能属于要约邀请，满足条件时也可能构成要约。,89—92,98—101,2026年注册会计师全国统一考试辅导教材《经济法》,,标注为所属知识节的阅读范围，不是逐题精确页码。,逐节扩充题,law-full-04-02-001
LAW-00073,经济法,财产与合同,第4章 合同法律制度,第二节 合同的订立,要约撤回与撤销,基础理解与应用,简答应用,撤回要约与撤销要约分别发生在要约效力的哪个阶段？,,,,,撤回针对生效前，撤销针对生效后且承诺前等法定阶段。,到达时间及是否允许撤销需要分别判断。,89—92,98—101,2026年注册会计师全国统一考试辅导教材《经济法》,,标注为所属知识节的阅读范围，不是逐题精确页码。,逐节扩充题,law-full-04-02-002
LAW-00074,经济法,财产与合同,第4章 合同法律制度,第二节 合同的订立,承诺内容,基础理解与应用,简答应用,对价格作实质变更的“同意”，通常属于承诺还是新要约？,,,,,通常属于新要约。,承诺原则上应与要约的实质内容一致。,89—92,98—101,2026年注册会计师全国统一考试辅导教材《经济法》,,标注为所属知识节的阅读范围，不是逐题精确页码。,逐节扩充题,law-full-04-02-003
LAW-00075,经济法,财产与合同,第4章 合同法律制度,第二节 合同的订立,格式条款,基础理解与应用,简答应用,提供格式条款一方是否可以把重大免责内容隐藏在不易注意的位置？,,,,,不可以。,涉及对方重大利害关系的条款有提示说明等要求。,89—92,98—101,2026年注册会计师全国统一考试辅导教材《经济法》,,标注为所属知识节的阅读范围，不是逐题精确页码。,逐节扩充题,law-full-04-02-004
LAW-00076,经济法,财产与合同,第4章 合同法律制度,第二节 合同的订立,缔约过失,基础理解与应用,简答应用,合同最终没有成立，是否必然不存在任何赔偿责任？,,,,,不是。,恶意磋商、隐瞒重要事实等违反诚信的行为可能产生缔约过失责任。,89—92,98—101,2026年注册会计师全国统一考试辅导教材《经济法》,,标注为所属知识节的阅读范围，不是逐题精确页码。,逐节扩充题,law-full-04-02-005
LAW-00077,经济法,财产与合同,第4章 合同法律制度,第三节 合同的效力,成立与生效,基础理解与应用,简答应用,合同成立是否必然与生效同时发生？,,,,,不是。,附生效条件、法律规定批准等情形可能使成立与生效时间不同。,93,102,2026年注册会计师全国统一考试辅导教材《经济法》,,标注为所属知识节的阅读范围，不是逐题精确页码。,逐节扩充题,law-full-04-03-001
LAW-00078,经济法,财产与合同,第4章 合同法律制度,第三节 合同的效力,效力判断层次,基础理解与应用,简答应用,判断合同效力，为什么要同时检查当事人能力、意思与内容？,,,,,各方面均可能影响合同是否有效、可撤销或效力待定。,签字只是证据之一，不能替代完整效力分析。,93,102,2026年注册会计师全国统一考试辅导教材《经济法》,,标注为所属知识节的阅读范围，不是逐题精确页码。,逐节扩充题,law-full-04-03-002
LAW-00079,经济法,财产与合同,第4章 合同法律制度,第四节 合同的履行,履行补充规则,基础理解与应用,简答应用,合同对履行地点或价款约定不明，应首先怎样处理？,,,,,依法通过补充协议、相关条款或交易习惯等确定。,不能由一方任意选择最有利解释。,94—97,103—106,2026年注册会计师全国统一考试辅导教材《经济法》,,标注为所属知识节的阅读范围，不是逐题精确页码。,逐节扩充题,law-full-04-04-001
LAW-00080,经济法,财产与合同,第4章 合同法律制度,第四节 合同的履行,同时履行抗辩,基础理解与应用,简答应用,双务合同双方没有先后履行顺序，一方未履行时另一方能否在适当范围内拒绝？,,,,,可以依法主张同时履行抗辩。,抗辩须符合对应给付等条件，不等于永久免除自身义务。,94—97,103—106,2026年注册会计师全国统一考试辅导教材《经济法》,,标注为所属知识节的阅读范围，不是逐题精确页码。,逐节扩充题,law-full-04-04-002
LAW-00081,经济法,财产与合同,第4章 合同法律制度,第四节 合同的履行,不安抗辩,基础理解与应用,简答应用,先履行方有确切证据证明对方履约能力严重恶化，可以怎样处理？,,,,,可依法中止履行并及时通知等。,仅凭猜测不足，还应履行通知及恢复履行等相关义务。,94—97,103—106,2026年注册会计师全国统一考试辅导教材《经济法》,,标注为所属知识节的阅读范围，不是逐题精确页码。,逐节扩充题,law-full-04-04-003
LAW-00082,经济法,财产与合同,第4章 合同法律制度,第四节 合同的履行,连带与按份债务,基础理解与应用,简答应用,连带债务人是否只能被债权人请求履行自己的内部份额？,,,,,不是。,对外可能需承担全部履行责任，内部再按规则追偿。,94—97,103—106,2026年注册会计师全国统一考试辅导教材《经济法》,,标注为所属知识节的阅读范围，不是逐题精确页码。,逐节扩充题,law-full-04-04-004
LAW-00083,经济法,财产与合同,第4章 合同法律制度,第四节 合同的履行,情势变更,基础理解与应用,简答应用,市场价格略有波动，是否当然可以主张情势变更解除合同？,,,,,不是。,需达到法定的重大变化等条件，普通商业风险不能简单转嫁。,94—97,103—106,2026年注册会计师全国统一考试辅导教材《经济法》,,标注为所属知识节的阅读范围，不是逐题精确页码。,逐节扩充题,law-full-04-04-005
LAW-00084,经济法,财产与合同,第4章 合同法律制度,第五节 合同的保全,债权人代位权,基础理解与应用,简答应用,债务人怠于行使到期债权等权利影响债权实现，债权人可考虑什么保全制度？,,,,,债权人代位权。,它不是任意接管债务人的全部事务，范围和条件受法律限制。,98—100,107—109,2026年注册会计师全国统一考试辅导教材《经济法》,,标注为所属知识节的阅读范围，不是逐题精确页码。,逐节扩充题,law-full-04-05-001
LAW-00085,经济法,财产与合同,第4章 合同法律制度,第五节 合同的保全,债权人撤销权,基础理解与应用,简答应用,债务人无偿转让财产损害债权实现，债权人可考虑什么救济？,,,,,依法请求撤销该行为。,保全针对责任财产不当减少，需满足法定条件和期限。,98—100,107—109,2026年注册会计师全国统一考试辅导教材《经济法》,,标注为所属知识节的阅读范围，不是逐题精确页码。,逐节扩充题,law-full-04-05-002
LAW-00086,经济法,财产与合同,第4章 合同法律制度,第六节 合同的担保,保证方式,基础理解与应用,简答应用,一般保证和连带责任保证最重要的履责顺序差异是什么？,,,,,一般保证人在法定条件下有先诉抗辩，连带责任保证通常没有该抗辩。,须结合合同约定及法定解释规则识别保证方式。,101—107,110—116,2026年注册会计师全国统一考试辅导教材《经济法》,,标注为所属知识节的阅读范围，不是逐题精确页码。,逐节扩充题,law-full-04-06-001
LAW-00087,经济法,财产与合同,第4章 合同法律制度,第六节 合同的担保,保证期间与时效,基础理解与应用,简答应用,保证期间和保证债务诉讼时效能否视为同一期间？,,,,,不能。,二者起算、法律作用及是否可中止中断的规则不同。,101—107,110—116,2026年注册会计师全国统一考试辅导教材《经济法》,,标注为所属知识节的阅读范围，不是逐题精确页码。,逐节扩充题,law-full-04-06-002
LAW-00088,经济法,财产与合同,第4章 合同法律制度,第六节 合同的担保,定金限额与效力,基础理解与应用,简答应用,定金约定超过法律允许的担保比例，超出部分是否自动具有定金效力？,,,,,不是。,应按定金法定限额判断，不能仅凭款项名称适用定金罚则。,101—107,110—116,2026年注册会计师全国统一考试辅导教材《经济法》,,标注为所属知识节的阅读范围，不是逐题精确页码。,逐节扩充题,law-full-04-06-003
LAW-00089,经济法,财产与合同,第4章 合同法律制度,第六节 合同的担保,定金罚则,基础理解与应用,简答应用,给付定金一方违约致不能实现合同目的，定金通常如何处理？,,,,,无权请求返还；收受方相应违约时通常双倍返还。,必须满足适用定金罚则的条件，不是任何轻微违约均适用。,101—107,110—116,2026年注册会计师全国统一考试辅导教材《经济法》,,标注为所属知识节的阅读范围，不是逐题精确页码。,逐节扩充题,law-full-04-06-004
LAW-00090,经济法,财产与合同,第4章 合同法律制度,第六节 合同的担保,定金与违约金,基础理解与应用,简答应用,合同同时约定定金和违约金，违约后能否当然把两项罚则全部累加？,,,,,不能当然累加，应按法定选择等规则处理。,还应区分定金罚则与实际损失赔偿。,101—107,110—116,2026年注册会计师全国统一考试辅导教材《经济法》,,标注为所属知识节的阅读范围，不是逐题精确页码。,逐节扩充题,law-full-04-06-005
LAW-00091,经济法,财产与合同,第4章 合同法律制度,第七节 合同的变更和转让,债权转让通知,基础理解与应用,简答应用,债权转让一般是否必须取得债务人同意？,,,,,通常不必，但需依法通知债务人等。,通知影响对债务人的效力，法定或约定限制另行判断。,108—110,117—119,2026年注册会计师全国统一考试辅导教材《经济法》,,标注为所属知识节的阅读范围，不是逐题精确页码。,逐节扩充题,law-full-04-07-001
LAW-00092,经济法,财产与合同,第4章 合同法律制度,第七节 合同的变更和转让,债务转移,基础理解与应用,简答应用,债务人把债务转给第三人，为什么通常需要债权人同意？,,,,,新债务人的偿债能力直接影响债权实现。,原债务人与第三人之间的约定不能当然使原债务人免责。,108—110,117—119,2026年注册会计师全国统一考试辅导教材《经济法》,,标注为所属知识节的阅读范围，不是逐题精确页码。,逐节扩充题,law-full-04-07-002
LAW-00093,经济法,财产与合同,第4章 合同法律制度,第七节 合同的变更和转让,债务加入,基础理解与应用,简答应用,债务加入与债务转移的主要区别是什么？,,,,,前者通常增加债务承担人，后者替换债务人。,是否免除原债务人的责任是重要判断点。,108—110,117—119,2026年注册会计师全国统一考试辅导教材《经济法》,,标注为所属知识节的阅读范围，不是逐题精确页码。,逐节扩充题,law-full-04-07-003
LAW-00094,经济法,财产与合同,第4章 合同法律制度,第七节 合同的变更和转让,概括移转,基础理解与应用,简答应用,合同权利义务一并转让，为什么不能只适用债权转让的通知规则？,,,,,同时涉及债务承担和对方利益。,应依合同权利义务概括移转的规则处理。,108—110,117—119,2026年注册会计师全国统一考试辅导教材《经济法》,,标注为所属知识节的阅读范围，不是逐题精确页码。,逐节扩充题,law-full-04-07-004
LAW-00095,经济法,财产与合同,第4章 合同法律制度,第八节 合同的权利义务终止,抵销,基础理解与应用,简答应用,双方互负债务是否就能在任何条件下自动抵销？,,,,,不是。,需区分法定抵销与约定抵销，并检查债务性质、到期及禁止情形。,111—115,120—124,2026年注册会计师全国统一考试辅导教材《经济法》,,标注为所属知识节的阅读范围，不是逐题精确页码。,逐节扩充题,law-full-04-08-001
LAW-00096,经济法,财产与合同,第4章 合同法律制度,第八节 合同的权利义务终止,提存,基础理解与应用,简答应用,债权人无正当理由拒绝受领等导致履行困难时，债务人可考虑什么制度？,,,,,依法提存。,提存须满足法定情形，并非把财产随意交给任何第三人。,111—115,120—124,2026年注册会计师全国统一考试辅导教材《经济法》,,标注为所属知识节的阅读范围，不是逐题精确页码。,逐节扩充题,law-full-04-08-002
LAW-00097,经济法,财产与合同,第4章 合同法律制度,第八节 合同的权利义务终止,免除与混同,基础理解与应用,简答应用,债权人免除债务与债权债务同归一人，分别可能产生什么效果？,,,,,债务免除和因混同导致债权债务终止。,还要考虑对第三人利益等法定例外。,111—115,120—124,2026年注册会计师全国统一考试辅导教材《经济法》,,标注为所属知识节的阅读范围，不是逐题精确页码。,逐节扩充题,law-full-04-08-003
LAW-00098,经济法,财产与合同,第4章 合同法律制度,第八节 合同的权利义务终止,合同解除,基础理解与应用,简答应用,一方认为交易不合算，能否不问约定或法定事由就单方解除？,,,,,不能。,解除权需有约定或法律依据，并按规定行使。,111—115,120—124,2026年注册会计师全国统一考试辅导教材《经济法》,,标注为所属知识节的阅读范围，不是逐题精确页码。,逐节扩充题,law-full-04-08-004
LAW-00099,经济法,财产与合同,第4章 合同法律制度,第九节 违约责任,违约责任方式,基础理解与应用,简答应用,继续履行、补救措施、赔偿损失和违约金是否可以不区分条件地任意叠加？,,,,,不能。,应结合责任目的、履行可能性及避免重复赔偿等规则分析。,116—119,125—128,2026年注册会计师全国统一考试辅导教材《经济法》,,标注为所属知识节的阅读范围，不是逐题精确页码。,逐节扩充题,law-full-04-09-001
LAW-00100,经济法,财产与合同,第4章 合同法律制度,第九节 违约责任,损失赔偿范围,基础理解与应用,简答应用,违约赔偿是否只包括已经直接支出的费用？,,,,,不一定，还可能包括符合条件的可得利益损失。,须考虑因果关系、可预见性和减损义务等限制。,116—119,125—128,2026年注册会计师全国统一考试辅导教材《经济法》,,标注为所属知识节的阅读范围，不是逐题精确页码。,逐节扩充题,law-full-04-09-002
LAW-00101,经济法,财产与合同,第4章 合同法律制度,第九节 违约责任,不可抗力,基础理解与应用,简答应用,发生不可抗力后，违约方是否可以不通知、不提供证明而自动全部免责？,,,,,不能。,要分析事件对履行的影响，并履行相应通知和证明义务。,116—119,125—128,2026年注册会计师全国统一考试辅导教材《经济法》,,标注为所属知识节的阅读范围，不是逐题精确页码。,逐节扩充题,law-full-04-09-003
LAW-00102,经济法,财产与合同,第4章 合同法律制度,第九节 违约责任,减损义务,基础理解与应用,简答应用,受损方能够合理减少损失却放任扩大，能否要求对方承担所有扩大损失？,,,,,通常不能。,违约救济不鼓励本可避免的损失继续扩大。,116—119,125—128,2026年注册会计师全国统一考试辅导教材《经济法》,,标注为所属知识节的阅读范围，不是逐题精确页码。,逐节扩充题,law-full-04-09-004
LAW-00103,经济法,财产与合同,第4章 合同法律制度,第十节 几类主要的典型合同,买卖风险与所有权,基础理解与应用,简答应用,买卖标的物毁损风险转移与所有权转移，是否必然同一时点？,,,,,不必然。,风险、交付和所有权应分别依适用规则判断。,120—146,129—155,2026年注册会计师全国统一考试辅导教材《经济法》,,标注为所属知识节的阅读范围，不是逐题精确页码。,逐节扩充题,law-full-04-10-001
LAW-00104,经济法,财产与合同,第4章 合同法律制度,第十节 几类主要的典型合同,所有权保留,基础理解与应用,简答应用,约定价款未付清前保留所有权，是否意味着买方完全没有占有使用利益？,,,,,不是。,买方可能已占有使用，所有权保留主要保障卖方收款。,120—146,129—155,2026年注册会计师全国统一考试辅导教材《经济法》,,标注为所属知识节的阅读范围，不是逐题精确页码。,逐节扩充题,law-full-04-10-002
LAW-00105,经济法,财产与合同,第4章 合同法律制度,第十节 几类主要的典型合同,赠与撤销,基础理解与应用,简答应用,赠与人是否在任何时候都能无条件撤销已经履行的赠与？,,,,,不是。,任意撤销与法定撤销有不同适用范围和条件。,120—146,129—155,2026年注册会计师全国统一考试辅导教材《经济法》,,标注为所属知识节的阅读范围，不是逐题精确页码。,逐节扩充题,law-full-04-10-003
LAW-00106,经济法,财产与合同,第4章 合同法律制度,第十节 几类主要的典型合同,借款利息,基础理解与应用,简答应用,自然人之间借款未约定利息，能否当然要求支付借期利息？,,,,,不能当然要求，应适用相应法定规则。,本金返还、借期利息和逾期责任是不同问题。,120—146,129—155,2026年注册会计师全国统一考试辅导教材《经济法》,,标注为所属知识节的阅读范围，不是逐题精确页码。,逐节扩充题,law-full-04-10-004
LAW-00107,经济法,财产与合同,第4章 合同法律制度,第十节 几类主要的典型合同,租赁与转租,基础理解与应用,简答应用,承租人转租后是否当然免除其对出租人的原合同义务？,,,,,不是。,转租与原租赁通常是两个关系，且要检查同意等条件。,120—146,129—155,2026年注册会计师全国统一考试辅导教材《经济法》,,标注为所属知识节的阅读范围，不是逐题精确页码。,逐节扩充题,law-full-04-10-005
LAW-00108,经济法,财产与合同,第4章 合同法律制度,第十节 几类主要的典型合同,融资租赁,基础理解与应用,简答应用,融资租赁中出租人购买设备给承租人使用，与普通借款有何区别？,,,,,包含设备购买、所有权和租赁使用等安排。,需识别出卖人、出租人和承租人的不同权利义务。,120—146,129—155,2026年注册会计师全国统一考试辅导教材《经济法》,,标注为所属知识节的阅读范围，不是逐题精确页码。,逐节扩充题,law-full-04-10-006
LAW-00109,经济法,财产与合同,第4章 合同法律制度,第十节 几类主要的典型合同,承揽与建设工程,基础理解与应用,简答应用,承揽合同和建设工程合同为什么不能只按“都要交付成果”就适用完全相同规则？,,,,,建设工程涉及资质、质量和公共安全等特别要求。,特别规则优先于一般规则适用。,120—146,129—155,2026年注册会计师全国统一考试辅导教材《经济法》,,标注为所属知识节的阅读范围，不是逐题精确页码。,逐节扩充题,law-full-04-10-007
LAW-00110,经济法,财产与合同,第4章 合同法律制度,第十节 几类主要的典型合同,委托、中介与行纪,基础理解与应用,简答应用,委托、提供订约机会的中介、以自己名义交易的行纪，其角色是否相同？,,,,,不同。,应看受托事项、是否直接订约以及以谁名义实施行为。,120—146,129—155,2026年注册会计师全国统一考试辅导教材《经济法》,,标注为所属知识节的阅读范围，不是逐题精确页码。,逐节扩充题,law-full-04-10-008
LAW-00111,经济法,财产与合同,第4章 合同法律制度,第十节 几类主要的典型合同,技术合同,基础理解与应用,简答应用,技术开发、转让、许可、咨询和服务合同的核心区别是什么？,,,,,所交付的技术成果、权利或服务内容不同。,明确类型有助于判断成果归属和风险承担。,120—146,129—155,2026年注册会计师全国统一考试辅导教材《经济法》,,标注为所属知识节的阅读范围，不是逐题精确页码。,逐节扩充题,law-full-04-10-009
LAW-00112,经济法,财产与合同,第4章 合同法律制度,第十节 几类主要的典型合同,物业服务合同,基础理解与应用,简答应用,业主不满意部分服务，是否可当然据此永久拒付全部物业费？,,,,,不能一概而论。,应依合同、实际履行及法定救济规则处理，不能自行无限扩大抗辩。,120—146,129—155,2026年注册会计师全国统一考试辅导教材《经济法》,,标注为所属知识节的阅读范围，不是逐题精确页码。,逐节扩充题,law-full-04-10-010
LAW-00113,经济法,企业组织,第5章 合伙企业法律制度,第一节 合伙企业法律制度概述,普通合伙人责任,零基础,单选,普通合伙人对合伙企业债务，原则上承担什么责任？,无限连带责任,一律不承担责任,只由员工承担,只以已分得利润为限,A,普通合伙人的责任不是简单地以出资额封顶；特殊普通合伙另有特别规定。,147—149,156—158,2026年注册会计师全国统一考试辅导教材《经济法》,,,原有起步题,law-05-01
LAW-00114,经济法,企业组织,第5章 合伙企业法律制度,第一节 合伙企业法律制度概述,有限合伙人责任,零基础,单选,有限合伙人原则上以什么为限对合伙企业债务承担责任？,认缴的出资额,企业全部营业收入,企业全部负债,个人全部财产,A,有限合伙人以认缴出资额为限；应与普通合伙人的无限连带责任区分。,147—149,156—158,2026年注册会计师全国统一考试辅导教材《经济法》,,,原有起步题,law-05-02
LAW-00115,经济法,企业组织,第5章 合伙企业法律制度,第一节 合伙企业法律制度概述,合伙企业类型与特征,零基础,多选,下列哪些说法符合教材？,普通合伙人均只承担有限责任,合伙企业分普通合伙和有限合伙,合伙关系强调共担风险,合伙企业不具有法人资格,B、C、D,合伙企业虽可用自己的名义经营，但并不具有法人资格，普通合伙人原则上承担无限连带责任。,147—149,156—158,2026年注册会计师全国统一考试辅导教材《经济法》,,,原有起步题,law-05-03
LAW-00116,经济法,企业组织,第5章 合伙企业法律制度,第一节 合伙企业法律制度概述,合伙与保本回报,零基础,简答应用,甲乙协议称“合伙”，却约定甲无论企业盈亏都必定取得固定投资回报。仅凭名称就能判断是合伙关系吗？,,,,,不能。应看实质；无论盈亏均保证回报的约定违背合伙共享收益、共担风险的基本原则。,认定合伙不能只看协议标题，还要检查当事人是否真正共担风险。,147—149,156—158,2026年注册会计师全国统一考试辅导教材《经济法》,,,原有起步题,law-05-04
LAW-00117,经济法,企业组织,第5章 合伙企业法律制度,第一节 合伙企业法律制度概述,合伙与公司,基础理解与应用,简答应用,合伙企业与公司在责任承担上能否一概视为相同？,,,,,不能。,合伙人类型不同会产生无限连带或有限责任等不同安排。,147—150,156—159,2026年注册会计师全国统一考试辅导教材《经济法》,,标注为所属知识节的阅读范围，不是逐题精确页码。,逐节扩充题,law-full-05-01-001
LAW-00118,经济法,企业组织,第5章 合伙企业法律制度,第一节 合伙企业法律制度概述,合伙类型,基础理解与应用,简答应用,普通合伙与有限合伙最基本的人员构成差异是什么？,,,,,有限合伙同时有普通合伙人与有限合伙人。,不同身份对应不同事务执行权限和责任。,147—150,156—159,2026年注册会计师全国统一考试辅导教材《经济法》,,标注为所属知识节的阅读范围，不是逐题精确页码。,逐节扩充题,law-full-05-01-002
LAW-00119,经济法,企业组织,第5章 合伙企业法律制度,第一节 合伙企业法律制度概述,登记与公示,基础理解与应用,简答应用,合伙企业登记和信息公示为什么对交易相对人重要？,,,,,有助于识别主体、合伙人身份及有关对外信息。,内部约定不能任意对抗依法受保护的外部相对人。,147—150,156—159,2026年注册会计师全国统一考试辅导教材《经济法》,,标注为所属知识节的阅读范围，不是逐题精确页码。,逐节扩充题,law-full-05-01-003
LAW-00120,经济法,企业组织,第5章 合伙企业法律制度,第二节 普通合伙企业,普通合伙责任,基础理解与应用,简答应用,普通合伙人对合伙企业债务承担什么基本责任？,,,,,无限连带责任。,合伙企业财产清偿不足时，普通合伙人可能以个人财产承担责任。,151—163,160—172,2026年注册会计师全国统一考试辅导教材《经济法》,,标注为所属知识节的阅读范围，不是逐题精确页码。,逐节扩充题,law-full-05-02-001
LAW-00121,经济法,企业组织,第5章 合伙企业法律制度,第二节 普通合伙企业,合伙出资,基础理解与应用,简答应用,普通合伙人的出资方式是否只限现金？,,,,,不是，还可以依法采用财产、权利或劳务等方式。,不同出资形式需明确价值及相应手续。,151—163,160—172,2026年注册会计师全国统一考试辅导教材《经济法》,,标注为所属知识节的阅读范围，不是逐题精确页码。,逐节扩充题,law-full-05-02-002
LAW-00122,经济法,企业组织,第5章 合伙企业法律制度,第二节 普通合伙企业,事务执行与监督,基础理解与应用,简答应用,委托部分合伙人执行事务，其他合伙人是否完全没有监督权？,,,,,不是。,执行安排与监督、查阅等权利应区分。,151—163,160—172,2026年注册会计师全国统一考试辅导教材《经济法》,,标注为所属知识节的阅读范围，不是逐题精确页码。,逐节扩充题,law-full-05-02-003
LAW-00123,经济法,企业组织,第5章 合伙企业法律制度,第二节 普通合伙企业,竞业与自我交易,基础理解与应用,简答应用,普通合伙人能否不受限制地经营与合伙企业竞争的业务？,,,,,不能。,忠实履职及利益冲突规则保护合伙共同利益。,151—163,160—172,2026年注册会计师全国统一考试辅导教材《经济法》,,标注为所属知识节的阅读范围，不是逐题精确页码。,逐节扩充题,law-full-05-02-004
LAW-00124,经济法,企业组织,第5章 合伙企业法律制度,第二节 普通合伙企业,损益分配,基础理解与应用,简答应用,合伙协议没有约定或约定不明时，能否由执行人任意决定利润分配？,,,,,不能。,应依协商、出资比例及法定后续规则处理。,151—163,160—172,2026年注册会计师全国统一考试辅导教材《经济法》,,标注为所属知识节的阅读范围，不是逐题精确页码。,逐节扩充题,law-full-05-02-005
LAW-00125,经济法,企业组织,第5章 合伙企业法律制度,第二节 普通合伙企业,入伙与退伙债务,基础理解与应用,简答应用,新普通合伙人是否可以当然不对入伙前的合伙债务负责？,,,,,不能当然免除。,对外责任按法律规定判断，内部约定不当然对抗债权人。,151—163,160—172,2026年注册会计师全国统一考试辅导教材《经济法》,,标注为所属知识节的阅读范围，不是逐题精确页码。,逐节扩充题,law-full-05-02-006
LAW-00126,经济法,企业组织,第5章 合伙企业法律制度,第二节 普通合伙企业,特殊普通合伙,基础理解与应用,简答应用,特殊普通合伙中一人的故意或重大过失导致债务，其他人责任为何可能不同？,,,,,法律对执业过错导致债务设置了特别责任规则。,不能把特殊普通合伙理解为所有债务均由所有人无限连带承担。,151—163,160—172,2026年注册会计师全国统一考试辅导教材《经济法》,,标注为所属知识节的阅读范围，不是逐题精确页码。,逐节扩充题,law-full-05-02-007
LAW-00127,经济法,企业组织,第5章 合伙企业法律制度,第三节 有限合伙企业,有限合伙责任与出资,基础理解与应用,简答应用,有限合伙人通常以什么范围承担责任，能否以劳务出资？,,,,,通常以认缴出资额为限承担责任，不能以劳务出资。,有限责任安排与出资约束相配套。,164—169,173—178,2026年注册会计师全国统一考试辅导教材《经济法》,,标注为所属知识节的阅读范围，不是逐题精确页码。,逐节扩充题,law-full-05-03-001
LAW-00128,经济法,企业组织,第5章 合伙企业法律制度,第三节 有限合伙企业,有限合伙事务执行,基础理解与应用,简答应用,有限合伙人是否可以像普通合伙人一样对外代表企业执行事务？,,,,,原则上不能。,法律允许的监督、建议等行为不当然视为执行事务。,164—169,173—178,2026年注册会计师全国统一考试辅导教材《经济法》,,标注为所属知识节的阅读范围，不是逐题精确页码。,逐节扩充题,law-full-05-03-002
LAW-00129,经济法,企业组织,第5章 合伙企业法律制度,第三节 有限合伙企业,身份误认与责任,基础理解与应用,简答应用,第三人有理由相信有限合伙人为普通合伙人并与其交易，为什么可能改变责任判断？,,,,,法律保护相对人的合理信赖。,不能只看内部登记或协议而忽略对外行为。,164—169,173—178,2026年注册会计师全国统一考试辅导教材《经济法》,,标注为所属知识节的阅读范围，不是逐题精确页码。,逐节扩充题,law-full-05-03-003
LAW-00130,经济法,企业组织,第5章 合伙企业法律制度,第三节 有限合伙企业,份额转让与出质,基础理解与应用,简答应用,有限合伙份额转让、出质是否与普通合伙完全适用相同限制？,,,,,不是。,应分别检查有限合伙的特别规则和合伙协议。,164—169,173—178,2026年注册会计师全国统一考试辅导教材《经济法》,,标注为所属知识节的阅读范围，不是逐题精确页码。,逐节扩充题,law-full-05-03-004
LAW-00131,经济法,企业组织,第5章 合伙企业法律制度,第三节 有限合伙企业,身份转换,基础理解与应用,简答应用,普通合伙人与有限合伙人相互转变后，原有债务责任是否自动消失？,,,,,不会。,身份变更前后债务须按相应法定责任规则处理。,164—169,173—178,2026年注册会计师全国统一考试辅导教材《经济法》,,标注为所属知识节的阅读范围，不是逐题精确页码。,逐节扩充题,law-full-05-03-005
LAW-00132,经济法,企业组织,第5章 合伙企业法律制度,第四节 合伙企业的解散和清算,解散与清算,基础理解与应用,简答应用,合伙企业解散后，是否可直接分掉全部财产而不清偿债务？,,,,,不可以。,清算需处理债权债务并依法确定剩余财产。,170—172,179—181,2026年注册会计师全国统一考试辅导教材《经济法》,,标注为所属知识节的阅读范围，不是逐题精确页码。,逐节扩充题,law-full-05-04-001
LAW-00133,经济法,企业组织,第5章 合伙企业法律制度,第四节 合伙企业的解散和清算,清算后责任,基础理解与应用,简答应用,合伙企业注销是否当然免除普通合伙人对存续期间债务的责任？,,,,,不是。,主体注销与合伙人的法定责任不是同一个问题。,170—172,179—181,2026年注册会计师全国统一考试辅导教材《经济法》,,标注为所属知识节的阅读范围，不是逐题精确页码。,逐节扩充题,law-full-05-04-002
LAW-00134,经济法,企业组织,第6章 公司法律制度,第一节 公司概述,公司法人财产,零基础,单选,公司对自身债务，一般以什么承担责任？,公司全部财产,仅以当年利润,某一股东的工资,全体员工的财产,A,公司是独立法人，以全部法人财产承担自身债务，不是只用利润还债。,173—175,182—184,2026年注册会计师全国统一考试辅导教材《经济法》,,,原有起步题,law-06-01
LAW-00135,经济法,企业组织,第6章 公司法律制度,第一节 公司概述,有限责任,零基础,单选,有限责任公司股东原则上以什么为限对公司承担责任？,公司营业收入,认缴的出资额,公司全部债务,个人全部财产,B,股东承担出资责任，公司承担公司债务；滥用法人独立地位等情形可能存在例外。,173—175,182—184,2026年注册会计师全国统一考试辅导教材《经济法》,,,原有起步题,law-06-02
LAW-00136,经济法,企业组织,第6章 公司法律制度,第一节 公司概述,公司基本特征,零基础,多选,哪些是教材概括的公司普遍特征？,具有法人资格,具有营利性,股东原则上承担有限责任,公司财产与股东财产可任意混用,A、B、C,法人资格、营利性与股东有限责任是基本特征；公司和股东财产应相互独立。,173—175,182—184,2026年注册会计师全国统一考试辅导教材《经济法》,,,原有起步题,law-06-03
LAW-00137,经济法,企业组织,第6章 公司法律制度,第一节 公司概述,财产独立,零基础,简答应用,股东欠私人消费款，便认为可以随意取走公司账户资金还债。为什么这一认识不对？,,,,,公司财产独立于股东财产，股东个人债务通常不能用公司财产任意清偿。,出资后形成的公司财产属于法人财产；股东不能把公司账户当作私人钱包。,173—175,182—184,2026年注册会计师全国统一考试辅导教材《经济法》,,,原有起步题,law-06-04
LAW-00138,经济法,企业组织,第6章 公司法律制度,第一节 公司概述,公司独立人格,基础理解与应用,简答应用,股东个人欠债，是否可以当然要求公司替股东偿还？,,,,,不能。,公司与股东原则上是不同主体，财产和责任应区分。,173—174,182—183,2026年注册会计师全国统一考试辅导教材《经济法》,,标注为所属知识节的阅读范围，不是逐题精确页码。,逐节扩充题,law-full-06-01-001
LAW-00139,经济法,企业组织,第6章 公司法律制度,第一节 公司概述,有限责任边界,基础理解与应用,简答应用,股东滥用公司独立地位逃避债务，是否始终能以有限责任免责？,,,,,不能。,满足法定条件时可能适用公司人格否认等责任规则。,173—174,182—183,2026年注册会计师全国统一考试辅导教材《经济法》,,标注为所属知识节的阅读范围，不是逐题精确页码。,逐节扩充题,law-full-06-01-002
LAW-00140,经济法,企业组织,第6章 公司法律制度,第二节 公司基本法律制度,公司设立阶段责任,基础理解与应用,简答应用,公司尚未成立时，以设立公司为目的签约，责任是否永远无人承担？,,,,,不是。,应区分公司成立与否、行为名义及利益归属等情况。,175—199,184—208,2026年注册会计师全国统一考试辅导教材《经济法》,,标注为所属知识节的阅读范围，不是逐题精确页码。,逐节扩充题,law-full-06-02-001
LAW-00141,经济法,企业组织,第6章 公司法律制度,第二节 公司基本法律制度,公司对外担保,基础理解与应用,简答应用,法定代表人签字就能当然替代全部公司担保决议程序吗？,,,,,不能。,须检查公司章程、法定决议机关和相对人等相关规则。,175—199,184—208,2026年注册会计师全国统一考试辅导教材《经济法》,,标注为所属知识节的阅读范围，不是逐题精确页码。,逐节扩充题,law-full-06-02-002
LAW-00142,经济法,企业组织,第6章 公司法律制度,第二节 公司基本法律制度,股东出资期限,基础理解与应用,简答应用,新设有限责任公司的认缴出资，可以由股东无限期拖延吗？,,,,,不能。,教材规定原则上应在公司成立之日起5年内缴足，特别规定及过渡安排另行判断。,175—199,184—208,2026年注册会计师全国统一考试辅导教材《经济法》,,标注为所属知识节的阅读范围，不是逐题精确页码。,逐节扩充题,law-full-06-02-003
LAW-00143,经济法,企业组织,第6章 公司法律制度,第二节 公司基本法律制度,非货币出资,基础理解与应用,简答应用,非货币财产出资为什么要核实可估价、可转让及权属手续？,,,,,公司应取得真实、可用于经营的出资财产。,认缴承诺不能替代实际转移和价值核验。,175—199,184—208,2026年注册会计师全国统一考试辅导教材《经济法》,,标注为所属知识节的阅读范围，不是逐题精确页码。,逐节扩充题,law-full-06-02-004
LAW-00144,经济法,企业组织,第6章 公司法律制度,第二节 公司基本法律制度,出资不足与抽逃,基础理解与应用,简答应用,未足额出资和出资后抽逃有何区别？,,,,,前者未履行完整出资义务，后者将已投入财产违法抽回。,两类行为的事实和责任路径应分别识别。,175—199,184—208,2026年注册会计师全国统一考试辅导教材《经济法》,,标注为所属知识节的阅读范围，不是逐题精确页码。,逐节扩充题,law-full-06-02-005
LAW-00145,经济法,企业组织,第6章 公司法律制度,第二节 公司基本法律制度,股东失权,基础理解与应用,简答应用,股东逾期未缴出资，是否不经任何程序就自动丧失所有股权？,,,,,不是。,催缴、宽限和失权通知等法定程序及失权范围需逐项判断。,175—199,184—208,2026年注册会计师全国统一考试辅导教材《经济法》,,标注为所属知识节的阅读范围，不是逐题精确页码。,逐节扩充题,law-full-06-02-006
LAW-00146,经济法,企业组织,第6章 公司法律制度,第二节 公司基本法律制度,出资加速到期,基础理解与应用,简答应用,公司不能清偿到期债务时，未到认缴期限的出资是否完全不可能被要求提前缴纳？,,,,,不是。,满足法定条件时可涉及出资加速到期。,175—199,184—208,2026年注册会计师全国统一考试辅导教材《经济法》,,标注为所属知识节的阅读范围，不是逐题精确页码。,逐节扩充题,law-full-06-02-007
LAW-00147,经济法,企业组织,第6章 公司法律制度,第二节 公司基本法律制度,股东知情权,基础理解与应用,简答应用,公司能否只因股东持股少就一概拒绝其依法查阅资料？,,,,,不能。,知情权的资料范围、程序与不正当目的限制应分别判断。,175—199,184—208,2026年注册会计师全国统一考试辅导教材《经济法》,,标注为所属知识节的阅读范围，不是逐题精确页码。,逐节扩充题,law-full-06-02-008
LAW-00148,经济法,企业组织,第6章 公司法律制度,第二节 公司基本法律制度,股东代表诉讼,基础理解与应用,简答应用,公司受到侵害而有关机关怠于起诉时，股东是否只能放弃救济？,,,,,不是，可在满足条件时提起代表诉讼。,代表诉讼与股东为自身损失提起的直接诉讼不同。,175—199,184—208,2026年注册会计师全国统一考试辅导教材《经济法》,,标注为所属知识节的阅读范围，不是逐题精确页码。,逐节扩充题,law-full-06-02-009
LAW-00149,经济法,企业组织,第6章 公司法律制度,第二节 公司基本法律制度,董监高忠实与勤勉,基础理解与应用,简答应用,忠实义务与勤勉义务分别关注什么？,,,,,避免利益冲突侵害公司，以及履职时尽到合理注意。,未收受利益并不等于已经尽到勤勉义务。,175—199,184—208,2026年注册会计师全国统一考试辅导教材《经济法》,,标注为所属知识节的阅读范围，不是逐题精确页码。,逐节扩充题,law-full-06-02-010
LAW-00150,经济法,企业组织,第6章 公司法律制度,第二节 公司基本法律制度,决议瑕疵,基础理解与应用,简答应用,公司决议内容违法与召集程序违法，法律后果是否必然相同？,,,,,不是。,应分别判断无效、可撤销或不成立等瑕疵类型。,175—199,184—208,2026年注册会计师全国统一考试辅导教材《经济法》,,标注为所属知识节的阅读范围，不是逐题精确页码。,逐节扩充题,law-full-06-02-011
LAW-00151,经济法,企业组织,第6章 公司法律制度,第三节 股份有限公司,股份公司设立,基础理解与应用,简答应用,发起设立与募集设立的股份来源有何不同？,,,,,前者由发起人认购全部设立股份，后者还向其他投资者募集。,设立方式影响程序和认购安排。,200—218,209—227,2026年注册会计师全国统一考试辅导教材《经济法》,,标注为所属知识节的阅读范围，不是逐题精确页码。,逐节扩充题,law-full-06-03-001
LAW-00152,经济法,企业组织,第6章 公司法律制度,第三节 股份有限公司,股东会与董事会,基础理解与应用,简答应用,股东会和董事会能否在法律规定之外任意相互替代全部职权？,,,,,不能。,权力机关与经营决策机关各有法定及章程规定的权限。,200—218,209—227,2026年注册会计师全国统一考试辅导教材《经济法》,,标注为所属知识节的阅读范围，不是逐题精确页码。,逐节扩充题,law-full-06-03-002
LAW-00153,经济法,企业组织,第6章 公司法律制度,第三节 股份有限公司,类别股,基础理解与应用,简答应用,发行类别股是否可以不披露其与普通股不同的权利安排？,,,,,不可以。,表决、分配和清偿等差异直接影响投资者权益。,200—218,209—227,2026年注册会计师全国统一考试辅导教材《经济法》,,标注为所属知识节的阅读范围，不是逐题精确页码。,逐节扩充题,law-full-06-03-003
LAW-00154,经济法,企业组织,第6章 公司法律制度,第三节 股份有限公司,上市公司独立董事,基础理解与应用,简答应用,独立董事制度的目的是否只是增加董事人数？,,,,,不是。,它通过独立判断和监督等机制保护公司及股东利益。,200—218,209—227,2026年注册会计师全国统一考试辅导教材《经济法》,,标注为所属知识节的阅读范围，不是逐题精确页码。,逐节扩充题,law-full-06-03-004
LAW-00155,经济法,企业组织,第6章 公司法律制度,第三节 股份有限公司,股份回购限制,基础理解与应用,简答应用,股份公司能否只因管理层偏好就任意收购本公司股份？,,,,,不能。,股份回购需符合法定事由、程序及后续处理要求。,200—218,209—227,2026年注册会计师全国统一考试辅导教材《经济法》,,标注为所属知识节的阅读范围，不是逐题精确页码。,逐节扩充题,law-full-06-03-005
LAW-00156,经济法,企业组织,第6章 公司法律制度,第三节 股份有限公司,股份转让限制,基础理解与应用,简答应用,股份公司股份原则上可转让，是否意味着任何身份、任何时期都没有限制？,,,,,不是。,发起人、董监高及上市交易等可能受特别限制。,200—218,209—227,2026年注册会计师全国统一考试辅导教材《经济法》,,标注为所属知识节的阅读范围，不是逐题精确页码。,逐节扩充题,law-full-06-03-006
LAW-00157,经济法,企业组织,第6章 公司法律制度,第四节 有限责任公司,有限责任公司组织,基础理解与应用,简答应用,规模较小或股东较少的公司，组织机构是否必须与大型股份公司完全一致？,,,,,不是。,法律允许符合条件的简化安排，但不取消必要职责和责任。,219—224,228—233,2026年注册会计师全国统一考试辅导教材《经济法》,,标注为所属知识节的阅读范围，不是逐题精确页码。,逐节扩充题,law-full-06-04-001
LAW-00158,经济法,企业组织,第6章 公司法律制度,第四节 有限责任公司,对外股权转让,基础理解与应用,简答应用,有限责任公司股东对外转让股权，应关注其他股东的什么权利？,,,,,同等条件下的优先购买权等。,应依法履行通知程序，不能沿用已变化的旧法规则机械判断。,219—224,228—233,2026年注册会计师全国统一考试辅导教材《经济法》,,标注为所属知识节的阅读范围，不是逐题精确页码。,逐节扩充题,law-full-06-04-002
LAW-00159,经济法,企业组织,第6章 公司法律制度,第四节 有限责任公司,未届期出资股权转让,基础理解与应用,简答应用,转让未缴出资股权，是否意味着原股东所有责任当然消失？,,,,,不是。,受让人的缴纳义务及转让人的补充或其他责任需按法定情形分析。,219—224,228—233,2026年注册会计师全国统一考试辅导教材《经济法》,,标注为所属知识节的阅读范围，不是逐题精确页码。,逐节扩充题,law-full-06-04-003
LAW-00160,经济法,企业组织,第6章 公司法律制度,第四节 有限责任公司,异议股东回购请求,基础理解与应用,简答应用,股东对特定重大事项持异议时，是否可能依法请求公司回购股权？,,,,,可能，但须满足法定事由和程序。,一般经营意见不合并不当然产生回购请求权。,219—224,228—233,2026年注册会计师全国统一考试辅导教材《经济法》,,标注为所属知识节的阅读范围，不是逐题精确页码。,逐节扩充题,law-full-06-04-004
LAW-00161,经济法,企业组织,第6章 公司法律制度,第四节 有限责任公司,组织形式变更,基础理解与应用,简答应用,有限责任公司变为股份有限公司，原有债务是否随名称变化而消失？,,,,,不会。,组织形式变更不等于任意免除主体既有债务。,219—224,228—233,2026年注册会计师全国统一考试辅导教材《经济法》,,标注为所属知识节的阅读范围，不是逐题精确页码。,逐节扩充题,law-full-06-04-005
LAW-00162,经济法,企业组织,第6章 公司法律制度,第五节 国家出资公司组织机构的特别规定,国家出资公司范围,基础理解与应用,简答应用,国家出资公司是否只包括国有独资公司？,,,,,不是。,还包括国有资本控股等法定范围内的公司，治理规则应分类判断。,225,234,2026年注册会计师全国统一考试辅导教材《经济法》,,标注为所属知识节的阅读范围，不是逐题精确页码。,逐节扩充题,law-full-06-05-001
LAW-00163,经济法,企业组织,第6章 公司法律制度,第五节 国家出资公司组织机构的特别规定,履行出资人职责,基础理解与应用,简答应用,国资监管机构行使出资人权利，是否等同于直接替企业处理全部日常经营？,,,,,不是。,出资人职责与企业经营自主权应依法区分。,225,234,2026年注册会计师全国统一考试辅导教材《经济法》,,标注为所属知识节的阅读范围，不是逐题精确页码。,逐节扩充题,law-full-06-05-002
LAW-00164,经济法,企业组织,第6章 公司法律制度,第五节 国家出资公司组织机构的特别规定,党组织与公司治理,基础理解与应用,简答应用,国家出资公司中的党组织领导作用，是否替代所有法定公司治理程序？,,,,,不是。,应按法律和章程将党的领导与公司治理相结合。,225,234,2026年注册会计师全国统一考试辅导教材《经济法》,,标注为所属知识节的阅读范围，不是逐题精确页码。,逐节扩充题,law-full-06-05-003
LAW-00165,经济法,企业组织,第6章 公司法律制度,第五节 国家出资公司组织机构的特别规定,国有独资治理,基础理解与应用,简答应用,国有独资公司的章程和重大事项，能否只由任意经理个人决定？,,,,,不能。,需遵守履行出资人职责机构及公司组织机构的法定权限。,225,234,2026年注册会计师全国统一考试辅导教材《经济法》,,标注为所属知识节的阅读范围，不是逐题精确页码。,逐节扩充题,law-full-06-05-004
LAW-00166,经济法,企业组织,第6章 公司法律制度,第六节 公司的财务、会计,财务会计报告,基础理解与应用,简答应用,公司能否为不同对象故意编制两套实质不一致的财务会计报告？,,,,,不能。,财务报告应真实、完整，不能借不同使用者名义掩盖造假。,226—229,235—238,2026年注册会计师全国统一考试辅导教材《经济法》,,标注为所属知识节的阅读范围，不是逐题精确页码。,逐节扩充题,law-full-06-06-001
LAW-00167,经济法,企业组织,第6章 公司法律制度,第六节 公司的财务、会计,利润分配顺序,基础理解与应用,简答应用,存在应弥补亏损时，能否完全不处理亏损就任意分配利润？,,,,,不能。,应遵循弥补亏损、提取公积金及合法分配等规则。,226—229,235—238,2026年注册会计师全国统一考试辅导教材《经济法》,,标注为所属知识节的阅读范围，不是逐题精确页码。,逐节扩充题,law-full-06-06-002
LAW-00168,经济法,企业组织,第6章 公司法律制度,第六节 公司的财务、会计,公积金用途,基础理解与应用,简答应用,公积金能否由股东任意当作可随时领取的现金？,,,,,不能。,公积金具有法定用途及相应使用限制。,226—229,235—238,2026年注册会计师全国统一考试辅导教材《经济法》,,标注为所属知识节的阅读范围，不是逐题精确页码。,逐节扩充题,law-full-06-06-003
LAW-00169,经济法,企业组织,第6章 公司法律制度,第六节 公司的财务、会计,违法分配责任,基础理解与应用,简答应用,违法向股东分配利润，是否只因已经到账就无需返还？,,,,,不是。,可能涉及返还以及负有责任的董监高等赔偿责任。,226—229,235—238,2026年注册会计师全国统一考试辅导教材《经济法》,,标注为所属知识节的阅读范围，不是逐题精确页码。,逐节扩充题,law-full-06-06-004
LAW-00170,经济法,企业组织,第6章 公司法律制度,第七节 公司重大变更,公司合并债务,基础理解与应用,简答应用,公司吸收合并后，被合并公司的债务是否自动免除？,,,,,不会。,合并后的存续公司等按法定规则承继权利义务。,230—236,239—245,2026年注册会计师全国统一考试辅导教材《经济法》,,标注为所属知识节的阅读范围，不是逐题精确页码。,逐节扩充题,law-full-06-07-001
LAW-00171,经济法,企业组织,第6章 公司法律制度,第七节 公司重大变更,公司分立保护,基础理解与应用,简答应用,公司分立为何需要通知或公告债权人并处理债务承担？,,,,,防止通过主体拆分损害既有债权。,内部划分资产不能当然对抗债权人。,230—236,239—245,2026年注册会计师全国统一考试辅导教材《经济法》,,标注为所属知识节的阅读范围，不是逐题精确页码。,逐节扩充题,law-full-06-07-002
LAW-00172,经济法,企业组织,第6章 公司法律制度,第七节 公司重大变更,增资与股东权利,基础理解与应用,简答应用,有限责任公司增资时，原股东是否可能享有优先认缴权？,,,,,可能，应依法律及股东约定判断。,优先权的计算口径和例外不能与对外转让优先购买权混淆。,230—236,239—245,2026年注册会计师全国统一考试辅导教材《经济法》,,标注为所属知识节的阅读范围，不是逐题精确页码。,逐节扩充题,law-full-06-07-003
LAW-00173,经济法,企业组织,第6章 公司法律制度,第七节 公司重大变更,减资与债权人,基础理解与应用,简答应用,公司减资为什么通常需要特别关注债权人利益？,,,,,减资可能减少责任财产或资本保障。,减资目的和类型不同，适用程序也可能不同。,230—236,239—245,2026年注册会计师全国统一考试辅导教材《经济法》,,标注为所属知识节的阅读范围，不是逐题精确页码。,逐节扩充题,law-full-06-07-004
LAW-00174,经济法,企业组织,第6章 公司法律制度,第七节 公司重大变更,违法减资,基础理解与应用,简答应用,未依法履行减资程序，相关股东取得退款后是否当然没有责任？,,,,,不是。,可能需要返还资金，并承担相应责任。,230—236,239—245,2026年注册会计师全国统一考试辅导教材《经济法》,,标注为所属知识节的阅读范围，不是逐题精确页码。,逐节扩充题,law-full-06-07-005
LAW-00175,经济法,企业组织,第6章 公司法律制度,第八节 公司解散和清算,公司解散原因,基础理解与应用,简答应用,公司解散是否只有破产一种原因？,,,,,不是。,章程事由、股东决议、合并分立、司法解散等均可能涉及解散。,237—241,246—250,2026年注册会计师全国统一考试辅导教材《经济法》,,标注为所属知识节的阅读范围，不是逐题精确页码。,逐节扩充题,law-full-06-08-001
LAW-00176,经济法,企业组织,第6章 公司法律制度,第八节 公司解散和清算,司法解散,基础理解与应用,简答应用,股东之间存在任何争吵，是否都能请求法院解散公司？,,,,,不能。,应达到经营管理严重困难等法定条件，并检查其他解决途径。,237—241,246—250,2026年注册会计师全国统一考试辅导教材《经济法》,,标注为所属知识节的阅读范围，不是逐题精确页码。,逐节扩充题,law-full-06-08-002
LAW-00177,经济法,企业组织,第6章 公司法律制度,第八节 公司解散和清算,清算义务,基础理解与应用,简答应用,公司出现解散事由后，相关责任人能否长期不组织清算？,,,,,不能。,拖延可能损害债权人并引发清算义务人责任。,237—241,246—250,2026年注册会计师全国统一考试辅导教材《经济法》,,标注为所属知识节的阅读范围，不是逐题精确页码。,逐节扩充题,law-full-06-08-003
LAW-00178,经济法,企业组织,第6章 公司法律制度,第八节 公司解散和清算,清算与破产衔接,基础理解与应用,简答应用,清算中发现公司财产不足清偿债务，应怎样处理？,,,,,依法衔接破产等程序。,不得仍把全部财产优先分给股东。,237—241,246—250,2026年注册会计师全国统一考试辅导教材《经济法》,,标注为所属知识节的阅读范围，不是逐题精确页码。,逐节扩充题,law-full-06-08-004
LAW-00179,经济法,资本市场与退出,第7章 证券法律制度,第一节 证券法律制度概述,直接融资,零基础,单选,企业发行股票向投资者募集资金，属于哪种典型情形？,偿还货款,直接融资,支付职工工资,计算折旧,B,证券发行把资金需求方与投资者直接联系起来，是直接融资的重要方式。,242—244,251—253,2026年注册会计师全国统一考试辅导教材《经济法》,,,原有起步题,law-07-01
LAW-00180,经济法,资本市场与退出,第7章 证券法律制度,第一节 证券法律制度概述,信息披露的作用,零基础,单选,证券发行人履行信息披露义务，主要是为了什么？,保证投资者一定盈利,缓解信息不对称,取消一切投资风险,替投资者作最终决策,B,披露使投资者能够了解重要信息并判断风险，不等于承诺盈利。,242—244,251—253,2026年注册会计师全国统一考试辅导教材《经济法》,,,原有起步题,law-07-02
LAW-00181,经济法,资本市场与退出,第7章 证券法律制度,第一节 证券法律制度概述,证券形式,零基础,多选,教材提及的主要证券形式包括哪些？,公司债券,存托凭证,员工考勤表,股票,A、B、D,股票、公司债券和存托凭证是主要证券形式；考勤表不属于证券。,242—244,251—253,2026年注册会计师全国统一考试辅导教材《经济法》,,,原有起步题,law-07-03
LAW-00182,经济法,资本市场与退出,第7章 证券法律制度,第一节 证券法律制度概述,披露与风险,零基础,简答应用,小李说“公司已经披露资料，因此买入证券不可能亏损”。请指出错误。,,,,,披露帮助投资者判断风险，并不保证投资回报；投资者仍需自行承担投资风险。,信息是否充分与投资结果是否盈利是两个问题。,242—244,251—253,2026年注册会计师全国统一考试辅导教材《经济法》,,,原有起步题,law-07-04
LAW-00183,经济法,资本市场与退出,第7章 证券法律制度,第一节 证券法律制度概述,证券与投资风险,基础理解与应用,简答应用,证券监管机关允许发行，是否构成对投资收益的保证？,,,,,不是。,注册或监管不替代投资者风险判断，也不免除发行人的披露责任。,242—266,251—275,2026年注册会计师全国统一考试辅导教材《经济法》,,标注为所属知识节的阅读范围，不是逐题精确页码。,逐节扩充题,law-full-07-01-001
LAW-00184,经济法,资本市场与退出,第7章 证券法律制度,第一节 证券法律制度概述,注册制与披露,基础理解与应用,简答应用,注册制下为什么信息披露仍然是核心要求？,,,,,投资者需要真实、准确、完整的信息作决策。,不能把注册制理解为没有审核或无需承担法律责任。,242—266,251—275,2026年注册会计师全国统一考试辅导教材《经济法》,,标注为所属知识节的阅读范围，不是逐题精确页码。,逐节扩充题,law-full-07-01-002
LAW-00185,经济法,资本市场与退出,第7章 证券法律制度,第一节 证券法律制度概述,重大信息披露,基础理解与应用,简答应用,重大不利信息可以因担心股价下跌而不披露吗？,,,,,不可以。,披露义务旨在减少信息不对称，不能只披露利好。,242—266,251—275,2026年注册会计师全国统一考试辅导教材《经济法》,,标注为所属知识节的阅读范围，不是逐题精确页码。,逐节扩充题,law-full-07-01-003
LAW-00186,经济法,资本市场与退出,第7章 证券法律制度,第一节 证券法律制度概述,投资者适当性,基础理解与应用,简答应用,销售证券产品时，为什么要了解客户风险承受能力？,,,,,需要将适当产品提供给适当投资者。,签署风险揭示书不当然免除全部适当性义务。,242—266,251—275,2026年注册会计师全国统一考试辅导教材《经济法》,,标注为所属知识节的阅读范围，不是逐题精确页码。,逐节扩充题,law-full-07-01-004
LAW-00187,经济法,资本市场与退出,第7章 证券法律制度,第一节 证券法律制度概述,证券市场看门人,基础理解与应用,简答应用,保荐人、审计机构等为什么不能仅以发行人提供资料为由免除职责？,,,,,它们负有相应核查和专业注意义务。,中介机构应依角色承担责任，不能只做形式背书。,242—266,251—275,2026年注册会计师全国统一考试辅导教材《经济法》,,标注为所属知识节的阅读范围，不是逐题精确页码。,逐节扩充题,law-full-07-01-005
LAW-00188,经济法,资本市场与退出,第7章 证券法律制度,第二节 股票的发行,公开与非公开发行,基础理解与应用,简答应用,公开发行与非公开发行为什么要区分？,,,,,发行对象、方式及程序和监管要求不同。,不得通过拆分安排等方式规避适用规则。,267—290,276—299,2026年注册会计师全国统一考试辅导教材《经济法》,,标注为所属知识节的阅读范围，不是逐题精确页码。,逐节扩充题,law-full-07-02-001
LAW-00189,经济法,资本市场与退出,第7章 证券法律制度,第二节 股票的发行,IPO与再融资,基础理解与应用,简答应用,首次公开发行与上市后发行新股是否完全适用同一条件？,,,,,不是。,发行阶段、融资方式和适用板块不同，需要分别判断。,267—290,276—299,2026年注册会计师全国统一考试辅导教材《经济法》,,标注为所属知识节的阅读范围，不是逐题精确页码。,逐节扩充题,law-full-07-02-002
LAW-00190,经济法,资本市场与退出,第7章 证券法律制度,第二节 股票的发行,非上市公众公司,基础理解与应用,简答应用,非上市公众公司是否等同于所有未上市有限公司？,,,,,不是。,其主体形式和公众性需符合相关定义。,267—290,276—299,2026年注册会计师全国统一考试辅导教材《经济法》,,标注为所属知识节的阅读范围，不是逐题精确页码。,逐节扩充题,law-full-07-02-003
LAW-00191,经济法,资本市场与退出,第7章 证券法律制度,第二节 股票的发行,承销方式,基础理解与应用,简答应用,代销与包销的剩余证券风险主要由谁承担？,,,,,代销通常由发行人承担未售出风险，包销按约由承销商承担相应购入责任。,具体责任还应结合承销协议与法定要求。,267—290,276—299,2026年注册会计师全国统一考试辅导教材《经济法》,,标注为所属知识节的阅读范围，不是逐题精确页码。,逐节扩充题,law-full-07-02-004
LAW-00192,经济法,资本市场与退出,第7章 证券法律制度,第二节 股票的发行,保荐责任,基础理解与应用,简答应用,保荐人推荐证券发行上市后，是否必然立即结束全部职责？,,,,,不是。,还可能负有持续督导等职责。,267—290,276—299,2026年注册会计师全国统一考试辅导教材《经济法》,,标注为所属知识节的阅读范围，不是逐题精确页码。,逐节扩充题,law-full-07-02-005
LAW-00193,经济法,资本市场与退出,第7章 证券法律制度,第二节 股票的发行,优先股投资,基础理解与应用,简答应用,优先股享有分配优先权，是否等于无风险、固定保本？,,,,,不是。,具体权利、递延及清偿条件取决于法律和发行条款。,267—290,276—299,2026年注册会计师全国统一考试辅导教材《经济法》,,标注为所属知识节的阅读范围，不是逐题精确页码。,逐节扩充题,law-full-07-02-006
LAW-00194,经济法,资本市场与退出,第7章 证券法律制度,第三节 公司债券的发行与交易,公司债券发行,基础理解与应用,简答应用,企业发行债券，为什么要明确募集资金用途和偿债安排？,,,,,债券投资者需要评估本金与利息回收风险。,发行条件和持续披露共同保护债权人。,291—300,300—309,2026年注册会计师全国统一考试辅导教材《经济法》,,标注为所属知识节的阅读范围，不是逐题精确页码。,逐节扩充题,law-full-07-03-001
LAW-00195,经济法,资本市场与退出,第7章 证券法律制度,第三节 公司债券的发行与交易,债券持有人会议,基础理解与应用,简答应用,债券持有人会议主要解决哪类问题？,,,,,依规则集体处理影响持有人共同利益的重大事项。,它不是发行人的股东会。,291—300,300—309,2026年注册会计师全国统一考试辅导教材《经济法》,,标注为所属知识节的阅读范围，不是逐题精确页码。,逐节扩充题,law-full-07-03-002
LAW-00196,经济法,资本市场与退出,第7章 证券法律制度,第三节 公司债券的发行与交易,受托管理人,基础理解与应用,简答应用,债券受托管理人是否只负责在发行时签一份文件？,,,,,不是。,还应按规定或约定关注偿债能力、履行披露和维护持有人权益。,291—300,300—309,2026年注册会计师全国统一考试辅导教材《经济法》,,标注为所属知识节的阅读范围，不是逐题精确页码。,逐节扩充题,law-full-07-03-003
LAW-00197,经济法,资本市场与退出,第7章 证券法律制度,第四节 股票的公开交易,股票上市与交易,基础理解与应用,简答应用,股票获准发行是否必然等于已满足全部上市交易条件？,,,,,不是。,发行与上市是相互关联但不同的制度环节。,301—309,310—318,2026年注册会计师全国统一考试辅导教材《经济法》,,标注为所属知识节的阅读范围，不是逐题精确页码。,逐节扩充题,law-full-07-04-001
LAW-00198,经济法,资本市场与退出,第7章 证券法律制度,第四节 股票的公开交易,持续上市与退市,基础理解与应用,简答应用,上市后经营和规范运作情况变化，为什么可能触发退市程序？,,,,,上市资格需要持续满足相应规则。,退市并非只有公司破产一种原因。,301—309,310—318,2026年注册会计师全国统一考试辅导教材《经济法》,,标注为所属知识节的阅读范围，不是逐题精确页码。,逐节扩充题,law-full-07-04-002
LAW-00199,经济法,资本市场与退出,第7章 证券法律制度,第四节 股票的公开交易,内幕交易,基础理解与应用,简答应用,知道重大未公开信息后提前买卖证券，为什么可能违法？,,,,,利用信息优势破坏市场公平。,需依法判断内幕信息、知情人或非法获取人及相关行为。,301—309,310—318,2026年注册会计师全国统一考试辅导教材《经济法》,,标注为所属知识节的阅读范围，不是逐题精确页码。,逐节扩充题,law-full-07-04-003
LAW-00200,经济法,资本市场与退出,第7章 证券法律制度,第四节 股票的公开交易,操纵市场,基础理解与应用,简答应用,通过虚假申报制造交易活跃假象，是否因未直接编造公司财报就不会构成市场违法？,,,,,不是。,操纵行为关注人为影响价格或交易量等市场秩序问题。,301—309,310—318,2026年注册会计师全国统一考试辅导教材《经济法》,,标注为所属知识节的阅读范围，不是逐题精确页码。,逐节扩充题,law-full-07-04-004
LAW-00201,经济法,资本市场与退出,第7章 证券法律制度,第五节 上市公司收购和重组,上市公司收购方式,基础理解与应用,简答应用,要约收购与协议收购在交易对象和组织方式上有何区别？,,,,,要约通常向符合条件的股东发出统一收购条件，协议收购依协商达成。,不同方式有各自披露、程序和保护规则。,310—332,319—341,2026年注册会计师全国统一考试辅导教材《经济法》,,标注为所属知识节的阅读范围，不是逐题精确页码。,逐节扩充题,law-full-07-05-001
LAW-00202,经济法,资本市场与退出,第7章 证券法律制度,第五节 上市公司收购和重组,一致行动人,基础理解与应用,简答应用,为什么计算收购权益时不能只看某一个账户？,,,,,相关投资者可能通过一致行动共同扩大控制。,应按规则合并计算权益，不能简单用账户数量分拆。,310—332,319—341,2026年注册会计师全国统一考试辅导教材《经济法》,,标注为所属知识节的阅读范围，不是逐题精确页码。,逐节扩充题,law-full-07-05-002
LAW-00203,经济法,资本市场与退出,第7章 证券法律制度,第五节 上市公司收购和重组,收购信息披露,基础理解与应用,简答应用,持股达到法定比例发生变化时，是否可因尚未控制公司而不披露？,,,,,不能一概不披露。,权益变动披露与取得控制权不是同一触发条件。,310—332,319—341,2026年注册会计师全国统一考试辅导教材《经济法》,,标注为所属知识节的阅读范围，不是逐题精确页码。,逐节扩充题,law-full-07-05-003
LAW-00204,经济法,资本市场与退出,第7章 证券法律制度,第五节 上市公司收购和重组,重大资产重组,基础理解与应用,简答应用,重大资产重组为何需要关注资产质量、定价与关联关系？,,,,,它可能显著改变上市公司业务和股东利益。,形式上签订资产买卖合同不能替代证券监管程序。,310—332,319—341,2026年注册会计师全国统一考试辅导教材《经济法》,,标注为所属知识节的阅读范围，不是逐题精确页码。,逐节扩充题,law-full-07-05-004
LAW-00205,经济法,资本市场与退出,第7章 证券法律制度,第六节 证券欺诈的法律责任,虚假陈述责任,基础理解与应用,简答应用,虚假记载、误导性陈述和重大遗漏，是否都可能构成信息披露违法？,,,,,可能。,披露失真不仅限于明确写出虚假数字。,333—352,342—361,2026年注册会计师全国统一考试辅导教材《经济法》,,标注为所属知识节的阅读范围，不是逐题精确页码。,逐节扩充题,law-full-07-06-001
LAW-00206,经济法,资本市场与退出,第7章 证券法律制度,第六节 证券欺诈的法律责任,证券民事赔偿,基础理解与应用,简答应用,投资者发生亏损，是否只凭亏损结果就能要求发行人赔偿？,,,,,不能。,应判断违法行为、交易及损失因果关系等法定要件。,333—352,342—361,2026年注册会计师全国统一考试辅导教材《经济法》,,标注为所属知识节的阅读范围，不是逐题精确页码。,逐节扩充题,law-full-07-06-002
LAW-00207,经济法,资本市场与退出,第7章 证券法律制度,第六节 证券欺诈的法律责任,中介机构责任,基础理解与应用,简答应用,证券服务机构有过错造成虚假披露，是否可能承担相应赔偿责任？,,,,,可能。,责任应结合职责范围、过错及法定抗辩等判断。,333—352,342—361,2026年注册会计师全国统一考试辅导教材《经济法》,,标注为所属知识节的阅读范围，不是逐题精确页码。,逐节扩充题,law-full-07-06-003
LAW-00208,经济法,资本市场与退出,第8章 企业破产法律制度,第一节 破产法律制度概述,破产清算目标,零基础,单选,破产清算强调为谁的利益进行集体清偿？,最先催款的一人,公司经理,全体债权人,只为普通股股东,C,破产清算属于集体清偿程序，强调债权人之间公平、有序受偿；法定优先权仍须依法处理。,353—355,362—364,2026年注册会计师全国统一考试辅导教材《经济法》,,,原有起步题,law-08-01
LAW-00209,经济法,资本市场与退出,第8章 企业破产法律制度,第一节 破产法律制度概述,广义破产制度,零基础,单选,下列哪项也属于广义破产法律制度？,员工排班,现金报销,工商广告,企业重整,D,广义破产制度不仅包括清算，还包括重整、和解等挽救债务人的制度。,353—355,362—364,2026年注册会计师全国统一考试辅导教材《经济法》,,,原有起步题,law-08-02
LAW-00210,经济法,资本市场与退出,第8章 企业破产法律制度,第一节 破产法律制度概述,破产制度构成,零基础,多选,哪些属于本章介绍的破产制度？,和解,保证所有债权全额受偿,破产清算,重整,A、C、D,制度旨在有序处理债务，不能保证资产不足时所有债权都得到全额清偿。,353—355,362—364,2026年注册会计师全国统一考试辅导教材《经济法》,,,原有起步题,law-08-03
LAW-00211,经济法,资本市场与退出,第8章 企业破产法律制度,第一节 破产法律制度概述,集体清偿,零基础,简答应用,公司已无力清偿全部债务，老板想只先还熟人的普通债权。为什么破产制度关注这种做法？,,,,,因为偏向个别债权人的清偿可能损害其他债权人的利益，与集体、公平、有序清偿的目标不符。,这里讨论制度目的；具体行为能否撤销等，需要进一步适用相应规定。,353—355,362—364,2026年注册会计师全国统一考试辅导教材《经济法》,,,原有起步题,law-08-04
LAW-00212,经济法,资本市场与退出,第8章 企业破产法律制度,第一节 破产法律制度概述,破产原因,基础理解与应用,简答应用,企业暂时某一天现金不足，是否当然已满足破产原因？,,,,,不当然。,需结合不能清偿到期债务及资产或清偿能力等法定标准。,353—356,362—365,2026年注册会计师全国统一考试辅导教材《经济法》,,标注为所属知识节的阅读范围，不是逐题精确页码。,逐节扩充题,law-full-08-01-001
LAW-00213,经济法,资本市场与退出,第8章 企业破产法律制度,第一节 破产法律制度概述,破产三种程序,基础理解与应用,简答应用,清算、重整与和解是否都以立即卖掉全部资产为唯一目标？,,,,,不是。,重整和和解可能通过调整债务与经营保留企业价值。,353—356,362—365,2026年注册会计师全国统一考试辅导教材《经济法》,,标注为所属知识节的阅读范围，不是逐题精确页码。,逐节扩充题,law-full-08-01-002
LAW-00214,经济法,资本市场与退出,第8章 企业破产法律制度,第二节 破产申请与受理,破产申请主体,基础理解与应用,简答应用,破产申请是否只能由债务人提出？,,,,,不是。,符合条件的债权人等也可能具有申请资格。,357—371,366—380,2026年注册会计师全国统一考试辅导教材《经济法》,,标注为所属知识节的阅读范围，不是逐题精确页码。,逐节扩充题,law-full-08-02-001
LAW-00215,经济法,资本市场与退出,第8章 企业破产法律制度,第二节 破产申请与受理,受理与个别清偿,基础理解与应用,简答应用,法院受理破产申请后，为何限制对个别债权人的单独清偿？,,,,,维护集体清偿和公平受偿秩序。,破产程序不能被个别债权人的抢先行动架空。,357—371,366—380,2026年注册会计师全国统一考试辅导教材《经济法》,,标注为所属知识节的阅读范围，不是逐题精确页码。,逐节扩充题,law-full-08-02-002
LAW-00216,经济法,资本市场与退出,第8章 企业破产法律制度,第二节 破产申请与受理,未履行完毕合同,基础理解与应用,简答应用,破产受理后，双方均未履行完毕的合同是否一律自动终止？,,,,,不是。,管理人依法律规定作出继续履行或解除等选择。,357—371,366—380,2026年注册会计师全国统一考试辅导教材《经济法》,,标注为所属知识节的阅读范围，不是逐题精确页码。,逐节扩充题,law-full-08-02-003
LAW-00217,经济法,资本市场与退出,第8章 企业破产法律制度,第二节 破产申请与受理,诉讼与执行衔接,基础理解与应用,简答应用,受理破产申请后，针对债务人财产的个别执行为什么受到限制？,,,,,财产需纳入统一破产程序处理。,应区分执行中止、解除保全和诉讼衔接等不同问题。,357—371,366—380,2026年注册会计师全国统一考试辅导教材《经济法》,,标注为所属知识节的阅读范围，不是逐题精确页码。,逐节扩充题,law-full-08-02-004
LAW-00218,经济法,资本市场与退出,第8章 企业破产法律制度,第三节 管理人制度,管理人职责,基础理解与应用,简答应用,管理人是否只是债务人原管理层的普通代理人？,,,,,不是。,其依法接管、调查、管理和处分财产，接受相应监督。,372—378,381—387,2026年注册会计师全国统一考试辅导教材《经济法》,,标注为所属知识节的阅读范围，不是逐题精确页码。,逐节扩充题,law-full-08-03-001
LAW-00219,经济法,资本市场与退出,第8章 企业破产法律制度,第三节 管理人制度,管理人资格与更换,基础理解与应用,简答应用,管理人存在利益冲突时，为什么可能需要回避或更换？,,,,,影响独立、公正履行职责。,专业能力与独立性均属于重要考量。,372—378,381—387,2026年注册会计师全国统一考试辅导教材《经济法》,,标注为所属知识节的阅读范围，不是逐题精确页码。,逐节扩充题,law-full-08-03-002
LAW-00220,经济法,资本市场与退出,第8章 企业破产法律制度,第四节 债务人财产,债务人财产,基础理解与应用,简答应用,不在债务人仓库内的财产，是否一定不属于破产财产范围？,,,,,不一定。,应按权属和法律规定判断，而不是只看实物位置。,379—390,388—399,2026年注册会计师全国统一考试辅导教材《经济法》,,标注为所属知识节的阅读范围，不是逐题精确页码。,逐节扩充题,law-full-08-04-001
LAW-00221,经济法,资本市场与退出,第8章 企业破产法律制度,第四节 债务人财产,破产撤销权,基础理解与应用,简答应用,破产前不合理低价转让财产，为什么可能被撤销？,,,,,可能不当减少供全体债权人清偿的财产。,适用期间、行为类型和例外须按法律判断。,379—390,388—399,2026年注册会计师全国统一考试辅导教材《经济法》,,标注为所属知识节的阅读范围，不是逐题精确页码。,逐节扩充题,law-full-08-04-002
LAW-00222,经济法,资本市场与退出,第8章 企业破产法律制度,第四节 债务人财产,无效行为与追回,基础理解与应用,简答应用,债务人隐匿财产逃避债务，是否可以因手续已经完成而不被追究？,,,,,不能。,破产制度对隐匿、转移及虚构债务等有专门规制。,379—390,388—399,2026年注册会计师全国统一考试辅导教材《经济法》,,标注为所属知识节的阅读范围，不是逐题精确页码。,逐节扩充题,law-full-08-04-003
LAW-00223,经济法,资本市场与退出,第8章 企业破产法律制度,第四节 债务人财产,取回权,基础理解与应用,简答应用,债务人占有的他人财产，权利人是否只能申报普通债权？,,,,,不一定，可依法行使取回权。,首先要证明财产不属于债务人所有等适用条件。,379—390,388—399,2026年注册会计师全国统一考试辅导教材《经济法》,,标注为所属知识节的阅读范围，不是逐题精确页码。,逐节扩充题,law-full-08-04-004
LAW-00224,经济法,资本市场与退出,第8章 企业破产法律制度,第四节 债务人财产,抵销权,基础理解与应用,简答应用,破产受理后主张抵销，是否完全不受限制？,,,,,不是。,为防止破坏公平清偿，法律设置债务取得时间和恶意等限制。,379—390,388—399,2026年注册会计师全国统一考试辅导教材《经济法》,,标注为所属知识节的阅读范围，不是逐题精确页码。,逐节扩充题,law-full-08-04-005
LAW-00225,经济法,资本市场与退出,第8章 企业破产法律制度,第四节 债务人财产,破产费用与共益债务,基础理解与应用,简答应用,二者为何通常与普通破产债权分别处理？,,,,,它们与程序进行或全体债权人的共同利益相关。,性质与清偿规则不同，不能只按发生金额分类。,379—390,388—399,2026年注册会计师全国统一考试辅导教材《经济法》,,标注为所属知识节的阅读范围，不是逐题精确页码。,逐节扩充题,law-full-08-04-006
LAW-00226,经济法,资本市场与退出,第8章 企业破产法律制度,第五节 破产债权,债权申报,基础理解与应用,简答应用,债权人参加破产分配，通常为什么需要依法申报并接受审查？,,,,,要确认债权是否存在、金额及受偿性质。,账面记载不当然等同于已被破产程序确认。,391—396,400—405,2026年注册会计师全国统一考试辅导教材《经济法》,,标注为所属知识节的阅读范围，不是逐题精确页码。,逐节扩充题,law-full-08-05-001
LAW-00227,经济法,资本市场与退出,第8章 企业破产法律制度,第五节 破产债权,附条件及未到期债权,基础理解与应用,简答应用,未到期债权是否必然不能在破产程序中申报？,,,,,不是。,破产法对未到期、附条件等债权设置特别处理规则。,391—396,400—405,2026年注册会计师全国统一考试辅导教材《经济法》,,标注为所属知识节的阅读范围，不是逐题精确页码。,逐节扩充题,law-full-08-05-002
LAW-00228,经济法,资本市场与退出,第8章 企业破产法律制度,第五节 破产债权,职工债权,基础理解与应用,简答应用,职工债权与普通经营债权在申报或清偿上是否完全一致？,,,,,不一致。,法律对劳动权益给予相应特别安排。,391—396,400—405,2026年注册会计师全国统一考试辅导教材《经济法》,,标注为所属知识节的阅读范围，不是逐题精确页码。,逐节扩充题,law-full-08-05-003
LAW-00229,经济法,资本市场与退出,第8章 企业破产法律制度,第六节 债权人会议,债权人会议,基础理解与应用,简答应用,债权人会议的主要作用是什么？,,,,,依法讨论并决定关系债权人共同利益的事项。,不同决议事项可能适用不同表决规则。,397—400,406—409,2026年注册会计师全国统一考试辅导教材《经济法》,,标注为所属知识节的阅读范围，不是逐题精确页码。,逐节扩充题,law-full-08-06-001
LAW-00230,经济法,资本市场与退出,第8章 企业破产法律制度,第六节 债权人会议,有担保债权表决,基础理解与应用,简答应用,有财产担保的债权人在所有事项中是否都与普通债权人具有完全相同表决权？,,,,,不是。,应结合是否放弃优先权及表决事项分别判断。,397—400,406—409,2026年注册会计师全国统一考试辅导教材《经济法》,,标注为所属知识节的阅读范围，不是逐题精确页码。,逐节扩充题,law-full-08-06-002
LAW-00231,经济法,资本市场与退出,第8章 企业破产法律制度,第七节 重整程序,重整计划,基础理解与应用,简答应用,重整计划为何要将不同性质的债权分组表决？,,,,,不同权利受调整的方式和利益可能不同。,分组有助于公平反映受影响权利人的意见。,401—413,410—422,2026年注册会计师全国统一考试辅导教材《经济法》,,标注为所属知识节的阅读范围，不是逐题精确页码。,逐节扩充题,law-full-08-07-001
LAW-00232,经济法,资本市场与退出,第8章 企业破产法律制度,第七节 重整程序,自行管理,基础理解与应用,简答应用,重整中债务人自行管理财产，是否等于不受管理人和法院监督？,,,,,不是。,自行管理须依法批准，并在相应监督框架内实施。,401—413,410—422,2026年注册会计师全国统一考试辅导教材《经济法》,,标注为所属知识节的阅读范围，不是逐题精确页码。,逐节扩充题,law-full-08-07-002
LAW-00233,经济法,资本市场与退出,第8章 企业破产法律制度,第七节 重整程序,重整失败,基础理解与应用,简答应用,重整计划未获批准或不能执行，是否一定仍可无限期继续经营而不处理债务？,,,,,不是。,可能依法终止重整并转入破产清算。,401—413,410—422,2026年注册会计师全国统一考试辅导教材《经济法》,,标注为所属知识节的阅读范围，不是逐题精确页码。,逐节扩充题,law-full-08-07-003
LAW-00234,经济法,资本市场与退出,第8章 企业破产法律制度,第八节 和解制度,和解申请与效力,基础理解与应用,简答应用,债务人与个别债权人私下约定，是否就是对全部债权人有效的破产和解？,,,,,不是。,破产和解需要法定申请、表决和法院认可等程序。,414—415,423—424,2026年注册会计师全国统一考试辅导教材《经济法》,,标注为所属知识节的阅读范围，不是逐题精确页码。,逐节扩充题,law-full-08-08-001
LAW-00235,经济法,资本市场与退出,第8章 企业破产法律制度,第九节 破产清算程序,破产清偿顺序,基础理解与应用,简答应用,股东是否可以先于普通债权人分取剩余破产财产？,,,,,不可以。,股东处于剩余请求权地位，应先依法律处理费用、债务和债权清偿。,416—423,425—432,2026年注册会计师全国统一考试辅导教材《经济法》,,标注为所属知识节的阅读范围，不是逐题精确页码。,逐节扩充题,law-full-08-09-001
LAW-00236,经济法,资本市场与退出,第8章 企业破产法律制度,第九节 破产清算程序,担保优先受偿,基础理解与应用,简答应用,债权有担保，是否意味着无论担保物价值多少都能全额优先受偿？,,,,,不是。,优先受偿通常限于特定担保财产及其价值，不足部分依相应规则处理。,416—423,425—432,2026年注册会计师全国统一考试辅导教材《经济法》,,标注为所属知识节的阅读范围，不是逐题精确页码。,逐节扩充题,law-full-08-09-002
LAW-00237,经济法,资本市场与退出,第8章 企业破产法律制度,第九节 破产清算程序,破产程序终结,基础理解与应用,简答应用,程序终结后发现可分配财产，是否绝对不能再处理？,,,,,不是。,法律规定的条件下可能进行追加分配等处理。,416—423,425—432,2026年注册会计师全国统一考试辅导教材《经济法》,,标注为所属知识节的阅读范围，不是逐题精确页码。,逐节扩充题,law-full-08-09-003
LAW-00238,经济法,资本市场与退出,第8章 企业破产法律制度,第十节 关联企业合并破产,关联企业合并破产,基础理解与应用,简答应用,集团内公司存在关联关系，是否当然合并破产？,,,,,不是。,应审慎判断人格混同等法定或司法适用条件，维护独立法人的基本原则。,424—427,433—436,2026年注册会计师全国统一考试辅导教材《经济法》,,标注为所属知识节的阅读范围，不是逐题精确页码。,逐节扩充题,law-full-08-10-001
LAW-00239,经济法,资本市场与退出,第9章 票据与支付结算法律制度,第一节 支付结算概述,支付结算,零基础,单选,公司通过银行转账向供应商支付货款，主要属于什么活动？,支付结算,公司合并,证券发行,利润分配,A,银行转账实现货币给付和资金清算，是常见的支付结算活动。,428—430,437—439,2026年注册会计师全国统一考试辅导教材《经济法》,,,原有起步题,law-09-01
LAW-00240,经济法,资本市场与退出,第9章 票据与支付结算法律制度,第一节 支付结算概述,现金与非现金结算,零基础,单选,付款人账户款项通过银行转入收款人账户，属于什么？,非现金结算,无需资金的交易,实物交换,现金直接交付,A,非现金结算通过账户间资金转移完成，不是直接交付纸币。,428—430,437—439,2026年注册会计师全国统一考试辅导教材《经济法》,,,原有起步题,law-09-02
LAW-00241,经济法,资本市场与退出,第9章 票据与支付结算法律制度,第一节 支付结算概述,结算方式,零基础,多选,哪些是教材提及的支付结算方式？,仅在心中打算付款,银行卡,票据,电子支付,B、C、D,票据、银行卡、电子支付等均可用于支付结算；付款想法不等于付款行为。,428—430,437—439,2026年注册会计师全国统一考试辅导教材《经济法》,,,原有起步题,law-09-03
LAW-00242,经济法,资本市场与退出,第9章 票据与支付结算法律制度,第一节 支付结算概述,支付结算参与者,零基础,简答应用,甲公司通过银行向乙公司付款，请指出付款人、收款人和主要中介机构。,,,,,付款人是甲公司，收款人是乙公司，银行是主要中介机构。,先识别这三类主体，才能理解后续结算关系。,428—430,437—439,2026年注册会计师全国统一考试辅导教材《经济法》,,,原有起步题,law-09-04
LAW-00243,经济法,资本市场与退出,第9章 票据与支付结算法律制度,第一节 支付结算概述,支付结算原则,基础理解与应用,简答应用,支付结算中“谁的钱进谁的账，由谁支配”主要保护什么？,,,,,账户资金归属与支配秩序。,银行办理结算应依法审查，不得任意侵占或挪用资金。,428—433,437—442,2026年注册会计师全国统一考试辅导教材《经济法》,,标注为所属知识节的阅读范围，不是逐题精确页码。,逐节扩充题,law-full-09-01-001
LAW-00244,经济法,资本市场与退出,第9章 票据与支付结算法律制度,第一节 支付结算概述,银行结算账户,基础理解与应用,简答应用,基本存款账户、一般存款账户与专用账户是否用途完全相同？,,,,,不同。,开户条件和可办理的收付业务应按账户类型识别。,428—433,437—442,2026年注册会计师全国统一考试辅导教材《经济法》,,标注为所属知识节的阅读范围，不是逐题精确页码。,逐节扩充题,law-full-09-01-002
LAW-00245,经济法,资本市场与退出,第9章 票据与支付结算法律制度,第二节 票据法律制度,票据特征,基础理解与应用,简答应用,票据权利为什么特别重视票据文义与形式？,,,,,票据体现要式性、文义性等特点，便于流通与权利识别。,不能把票据关系完全当成普通口头债权。,434—477,443—486,2026年注册会计师全国统一考试辅导教材《经济法》,,标注为所属知识节的阅读范围，不是逐题精确页码。,逐节扩充题,law-full-09-02-001
LAW-00246,经济法,资本市场与退出,第9章 票据与支付结算法律制度,第二节 票据法律制度,票据与基础关系,基础理解与应用,简答应用,买卖合同争议与票据关系是否在任何情况下都必须得出相同结论？,,,,,不是。,票据无因性及抗辩限制等制度使两类关系需要分别判断。,434—477,443—486,2026年注册会计师全国统一考试辅导教材《经济法》,,标注为所属知识节的阅读范围，不是逐题精确页码。,逐节扩充题,law-full-09-02-002
LAW-00247,经济法,资本市场与退出,第9章 票据与支付结算法律制度,第二节 票据法律制度,票据签章,基础理解与应用,简答应用,票据上的签章为什么不是可有可无的装饰？,,,,,它用于确认票据行为及责任主体。,签章欠缺或不符要求可能影响票据效力或责任。,434—477,443—486,2026年注册会计师全国统一考试辅导教材《经济法》,,标注为所属知识节的阅读范围，不是逐题精确页码。,逐节扩充题,law-full-09-02-003
LAW-00248,经济法,资本市场与退出,第9章 票据与支付结算法律制度,第二节 票据法律制度,票据伪造与变造,基础理解与应用,简答应用,伪造签章与变造票据记载有何区别？,,,,,前者冒用他人名义签章，后者改变真实票据已有记载。,责任主体和效力应按各自规则判断。,434—477,443—486,2026年注册会计师全国统一考试辅导教材《经济法》,,标注为所属知识节的阅读范围，不是逐题精确页码。,逐节扩充题,law-full-09-02-004
LAW-00249,经济法,资本市场与退出,第9章 票据与支付结算法律制度,第二节 票据法律制度,背书连续,基础理解与应用,简答应用,背书连续的意义是什么？,,,,,形式上证明持票人取得票据权利的连续链条。,形式连续不等于所有实质取得都必然合法。,434—477,443—486,2026年注册会计师全国统一考试辅导教材《经济法》,,标注为所属知识节的阅读范围，不是逐题精确页码。,逐节扩充题,law-full-09-02-005
LAW-00250,经济法,资本市场与退出,第9章 票据与支付结算法律制度,第二节 票据法律制度,汇票承兑,基础理解与应用,简答应用,承兑使付款人在汇票关系中承担什么责任？,,,,,依法成为负有付款义务的承兑人。,承兑与出票、背书是不同票据行为。,434—477,443—486,2026年注册会计师全国统一考试辅导教材《经济法》,,标注为所属知识节的阅读范围，不是逐题精确页码。,逐节扩充题,law-full-09-02-006
LAW-00251,经济法,资本市场与退出,第9章 票据与支付结算法律制度,第二节 票据法律制度,票据保证,基础理解与应用,简答应用,票据保证能否直接等同于普通民事保证？,,,,,不能。,票据保证有要式、独立性等特别规则。,434—477,443—486,2026年注册会计师全国统一考试辅导教材《经济法》,,标注为所属知识节的阅读范围，不是逐题精确页码。,逐节扩充题,law-full-09-02-007
LAW-00252,经济法,资本市场与退出,第9章 票据与支付结算法律制度,第二节 票据法律制度,提示付款与追索,基础理解与应用,简答应用,持票人遭拒绝付款后，是否可以不问期限和证明就任意向所有人追索？,,,,,不能。,追索权行使需符合事由、期限及证明等规定。,434—477,443—486,2026年注册会计师全国统一考试辅导教材《经济法》,,标注为所属知识节的阅读范围，不是逐题精确页码。,逐节扩充题,law-full-09-02-008
LAW-00253,经济法,资本市场与退出,第9章 票据与支付结算法律制度,第二节 票据法律制度,本票与支票,基础理解与应用,简答应用,本票出票人自负付款责任，支票通常委托谁付款？,,,,,银行等法定付款人。,不同票据种类的当事人结构与期限不同。,434—477,443—486,2026年注册会计师全国统一考试辅导教材《经济法》,,标注为所属知识节的阅读范围，不是逐题精确页码。,逐节扩充题,law-full-09-02-009
LAW-00254,经济法,资本市场与退出,第9章 票据与支付结算法律制度,第二节 票据法律制度,票据抗辩,基础理解与应用,简答应用,票据债务人能否把其与前手的任何纠纷都用来对抗善意后手？,,,,,不能一概如此。,票据抗辩存在限制，以保护流通安全。,434—477,443—486,2026年注册会计师全国统一考试辅导教材《经济法》,,标注为所属知识节的阅读范围，不是逐题精确页码。,逐节扩充题,law-full-09-02-010
LAW-00255,经济法,资本市场与退出,第9章 票据与支付结算法律制度,第二节 票据法律制度,票据丧失救济,基础理解与应用,简答应用,票据丢失后是否只能放弃权利？,,,,,不是，可依法采取挂失止付、公示催告或诉讼等相应救济。,各方式适用条件和效果不同。,434—477,443—486,2026年注册会计师全国统一考试辅导教材《经济法》,,标注为所属知识节的阅读范围，不是逐题精确页码。,逐节扩充题,law-full-09-02-011
LAW-00256,经济法,资本市场与退出,第9章 票据与支付结算法律制度,第三节 非票据结算方式,汇兑与委托收款,基础理解与应用,简答应用,汇兑与委托收款在发起支付的安排上有何不同？,,,,,汇兑由汇款人委托银行付款，委托收款由收款人委托银行收款。,不要仅依据款项流向判断业务类型。,478—494,487—503,2026年注册会计师全国统一考试辅导教材《经济法》,,标注为所属知识节的阅读范围，不是逐题精确页码。,逐节扩充题,law-full-09-03-001
LAW-00257,经济法,资本市场与退出,第9章 票据与支付结算法律制度,第三节 非票据结算方式,银行卡与预付卡,基础理解与应用,简答应用,银行卡和预付卡是否可不区分发卡机构及资金规则？,,,,,不可以。,产品性质、账户安排和监管要求不同。,478—494,487—503,2026年注册会计师全国统一考试辅导教材《经济法》,,标注为所属知识节的阅读范围，不是逐题精确页码。,逐节扩充题,law-full-09-03-002
LAW-00258,经济法,资本市场与退出,第9章 票据与支付结算法律制度,第三节 非票据结算方式,国内信用证,基础理解与应用,简答应用,国内信用证付款判断为何强调单据？,,,,,它具有独立于基础交易的单据化付款安排。,银行主要依信用证条件审核单据，而非直接验收全部货物。,478—494,487—503,2026年注册会计师全国统一考试辅导教材《经济法》,,标注为所属知识节的阅读范围，不是逐题精确页码。,逐节扩充题,law-full-09-03-003
LAW-00259,经济法,资本市场与退出,第9章 票据与支付结算法律制度,第三节 非票据结算方式,网络支付,基础理解与应用,简答应用,使用电子支付是否意味着不再需要身份识别和交易安全管理？,,,,,不是。,电子化改变操作方式，不取消支付结算的合规要求。,478—494,487—503,2026年注册会计师全国统一考试辅导教材《经济法》,,标注为所属知识节的阅读范围，不是逐题精确页码。,逐节扩充题,law-full-09-03-004
LAW-00260,经济法,经济监管与涉外,第10章 企业国有资产法律制度,第一节 企业国有资产法律制度概述,企业国有资产,零基础,单选,教材所称企业国有资产主要是什么？,企业所有员工的工资,国家对企业出资形成的权益,企业全部销售收入,所有公民私人财产,B,企业国有资产属于经营性国有资产，重点是国家作为出资人享有的权益。,495—497,504—506,2026年注册会计师全国统一考试辅导教材《经济法》,,,原有起步题,law-10-01
LAW-00261,经济法,经济监管与涉外,第10章 企业国有资产法律制度,第一节 企业国有资产法律制度概述,出资权益与法人财产,零基础,单选,国家出资公司名下的一台生产机器，直接属于哪个层面的财产？,任意政府工作人员的财产,企业法人财产,股东个人生活财产,员工共有财产,B,具体机器属于企业法人财产；国家作为出资人对企业享有的是相应出资权益。,495—497,504—506,2026年注册会计师全国统一考试辅导教材《经济法》,,,原有起步题,law-10-02
LAW-00262,经济法,经济监管与涉外,第10章 企业国有资产法律制度,第一节 企业国有资产法律制度概述,出资形式,零基础,多选,符合估价、依法转让等条件时，国家对企业出资可以采用哪些形式？,货币,实物,知识产权,不能估价且不能转让的个人承诺,A、B、C,教材列举货币以及可估价、可依法转让的实物、知识产权等非货币财产。,495—497,504—506,2026年注册会计师全国统一考试辅导教材《经济法》,,,原有起步题,law-10-03
LAW-00263,经济法,经济监管与涉外,第10章 企业国有资产法律制度,第一节 企业国有资产法律制度概述,政企分开,零基础,简答应用,履行国有资产出资人职责，是否意味着可以不受限制地干预企业依法自主经营？,,,,,不是。应依法履行出资人职责，并遵循政企分开、不干预企业依法自主经营等原则。,出资人职能与社会公共管理职能需要区分。,495—497,504—506,2026年注册会计师全国统一考试辅导教材《经济法》,,,原有起步题,law-10-04
LAW-00264,经济法,经济监管与涉外,第10章 企业国有资产法律制度,第一节 企业国有资产法律制度概述,企业国有资产,基础理解与应用,简答应用,企业国有资产主要指国家对企业何种权益？,,,,,国家出资形成的权益。,应区别国家股东权益与企业作为法人直接拥有的具体资产。,495—500,504—509,2026年注册会计师全国统一考试辅导教材《经济法》,,标注为所属知识节的阅读范围，不是逐题精确页码。,逐节扩充题,law-full-10-01-001
LAW-00265,经济法,经济监管与涉外,第10章 企业国有资产法律制度,第一节 企业国有资产法律制度概述,国资出资人职责,基础理解与应用,简答应用,履行出资人职责机构的权利与企业经营自主权如何协调？,,,,,依法行使出资人权利，同时尊重企业合法自主经营。,不能以监管名义随意替代全部经营决策。,495—500,504—509,2026年注册会计师全国统一考试辅导教材《经济法》,,标注为所属知识节的阅读范围，不是逐题精确页码。,逐节扩充题,law-full-10-01-002
LAW-00266,经济法,经济监管与涉外,第10章 企业国有资产法律制度,第二节 企业国有资产产权登记制度,产权登记分类,基础理解与应用,简答应用,占有、变动和注销产权登记主要反映什么变化？,,,,,国有产权取得、变化及终止等状态。,产权登记与公司工商登记有联系但并非同一制度。,501—504,510—513,2026年注册会计师全国统一考试辅导教材《经济法》,,标注为所属知识节的阅读范围，不是逐题精确页码。,逐节扩充题,law-full-10-02-001
LAW-00267,经济法,经济监管与涉外,第10章 企业国有资产法律制度,第二节 企业国有资产产权登记制度,登记信息真实性,基础理解与应用,简答应用,企业能否为简化手续随意隐瞒国有产权变动？,,,,,不能。,准确登记是国资监督和产权管理的基础。,501—504,510—513,2026年注册会计师全国统一考试辅导教材《经济法》,,标注为所属知识节的阅读范围，不是逐题精确页码。,逐节扩充题,law-full-10-02-002
LAW-00268,经济法,经济监管与涉外,第10章 企业国有资产法律制度,第三节 企业国有资产评估管理制度,资产评估目的,基础理解与应用,简答应用,国有资产转让前评估的主要作用是什么？,,,,,为合理定价和防止国有资产流失提供依据。,评估不能替代依法决策、审批和交易程序。,505—509,514—518,2026年注册会计师全国统一考试辅导教材《经济法》,,标注为所属知识节的阅读范围，不是逐题精确页码。,逐节扩充题,law-full-10-03-001
LAW-00269,经济法,经济监管与涉外,第10章 企业国有资产法律制度,第三节 企业国有资产评估管理制度,核准与备案,基础理解与应用,简答应用,国有资产评估项目是否全部适用完全相同审批方式？,,,,,不是。,应按项目性质和权限区分核准、备案等管理要求。,505—509,514—518,2026年注册会计师全国统一考试辅导教材《经济法》,,标注为所属知识节的阅读范围，不是逐题精确页码。,逐节扩充题,law-full-10-03-002
LAW-00270,经济法,经济监管与涉外,第10章 企业国有资产法律制度,第四节 企业国有资产交易管理制度,国有产权交易,基础理解与应用,简答应用,国有产权转让为什么通常强调公开、公平和规范交易程序？,,,,,保护国有权益并减少利益输送风险。,是否可非公开交易应检查法定例外及批准条件。,510—523,519—532,2026年注册会计师全国统一考试辅导教材《经济法》,,标注为所属知识节的阅读范围，不是逐题精确页码。,逐节扩充题,law-full-10-04-001
LAW-00271,经济法,经济监管与涉外,第10章 企业国有资产法律制度,第四节 企业国有资产交易管理制度,企业增资与资产转让,基础理解与应用,简答应用,国有企业增资和单项资产转让是否可以混用同一套规则？,,,,,不应简单混用。,交易对象、审批层级和程序可能不同。,510—523,519—532,2026年注册会计师全国统一考试辅导教材《经济法》,,标注为所属知识节的阅读范围，不是逐题精确页码。,逐节扩充题,law-full-10-04-002
LAW-00272,经济法,经济监管与涉外,第10章 企业国有资产法律制度,第四节 企业国有资产交易管理制度,关联交易风险,基础理解与应用,简答应用,关联方参与国资交易，是否因属于同一集团就可以不考虑定价公允？,,,,,不能。,关联关系可能增加利益冲突风险，更需履行适用程序。,510—523,519—532,2026年注册会计师全国统一考试辅导教材《经济法》,,标注为所属知识节的阅读范围，不是逐题精确页码。,逐节扩充题,law-full-10-04-003
LAW-00273,经济法,经济监管与涉外,第11章 反垄断法律制度,第一节 反垄断法律制度概述,反垄断目标,零基础,单选,反垄断法最基本、最直接的目标是什么？,禁止一切企业发展,保护每一家企业永不亏损,保护市场竞争,保证企业价格相同,C,保护竞争是直接目标，创新、效率和消费者福利也与竞争受到保护有关。,524—526,533—535,2026年注册会计师全国统一考试辅导教材《经济法》,,,原有起步题,law-11-01
LAW-00274,经济法,经济监管与涉外,第11章 反垄断法律制度,第一节 反垄断法律制度概述,域外行为,零基础,单选,境外垄断行为对中国境内市场竞争产生排除、限制影响，是否必然不适用我国反垄断法？,必然不适用,只看行为人语言,不必然，可以适用,只能由消费者自行处理,C,教材介绍效果原则：境外行为对境内市场竞争产生相应影响，也可能适用我国反垄断法。,524—526,533—535,2026年注册会计师全国统一考试辅导教材《经济法》,,,原有起步题,law-11-02
LAW-00275,经济法,经济监管与涉外,第11章 反垄断法律制度,第一节 反垄断法律制度概述,主要规制领域,零基础,多选,哪些属于反垄断法主要关注的领域？,滥用市场支配地位,经营者集中,把所有价格竞争都视为违法,垄断协议,A、B、D,反垄断法规制限制竞争行为，并不是否定正常竞争或所有企业规模增长。,524—526,533—535,2026年注册会计师全国统一考试辅导教材《经济法》,,,原有起步题,law-11-03
LAW-00276,经济法,经济监管与涉外,第11章 反垄断法律制度,第一节 反垄断法律制度概述,竞争与效率,零基础,简答应用,为什么不能把反垄断法简单理解为“禁止企业做大”？,,,,,它关注竞争是否被排除、限制及相关法定条件；企业规模大本身不等于实施了违法垄断行为。,应区分规模或市场地位与具体行为及竞争影响。,524—526,533—535,2026年注册会计师全国统一考试辅导教材《经济法》,,,原有起步题,law-11-04
LAW-00277,经济法,经济监管与涉外,第11章 反垄断法律制度,第一节 反垄断法律制度概述,反垄断适用范围,基础理解与应用,简答应用,境外发生的垄断行为，是否绝不受我国反垄断法约束？,,,,,不是。,对境内市场竞争产生排除、限制影响的行为可能适用有关规定。,524—535,533—544,2026年注册会计师全国统一考试辅导教材《经济法》,,标注为所属知识节的阅读范围，不是逐题精确页码。,逐节扩充题,law-full-11-01-001
LAW-00278,经济法,经济监管与涉外,第11章 反垄断法律制度,第一节 反垄断法律制度概述,相关市场,基础理解与应用,简答应用,判断市场支配地位前，为什么通常先界定相关市场？,,,,,市场份额和竞争约束都依赖市场范围。,产品与地域范围不同，竞争判断可能明显不同。,524—535,533—544,2026年注册会计师全国统一考试辅导教材《经济法》,,标注为所属知识节的阅读范围，不是逐题精确页码。,逐节扩充题,law-full-11-01-002
LAW-00279,经济法,经济监管与涉外,第11章 反垄断法律制度,第一节 反垄断法律制度概述,反垄断与知识产权,基础理解与应用,简答应用,拥有知识产权是否意味着所有行使行为都不受反垄断约束？,,,,,不是。,依法正当行使与滥用权利排除限制竞争应区分。,524—535,533—544,2026年注册会计师全国统一考试辅导教材《经济法》,,标注为所属知识节的阅读范围，不是逐题精确页码。,逐节扩充题,law-full-11-01-003
LAW-00280,经济法,经济监管与涉外,第11章 反垄断法律制度,第二节 垄断协议规制制度,横向垄断协议,基础理解与应用,简答应用,竞争企业约定统一售价，为什么可能触及反垄断规定？,,,,,它可能限制独立定价和市场竞争。,判断不能只看协议名称是否写有“合作”。,536—544,545—553,2026年注册会计师全国统一考试辅导教材《经济法》,,标注为所属知识节的阅读范围，不是逐题精确页码。,逐节扩充题,law-full-11-02-001
LAW-00281,经济法,经济监管与涉外,第11章 反垄断法律制度,第二节 垄断协议规制制度,纵向限制,基础理解与应用,简答应用,生产商要求经销商固定转售价格，与竞争者统一定价有何结构差异？,,,,,前者是上下游关系，后者是竞争者之间关系。,横向和纵向行为的规则及分析框架不同。,536—544,545—553,2026年注册会计师全国统一考试辅导教材《经济法》,,标注为所属知识节的阅读范围，不是逐题精确页码。,逐节扩充题,law-full-11-02-002
LAW-00282,经济法,经济监管与涉外,第11章 反垄断法律制度,第二节 垄断协议规制制度,协同行为,基础理解与应用,简答应用,没有书面协议，就一定不存在垄断协议吗？,,,,,不是。,法律也可能规制决定及其他协同行为，应综合证据判断。,536—544,545—553,2026年注册会计师全国统一考试辅导教材《经济法》,,标注为所属知识节的阅读范围，不是逐题精确页码。,逐节扩充题,law-full-11-02-003
LAW-00283,经济法,经济监管与涉外,第11章 反垄断法律制度,第二节 垄断协议规制制度,豁免与宽大,基础理解与应用,简答应用,垄断协议豁免与主动报告争取宽大是否同一制度？,,,,,不是。,前者涉及行为是否符合豁免条件，后者涉及执法处罚减免。,536—544,545—553,2026年注册会计师全国统一考试辅导教材《经济法》,,标注为所属知识节的阅读范围，不是逐题精确页码。,逐节扩充题,law-full-11-02-004
LAW-00284,经济法,经济监管与涉外,第11章 反垄断法律制度,第三节 滥用市场支配地位规制制度,支配地位与滥用,基础理解与应用,简答应用,企业具有市场支配地位，是否仅凭该地位就违法？,,,,,不是。,法律重点规制滥用支配地位排除、限制竞争的行为。,545—552,554—561,2026年注册会计师全国统一考试辅导教材《经济法》,,标注为所属知识节的阅读范围，不是逐题精确页码。,逐节扩充题,law-full-11-03-001
LAW-00285,经济法,经济监管与涉外,第11章 反垄断法律制度,第三节 滥用市场支配地位规制制度,滥用行为类型,基础理解与应用,简答应用,拒绝交易、搭售、差别待遇等是否无需考虑理由和条件就一律违法？,,,,,不是。,应按具体行为规则判断支配地位、竞争影响及正当理由等。,545—552,554—561,2026年注册会计师全国统一考试辅导教材《经济法》,,标注为所属知识节的阅读范围，不是逐题精确页码。,逐节扩充题,law-full-11-03-002
LAW-00286,经济法,经济监管与涉外,第11章 反垄断法律制度,第三节 滥用市场支配地位规制制度,集体支配地位,基础理解与应用,简答应用,市场支配地位是否只可能由一家企业单独拥有？,,,,,不是。,法律可能对多家经营者的共同市场地位设置推定规则。,545—552,554—561,2026年注册会计师全国统一考试辅导教材《经济法》,,标注为所属知识节的阅读范围，不是逐题精确页码。,逐节扩充题,law-full-11-03-003
LAW-00287,经济法,经济监管与涉外,第11章 反垄断法律制度,第四节 经营者集中反垄断审查制度,经营者集中,基础理解与应用,简答应用,收购股权以外的方式，是否也可能形成经营者集中？,,,,,可能。,通过合同等取得控制权或决定性影响，也可能纳入集中审查。,553—558,562—567,2026年注册会计师全国统一考试辅导教材《经济法》,,标注为所属知识节的阅读范围，不是逐题精确页码。,逐节扩充题,law-full-11-04-001
LAW-00288,经济法,经济监管与涉外,第11章 反垄断法律制度,第四节 经营者集中反垄断审查制度,集中申报,基础理解与应用,简答应用,达到法定申报条件的交易，能否先完成再随意补报？,,,,,不能。,依法应先申报并遵守实施限制，防止未审先实施。,553—558,562—567,2026年注册会计师全国统一考试辅导教材《经济法》,,标注为所属知识节的阅读范围，不是逐题精确页码。,逐节扩充题,law-full-11-04-002
LAW-00289,经济法,经济监管与涉外,第11章 反垄断法律制度,第四节 经营者集中反垄断审查制度,审查结果,基础理解与应用,简答应用,经营者集中审查是否只有无条件通过和禁止两种结果？,,,,,不是，还可能附加限制性条件批准。,条件用于解决特定竞争问题。,553—558,562—567,2026年注册会计师全国统一考试辅导教材《经济法》,,标注为所属知识节的阅读范围，不是逐题精确页码。,逐节扩充题,law-full-11-04-003
LAW-00290,经济法,经济监管与涉外,第11章 反垄断法律制度,第五节 滥用行政权力排除、限制竞争规制制度,行政性垄断,基础理解与应用,简答应用,地方机关指定只能购买本地企业产品，为什么可能损害竞争？,,,,,可能利用行政权力排斥外地经营者。,公共权力不能被用作不当地域保护工具。,559—565,568—574,2026年注册会计师全国统一考试辅导教材《经济法》,,标注为所属知识节的阅读范围，不是逐题精确页码。,逐节扩充题,law-full-11-05-001
LAW-00291,经济法,经济监管与涉外,第11章 反垄断法律制度,第五节 滥用行政权力排除、限制竞争规制制度,公平竞争审查,基础理解与应用,简答应用,制定涉及经营主体经济活动的政策，为什么需要关注公平竞争审查？,,,,,避免政策本身不当排除或限制竞争。,事前审查与事后执法具有不同作用。,559—565,568—574,2026年注册会计师全国统一考试辅导教材《经济法》,,标注为所属知识节的阅读范围，不是逐题精确页码。,逐节扩充题,law-full-11-05-002
LAW-00292,经济法,经济监管与涉外,第12章 涉外经济法律制度,第一节 涉外投资法律制度,涉外经济关系,零基础,单选,中国企业向海外销售商品，最直接涉及哪类制度？,对外贸易法律制度,仅适用内部考勤制度,仅适用遗嘱制度,完全没有法律制度调整,A,货物跨境销售属于国际经贸往来，涉及对外贸易规则，并可能伴随外汇管理问题。,566—568,575—577,2026年注册会计师全国统一考试辅导教材《经济法》,,,原有起步题,law-12-01
LAW-00293,经济法,经济监管与涉外,第12章 涉外经济法律制度,第一节 涉外投资法律制度,涉外投资方向,零基础,单选,从资本流动方向看，外国投资者到中国投资通常称为什么？,外商投资,纯国内贸易,财政罚款,境内企业境外投资,A,外商投资与境外投资按资本流入、流出方向区分。,566—568,575—577,2026年注册会计师全国统一考试辅导教材《经济法》,,,原有起步题,law-12-02
LAW-00294,经济法,经济监管与涉外,第12章 涉外经济法律制度,第一节 涉外投资法律制度,涉外经济制度构成,零基础,多选,哪些共同构成教材讨论的涉外经济法律制度？,外汇管理制度,公司内部午餐制度,涉外投资法律制度,对外贸易法律制度,A、C、D,贸易、投资往往伴随跨境资金流动，这三方面彼此联系。,566—568,575—577,2026年注册会计师全国统一考试辅导教材《经济法》,,,原有起步题,law-12-03
LAW-00295,经济法,经济监管与涉外,第12章 涉外经济法律制度,第一节 涉外投资法律制度,涉外投资与贸易,零基础,简答应用,某外商投资企业进口机器、在国内生产后出口商品。为什么它不能只关注投资规则？,,,,,因为进口机器和出口商品还涉及对外贸易，跨境收付资金还可能涉及外汇管理。,同一企业的不同活动可能同时受到多个相互联系的制度调整。,566—568,575—577,2026年注册会计师全国统一考试辅导教材《经济法》,,,原有起步题,law-12-04
LAW-00296,经济法,经济监管与涉外,第12章 涉外经济法律制度,第一节 涉外投资法律制度,外商投资准入,基础理解与应用,简答应用,负面清单之外的外商投资，是否仍可任意另设歧视性准入限制？,,,,,不应任意设置。,应依法落实准入前国民待遇等制度，并遵守普遍适用的许可规则。,566—578,575—587,2026年注册会计师全国统一考试辅导教材《经济法》,,标注为所属知识节的阅读范围，不是逐题精确页码。,逐节扩充题,law-full-12-01-001
LAW-00297,经济法,经济监管与涉外,第12章 涉外经济法律制度,第一节 涉外投资法律制度,投资保护与征收,基础理解与应用,简答应用,国家对外商投资实施征收，是否可以完全不受法定条件和补偿约束？,,,,,不能。,公共利益、法定程序和公平合理补偿等要求具有保护作用。,566—578,575—587,2026年注册会计师全国统一考试辅导教材《经济法》,,标注为所属知识节的阅读范围，不是逐题精确页码。,逐节扩充题,law-full-12-01-002
LAW-00298,经济法,经济监管与涉外,第12章 涉外经济法律制度,第一节 涉外投资法律制度,外商投资安全审查,基础理解与应用,简答应用,安全审查与经营者集中反垄断审查是否审查同一个问题？,,,,,不是。,前者关注国家安全，后者重点关注竞争影响。,566—578,575—587,2026年注册会计师全国统一考试辅导教材《经济法》,,标注为所属知识节的阅读范围，不是逐题精确页码。,逐节扩充题,law-full-12-01-003
LAW-00299,经济法,经济监管与涉外,第12章 涉外经济法律制度,第一节 涉外投资法律制度,境外投资管理,基础理解与应用,简答应用,境内企业开展境外投资，是否只需内部决定而无需检查任何备案核准等要求？,,,,,不是。,应按项目、主体和敏感性等适用规则判断。,566—578,575—587,2026年注册会计师全国统一考试辅导教材《经济法》,,标注为所属知识节的阅读范围，不是逐题精确页码。,逐节扩充题,law-full-12-01-004
LAW-00300,经济法,经济监管与涉外,第12章 涉外经济法律制度,第二节 对外贸易法律制度,对外贸易经营,基础理解与应用,简答应用,对外贸易自由化是否意味着任何货物都可无限制进出口？,,,,,不是。,法律可以对特定货物技术等实行禁止、限制或许可管理。,579—590,588—599,2026年注册会计师全国统一考试辅导教材《经济法》,,标注为所属知识节的阅读范围，不是逐题精确页码。,逐节扩充题,law-full-12-02-001
LAW-00301,经济法,经济监管与涉外,第12章 涉外经济法律制度,第二节 对外贸易法律制度,反倾销、反补贴与保障措施,基础理解与应用,简答应用,三类贸易救济的关注对象是否相同？,,,,,不同。,分别针对倾销、补贴或进口激增等特定情形及其产业影响。,579—590,588—599,2026年注册会计师全国统一考试辅导教材《经济法》,,标注为所属知识节的阅读范围，不是逐题精确页码。,逐节扩充题,law-full-12-02-002
LAW-00302,经济法,经济监管与涉外,第12章 涉外经济法律制度,第二节 对外贸易法律制度,服务贸易与技术贸易,基础理解与应用,简答应用,货物、服务和技术跨境交易，是否始终适用完全相同的管制规则？,,,,,不是。,交易标的不同，相应准入和限制制度可能不同。,579—590,588—599,2026年注册会计师全国统一考试辅导教材《经济法》,,标注为所属知识节的阅读范围，不是逐题精确页码。,逐节扩充题,law-full-12-02-003
LAW-00303,经济法,经济监管与涉外,第12章 涉外经济法律制度,第三节 外汇管理法律制度,经常项目与资本项目,基础理解与应用,简答应用,货物贸易收付与跨境股权投资外汇收付，通常分别属于哪类项目？,,,,,经常项目与资本项目。,分类影响办理规则，不能只看是否涉及外币。,591—600,600—609,2026年注册会计师全国统一考试辅导教材《经济法》,,标注为所属知识节的阅读范围，不是逐题精确页码。,逐节扩充题,law-full-12-03-001
LAW-00304,经济法,经济监管与涉外,第12章 涉外经济法律制度,第三节 外汇管理法律制度,外汇真实性审核,基础理解与应用,简答应用,银行办理外汇业务时，为什么需要关注交易真实性与合规性？,,,,,防范虚假交易、逃避监管等风险。,形式单证与实际交易应相互印证。,591—600,600—609,2026年注册会计师全国统一考试辅导教材《经济法》,,标注为所属知识节的阅读范围，不是逐题精确页码。,逐节扩充题,law-full-12-03-002
LAW-00305,经济法,经济监管与涉外,第12章 涉外经济法律制度,第三节 外汇管理法律制度,外债与境外担保,基础理解与应用,简答应用,外债和跨境担保为什么需要分别分析？,,,,,债务承担和担保责任的结构不同。,适用的登记、额度和履约安排不能任意混用。,591—600,600—609,2026年注册会计师全国统一考试辅导教材《经济法》,,标注为所属知识节的阅读范围，不是逐题精确页码。,逐节扩充题,law-full-12-03-003
