"题号","章序","章节","题型","层级","题干","选项A","选项B","选项C","选项D","正确答案","参考作答","解析","知识点","教材章节","教材节","教材页","PDF页"
"C1-001","1","总论","单选","零基础","下列哪项最接近教材对会计的描述？","只负责缴纳税款","只负责企业销售","以货币为主要计量单位，反映和监督经济活动","只记录现金收支","C","","会计使用货币这一共同尺度，反映并监督一个单位的经济活动；记现金、报税都只是其中的部分工作。","会计的定义","第一章 总论","第一节 会计概述","1","12"
"C1-002","1","总论","单选","零基础","企业会计主要提供哪一组信息？","财务状况、经营成果和现金流量","产品颜色、商标和包装","市场广告、物流路线和客户年龄","员工爱好、办公地点和天气","A","","教材将财务状况、经营成果、现金流量列为企业会计主要提供的信息。","会计的主要信息","第一章 总论","第一节 会计概述","1","12"
"C1-003","1","总论","单选","零基础","投资者想判断企业是否值得投资，最需要会计提供什么？","办公室布局","财务和经营相关信息","员工午餐安排","广告口号","B","","会计提供与企业资产、业绩和现金流量有关的信息，供投资者等作经济决策。","会计的信息作用","第一章 总论","第一节 会计概述","1","12"
"C1-004","1","总论","单选","零基础","企业用会计资料核对业务是否合规，这体现会计的哪项作用？","设计产品外观","代替全部管理人员","监督经济活动","决定商品售价","C","","除反映经济活动，会计还可凭借资料对财务收支和经营活动进行监督。","会计的监督作用","第一章 总论","第一节 会计概述","2","13"
"C1-005","1","总论","单选","零基础","经理使用成本和利润资料改进经营，体现会计有助于什么？","免除企业责任","保证收入永远增长","取消预算","改善经营管理","D","","会计信息可以帮助管理者分析问题、预测趋势和落实责任，从而改进管理。","会计与内部管理","第一章 总论","第一节 会计概述","2","13"
"C1-006","1","总论","单选","零基础","所有者比较本年与上年利润，最直接是为了什么？","查明天气变化","确定员工生日","考核管理层的经营成果","决定会计主体是否存在","C","","比较业绩可帮助投资者和其他使用者考核企业管理层履行经营责任的情况。","会计与责任考核","第一章 总论","第一节 会计概述","2","13"
"C1-007","1","总论","单选","零基础","会计人员发现原始凭证不真实时，符合职业道德的做法是？","销毁凭证","要求核实并按规定处理","照单入账","自行修改金额后入账","B","","会计人员应坚持诚信和准则，保证信息真实完整，对不真实资料不能直接接受。","会计人员职业道德","第一章 总论","第一节 会计概述","3","14"
"C1-008","1","总论","单选","零基础","注册会计师发现客户提供的信息与证据不一致时，应优先遵守哪一原则？","诚信","保持沉默","追求客户满意即可","只看报酬","A","","诚信要求注册会计师在职业活动中诚实守信，面对矛盾信息继续查证。","注册会计师诚信原则","第一章 总论","第一节 会计概述","3","14"
"C1-009","1","总论","单选","零基础","审计人员因私人关系改变专业判断，主要违反了哪项原则？","可比性","客观公正","货币计量","会计分期","B","","客观公正要求判断不受偏见、利益冲突或他人的不当影响。","注册会计师客观公正","第一章 总论","第一节 会计概述","3","14"
"C1-010","1","总论","单选","零基础","审计人员接受可能影响其判断的利益，首先威胁什么？","计量单位","历史成本","独立性","会计期间","C","","独立性要求审计人员在形式和实质上保持独立，避免利益左右结论。","注册会计师独立性","第一章 总论","第一节 会计概述","3","14"
"C1-011","1","总论","单选","零基础","审计人员在工作中获知客户的未公开商业信息，通常应如何处理？","用于个人投资","随意发布","遵守保密要求","转给竞争者","C","","保密原则要求对职业活动中获得的涉密信息保密，不得随意使用或披露。","注册会计师保密","第一章 总论","第一节 会计概述","3","14"
"C1-012","1","总论","单选","零基础","审计人员遇到不熟悉的复杂业务，最符合职业道德的做法是？","因为有客户要求就跳过程序","不查资料直接猜测","保持并更新专业知识，必要时请有能力的人协助","隐瞒自己不熟悉的事实","C","","专业胜任能力和勤勉尽责要求注册会计师具备并保持必要知识和技能，认真完成工作。","注册会计师专业胜任能力和勤勉尽责","第一章 总论","第一节 会计概述","3","14"
"C1-013","1","总论","单选","零基础","注册会计师在宣传服务时故意贬损其他事务所，主要不符合哪项原则？","良好职业行为","历史成本","货币计量","会计分期","A","","良好职业行为要求遵守法规，避免可能损害职业声誉的行为。","注册会计师良好职业行为","第一章 总论","第一节 会计概述","3","14"
"C1-014","1","总论","单选","零基础","单位要求财务报告真实完整，最基本的责任属于谁？","软件开发者","纸张供应商","任意外部读者","单位自身及相关负责人","D","","单位应依法办理会计事务，保证会计资料真实完整；负责人和相关人员各自承担相应职责。","单位会计主体责任","第一章 总论","第一节 会计概述","4","15"
"C1-015","1","总论","单选","零基础","让同一人既保管现金又独自审核全部现金凭证，主要缺少什么？","可比性","会计分期","货币计量","岗位相互分离和制约","D","","教材要求明确相关岗位的职责权限并相互分离、相互制约，以减少舞弊和错误。","会计工作岗位分离","第一章 总论","第一节 会计概述","4","15"
"C1-016","1","总论","单选","零基础","我国企业会计准则由哪个部门制定？","财政部","企业自行制定","客户决定","银行单独制定","A","","教材明确中国企业会计准则由财政部制定。","会计准则制定主体","第一章 总论","第一节 会计概述","5","16"
"C1-017","1","总论","单选","零基础","下列哪组属于教材所述企业会计准则体系的组成？","基本准则、具体准则、应用指南和解释","只包含基本准则","只包含企业内部制度","只包含税收法规","A","","我国现行企业会计准则体系由基本准则、具体准则、应用指南和解释等组成。","企业会计准则体系","第一章 总论","第一节 会计概述","5","16"
"C1-018","1","总论","单选","零基础","企业遇到某类具体交易，应先查找哪类准则的具体规定？","员工手册","任意同行做法","营销计划","具体准则","D","","具体准则在基本准则指导下，对特定交易或事项的确认、计量和报告提出规范。","基本准则与具体准则","第一章 总论","第一节 会计概述","6","17"
"C1-019","1","总论","单选","零基础","会计准则应用指南主要帮助企业做什么？","决定股价","保证永不亏损","理解并落实具体准则","替代会计凭证","C","","应用指南细化具体准则中的条款和重点问题，便于企业操作。","会计准则应用指南","第一章 总论","第一节 会计概述","6","17"
"C1-020","1","总论","单选","零基础","财务报告向投资者提供信息，帮助其决定是否买入股票，体现哪一目标？","保密原则","决策有用","只记录历史","现金收付","B","","决策有用观强调向外部使用者提供作经济决策所需的信息。","财务报告目标的决策有用观","第一章 总论","第二节 财务报告目标、会计基本假设和会计基础","7","18"
"C1-021","1","总论","单选","零基础","财务报告反映管理层如何管理投资者投入的资产，体现哪一目标？","实物计量","会计分期","受托责任","成本结转","C","","受托责任观关注管理层对受托资源的保管、使用和履责情况。","财务报告目标的受托责任观","第一章 总论","第二节 财务报告目标、会计基本假设和会计基础","7","18"
"C1-022","1","总论","单选","零基础","教材对决策有用与受托责任两种财务报告目标的关系是？","两者可以兼顾","只能选一个","两者完全无关","受托责任只用于内部报表","A","","教材说明两者统一且可相互补充，企业财务报告应兼顾。","两种目标的关系","第一章 总论","第二节 财务报告目标、会计基本假设和会计基础","9","20"
"C1-023","1","总论","单选","零基础","我国财务报告目标要求提供哪类信息？","财务状况、经营成果、现金流量等","仅股票价格","仅未来天气","仅员工人数","A","","基本准则要求财务报告提供企业财务状况、经营成果和现金流量等会计信息。","我国财务报告目标","第一章 总论","第二节 财务报告目标、会计基本假设和会计基础","8","19"
"C1-024","1","总论","单选","零基础","下列哪组均属于教材列示的企业财务报告使用者？","投资者、债权人、政府有关部门","只有总经理","只有广告公司","只有仓库管理员","A","","教材列示投资者、债权人、政府及有关部门和社会公众等使用者。","财务报告主要使用者","第一章 总论","第二节 财务报告目标、会计基本假设和会计基础","8","19"
"C1-025","1","总论","单选","零基础","投资者阅读财务报告，最可能要判断什么？","会计人员身高","投资回报和相关风险","食堂菜单","办公桌数量","B","","投资者关心收益、风险和企业未来现金流量等，以作买入、持有或卖出决策。","投资者的信息需求","第一章 总论","第二节 财务报告目标、会计基本假设和会计基础","8","19"
"C1-026","1","总论","单选","零基础","银行决定是否贷款时，通常特别关心企业什么？","董事生日","偿债能力","广告颜色","员工制服","B","","债权人需要判断企业能否按期偿还本金和利息。","债权人的信息需求","第一章 总论","第二节 财务报告目标、会计基本假设和会计基础","8","19"
"C1-027","1","总论","单选","零基础","下列哪项不是教材列示的四项会计基本假设？","持续经营","会计主体","货币计量","重要性","D","","四项基本假设是会计主体、持续经营、会计分期和货币计量；重要性属于信息质量要求。","会计基本假设的类别","第一章 总论","第二节 财务报告目标、会计基本假设和会计基础","9","20"
"C1-028","1","总论","单选","零基础","会计主体假设首先解决什么问题？","交易的现金支付方式","会计核算的空间范围","每年销售目标","利润分配比例","B","","会计主体划清企业本身与所有者、其他单位之间的边界。","会计主体","第一章 总论","第二节 财务报告目标、会计基本假设和会计基础","9","20"
"C1-029","1","总论","单选","零基础","老板用个人存款买私人家具，这笔支出通常应如何看待？","不作为企业自身费用","作为企业工资费用","作为企业存货","作为企业销售收入","A","","会计主体假设要求区分企业与所有者的交易，个人消费不属于企业经营费用。","会计主体与所有者","第一章 总论","第二节 财务报告目标、会计基本假设和会计基础","10","21"
"C1-030","1","总论","单选","零基础","下列对会计主体和法律主体关系的理解，哪项正确？","会计主体不一定是法律主体","二者永远完全相同","法律主体不能成为会计主体","会计主体只能是自然人","A","","会计主体可以是单个法律主体，也可由多个法律主体组成，如企业集团；法律主体一般是会计主体。","会计主体与法律主体","第一章 总论","第二节 财务报告目标、会计基本假设和会计基础","10","21"
"C1-031","1","总论","单选","零基础","在没有证据表明企业将立即停业时，按正常经营过程进行会计处理，依据哪项假设？","会计分期","持续经营","可比性","重要性","B","","持续经营假设认为企业将在可预见的将来按当前规模和状态继续经营。","持续经营","第一章 总论","第二节 财务报告目标、会计基本假设和会计基础","10","21"
"C1-032","1","总论","单选","零基础","企业确定将进行破产清算时，继续完全沿用正常经营的资产处理方法是否妥当？","不妥当，应考虑清算情形","只需更换公司名称","妥当，永不改变","只需改变报表字体","A","","一旦不再持续经营，原以正常经营为基础的确认、计量和报告方法可能不适用。","持续经营的影响","第一章 总论","第二节 财务报告目标、会计基本假设和会计基础","10","21"
"C1-033","1","总论","单选","零基础","把连续经营活动划分为年度、季度等期间，依据哪项假设？","收入确认","资产定义","货币计量","会计分期","D","","会计分期把持续经营过程划分为连续、长短相同的期间，以便定期结算和报告。","会计分期","第一章 总论","第二节 财务报告目标、会计基本假设和会计基础","11","22"
"C1-034","1","总论","单选","零基础","下列哪项属于教材所说的会计中期？","企业成立至注销的全程","两个完整年度","季度","无限期","C","","中期短于一个完整会计年度，例如季度、半年度和月度。","中期","第一章 总论","第二节 财务报告目标、会计基本假设和会计基础","11","22"
"C1-035","1","总论","单选","零基础","企业把机器、原料和服务统一用金额表达，主要依据哪项假设？","相关性","会计分期","货币计量","独立性","C","","货币计量让不同经济活动有共同的计量尺度，便于汇总和报告。","货币计量","第一章 总论","第二节 财务报告目标、会计基本假设和会计基础","11","22"
"C1-036","1","总论","单选","零基础","人才素质影响企业，但难直接用金额在财务报表中计量，说明什么？","企业不用披露任何信息","货币计量存在局限","人才素质没有价值","会计主体失效","B","","货币计量难以完整反映所有重要的非财务因素，因此可通过其他信息补充。","货币计量的局限","第一章 总论","第二节 财务报告目标、会计基本假设和会计基础","11","22"
"C1-037","1","总论","单选","零基础","本月已提供服务，下月才收到现金。本月的收入通常在何时确认？","本月","永不确认","下一年度","下月收款时","A","","企业会计采用权责发生制，已实现的收入属于本期，不以收款时间为准。","权责发生制","第一章 总论","第二节 财务报告目标、会计基本假设和会计基础","11","22"
"C1-038","1","总论","单选","零基础","本月支付下月房租，按权责发生制通常应将租金归属哪个期间？","去年","下月","不需要归属期间","本月，因为本月付款","B","","权责发生制看费用的归属期间，支付时间本身不决定费用归属。","权责发生制与收付实现制","第一章 总论","第二节 财务报告目标、会计基本假设和会计基础","12","23"
"C1-039","1","总论","单选","零基础","教材明确企业会计确认、计量和报告以什么为基础？","实物盘点制","收付实现制","任意现金制","权责发生制","D","","基本准则规定企业会计确认、计量和报告采用权责发生制。","企业会计基础","第一章 总论","第二节 财务报告目标、会计基本假设和会计基础","12","23"
"C1-040","1","总论","单选","零基础","下列哪项属于会计信息质量要求？","持续经营","货币计量","会计主体","可靠性","D","","可靠性是信息质量要求；其他三项是会计基本假设。","八项信息质量要求","第一章 总论","第三节 会计信息质量要求","12","23"
"C1-041","1","总论","单选","零基础","企业只根据实际发生的交易入账，主要体现哪项要求？","货币计量","会计分期","可靠性","可比性","C","","可靠性要求以实际发生的交易或事项为依据，如实反映。","可靠性","第一章 总论","第三节 会计信息质量要求","12","23"
"C1-042","1","总论","单选","零基础","企业为了美化报表故意漏报一笔负债，最直接违反可靠性的哪一方面？","信息完整","同一企业不同时期可比","货币计量","时间分期","A","","可靠性还要求信息完整，不能故意遗漏应披露的重要内容。","完整性","第一章 总论","第三节 会计信息质量要求","12","23"
"C1-043","1","总论","单选","零基础","管理者只选择有利数据使利润显得更高，主要损害什么？","重置成本","中期报告","中立性","会计主体","C","","中立性要求财务信息不为预设结果而偏向某一方。","中立性","第一章 总论","第三节 会计信息质量要求","12","23"
"C1-044","1","总论","单选","零基础","能帮助投资者预测企业未来现金流量的信息，主要体现哪项要求？","货币计量","相关性","持续经营","所有者权益","B","","相关信息与使用者的决策需要有关，具有预测或证实价值。","相关性","第一章 总论","第三节 会计信息质量要求","12","23"
"C1-045","1","总论","单选","零基础","为了决策有用，相关性与可靠性应如何处理？","两者必然矛盾","在可靠的基础上尽量做到相关","只看可靠而完全不考虑决策需求","只要相关就可以编造数据","B","","教材强调相关性以可靠性为基础，两者并不矛盾。","相关性与可靠性","第一章 总论","第三节 会计信息质量要求","13","24"
"C1-046","1","总论","单选","零基础","财务报告把复杂事项解释清楚，便于使用者阅读，体现什么？","会计主体","持续经营","可理解性","公允价值","C","","可理解性要求会计信息清晰明了，便于使用者理解和使用。","可理解性","第一章 总论","第三节 会计信息质量要求","13","24"
"C1-047","1","总论","单选","零基础","企业比较今年和去年的财务数据，需要信息具备哪项质量？","法律主体","期后计量","可比性","保密性","C","","可比性帮助使用者比较同一企业不同期间及不同企业之间的信息。","可比性","第一章 总论","第三节 会计信息质量要求","13","24"
"C1-048","1","总论","单选","零基础","企业变更会计政策后在附注说明原因和影响，主要有助于什么？","只增加现金","不同时期可比","取消所有会计政策","保证利润不变","B","","政策变更可依规定进行，但需要说明，便于使用者理解前后数据的差异。","同一企业不同时期可比","第一章 总论","第三节 会计信息质量要求","13","24"
"C1-049","1","总论","单选","零基础","相似交易采用相似会计政策，主要有助于什么？","隐藏负债","不同企业间的可比","减少披露","持续经营","B","","相同或相似交易采用一致的确认、计量和报告口径，才便于企业之间比较。","不同企业相同期间可比","第一章 总论","第三节 会计信息质量要求","13","24"
"C1-050","1","总论","单选","零基础","商品名义上已售出，但企业仍控制商品并承担主要风险，确认收入应重点看什么？","发票颜色","合同纸张","合同标题的字数","交易经济实质","D","","实质重于形式要求按经济实质判断交易，不能仅看法律形式。","实质重于形式","第一章 总论","第三节 会计信息质量要求","14","25"
"C1-051","1","总论","单选","零基础","某项信息若遗漏会影响使用者决策，通常应认定它具有何种特征？","无限性","法律主体性","货币性","重要性","D","","重要性的核心是该信息是否可能影响财务报告使用者的判断。","重要性","第一章 总论","第三节 会计信息质量要求","14","25"
"C1-052","1","总论","单选","零基础","判断一笔事项是否重要，除金额大小还应考虑什么？","录入顺序","纸张厚度","公司简称","事项性质","D","","教材要求结合具体环境，从事项的性质和金额两方面判断重要性。","重要性判断","第一章 总论","第三节 会计信息质量要求","14","25"
"C1-053","1","总论","单选","零基础","对应收款项存在无法收回的风险，企业应合理估计损失，这体现什么？","谨慎性","提前确认利润","收入最大化","只用现金计量","A","","谨慎性要求在不确定情况下审慎估计风险和损失，不高估资产或收益。","谨慎性","第一章 总论","第三节 会计信息质量要求","14","25"
"C1-054","1","总论","单选","零基础","为了表现谨慎，企业故意多计负债，是否符合准则？","仅报表外观决定","不符合","符合，因为负债越大越谨慎","与可靠性无关","B","","谨慎性并非允许任意高估负债或费用；故意歪曲数据会损害可靠性。","谨慎性的边界","第一章 总论","第三节 会计信息质量要求","14","25"
"C1-055","1","总论","单选","零基础","已发生的重要交易拖到多年后才报告，主要违反什么？","实物计量","及时性","会计主体","所有者权益","B","","及时性要求对已发生交易及时确认、计量和报告，避免信息失去时效。","及时性","第一章 总论","第三节 会计信息质量要求","14","25"
"C1-056","1","总论","单选","零基础","为了尽快发布报表，企业能否忽视尚未核实的关键证据？","必须永远等到绝对确定","不能，应在及时性和可靠性间合理权衡","可以，只要读者不问","可以，速度永远第一","B","","教材提醒过快可能损害可靠性、过慢可能失去时效，需要结合决策需求权衡。","及时性与可靠性","第一章 总论","第三节 会计信息质量要求","15","26"
"C1-057","1","总论","单选","零基础","下列哪组都属于会计要素？","资产、负债、所有者权益、收入、费用、利润","资产、天气、员工年龄","销售额、市场份额、员工爱好","货币、纸张、时间、温度","A","","教材按经济特征把财务会计对象分为资产、负债、所有者权益、收入、费用和利润。","六大会计要素","第一章 总论","第四节 会计要素及其确认与计量","15","26"
"C1-058","1","总论","单选","零基础","哪组要素主要反映企业某一时点的财务状况？","收入、费用、利润","资产、负债、所有者权益","收入、现金流量、人数","成本、销量、价格","B","","资产、负债和所有者权益反映财务状况；收入、费用和利润反映经营成果。","财务状况与经营成果要素","第一章 总论","第四节 会计要素及其确认与计量","15","26"
"C1-059","1","总论","单选","零基础","一项资源成为企业资产，应符合哪项基本描述？","必须是有形物品","只要管理层希望拥有即可","必须马上变成现金","由过去事项形成、企业拥有或控制、预期带来经济利益","D","","资产定义包含过去事项、拥有或控制以及预期经济利益三个核心要点。","资产定义","第一章 总论","第四节 会计要素及其确认与计量","15","26"
"C1-060","1","总论","单选","零基础","一台机器能帮助生产商品，说明它为何可能构成资产？","外观较新","必须由老板亲自使用","无需估价","预期能带来经济利益","D","","机器通过生产商品帮助企业取得收益，符合资产的经济利益特征。","资产的未来经济利益","第一章 总论","第四节 会计要素及其确认与计量","15","26"
"C1-061","1","总论","单选","零基础","企业没有某项资源的所有权，但能控制其使用并取得利益，是否可能成为资产？","绝不可能","只看名称","只有现金才可以","可能","D","","资产强调拥有或控制，控制可以在某些情况下代替法律所有权。","资产的拥有或控制","第一章 总论","第四节 会计要素及其确认与计量","16","27"
"C1-062","1","总论","单选","零基础","企业只是计划明年买设备，尚未签约和购买。现在能把设备确认为资产吗？","能，计划就是资产","不能","只要口头希望就能","只要设备有价格就能","B","","资产应由过去交易或事项形成；未来购买计划本身不形成当前资产。","过去事项形成资产","第一章 总论","第四节 会计要素及其确认与计量","16","27"
"C1-063","1","总论","单选","零基础","某资源符合资产定义，确认为资产还要满足哪项条件？","未来一定出售","经济利益很可能流入且成本或价值可可靠计量","必须没有使用寿命","必须完全由现金购买","B","","资产确认还要求相关经济利益很可能流入企业，且成本或价值能够可靠计量。","资产确认条件","第一章 总论","第四节 会计要素及其确认与计量","16","27"
"C1-064","1","总论","单选","零基础","企业销售形成应收款，但有充分证据表明客户几乎不可能付款，应如何理解？","必然是所有者权益","不能只因形成应收款就忽视流入可能性","一定是收入且无需估计","一定全额是可靠资产","B","","确认资产要判断相关经济利益是否很可能流入；回款风险会影响确认或账面金额。","资产经济利益流入判断","第一章 总论","第四节 会计要素及其确认与计量","16","27"
"C1-065","1","总论","单选","零基础","下列哪项最符合负债定义？","所有者对剩余资产的权益","企业拥有的机器","过去交易形成的现时义务，预期使经济利益流出企业","未来可能想买设备","C","","负债的核心是过去事项形成的现时义务，并预期导致经济利益流出。","负债定义","第一章 总论","第四节 会计要素及其确认与计量","16","27"
"C1-066","1","总论","单选","零基础","企业准备下月招聘员工，但尚未雇用。这一计划现在通常是负债吗？","不是","是，因为已有想法","是，因为未来要发工资","只由经理决定","A","","仅是未来计划尚未形成现时义务，不能确认为负债。","现时义务","第一章 总论","第四节 会计要素及其确认与计量","16","27"
"C1-067","1","总论","单选","零基础","公司公开承诺为已售产品提供保修，可能产生哪类义务？","资产控制权","所有者投入","推定义务","股本溢价","C","","企业过去公开承诺形成外部各方的合理预期时，可能产生推定义务。","法定义务和推定义务","第一章 总论","第四节 会计要素及其确认与计量","17","28"
"C1-068","1","总论","单选","零基础","企业以现金偿还银行借款，反映负债的哪项特征？","必然形成利润","产生新的收入","履行义务导致经济利益流出","增加所有者投入","C","","负债清偿通常使现金或其他经济资源流出企业。","负债的偿还方式","第一章 总论","第四节 会计要素及其确认与计量","17","28"
"C1-069","1","总论","单选","零基础","现时义务确认为负债，还要满足什么？","经济利益很可能流出且金额可可靠计量","必须立即付现","必须有实物担保","公司未来营业额一定增长","A","","负债确认在符合定义外，还要求相关经济利益很可能流出，并且金额能够可靠计量。","负债确认条件","第一章 总论","第四节 会计要素及其确认与计量","17","28"
"C1-070","1","总论","单选","零基础","企业资产总额为100万元，负债总额为40万元，所有者权益是多少？","60万元","40万元","140万元","100万元","A","","所有者权益是资产扣除负债后的剩余权益，所以为100－40＝60万元。","所有者权益定义","第一章 总论","第四节 会计要素及其确认与计量","17","28"
"C1-071","1","总论","单选","零基础","下列哪项通常会增加所有者权益？","购买存货并付款","偿还银行贷款","所有者投入资本","代客户保管物品","C","","所有者投入资本属于所有者权益来源之一。","所有者权益来源","第一章 总论","第四节 会计要素及其确认与计量","18","29"
"C1-072","1","总论","单选","零基础","教材指出所有者权益金额主要取决于什么？","广告投入","资产和负债的确认与计量","员工人数","销售合同数量","B","","所有者权益是资产减去负债后的剩余金额，因而主要依赖资产和负债金额。","所有者权益确认","第一章 总论","第四节 会计要素及其确认与计量","18","29"
"C1-073","1","总论","单选","零基础","下列哪项最可能属于收入？","股东投入现金","收到代别人保管的款项","商店销售商品形成的经济利益流入","银行借款收到现金","C","","收入来自日常活动，且会使所有者权益增加，与所有者投入资本无关。","收入定义","第一章 总论","第四节 会计要素及其确认与计量","18","29"
"C1-074","1","总论","单选","零基础","企业出售日常经营的商品，为什么属于收入范围？","因为债务增加","因为企业收到股东投资","属于企业日常活动","只要有现金流入就一定是收入","C","","收入来自企业为完成经营目标而开展的日常活动。","收入与日常活动","第一章 总论","第四节 会计要素及其确认与计量","18","29"
"C1-075","1","总论","单选","零基础","股东向公司追加投资，公司收到现金，通常应确认什么？","所有者权益增加","销售收入","营业外收入","费用减少","A","","所有者投入虽带来经济利益流入，但与收入定义中的日常活动流入不同。","收入与所有者投入区分","第一章 总论","第四节 会计要素及其确认与计量","18","29"
"C1-076","1","总论","单选","零基础","企业从银行借到100万元，为什么不能把这100万元确认为收入？","因为银行转账不是现金","同时形成偿还义务，不增加所有者权益","因为金额太大","因为贷款没有合同","B","","借款使资产和负债同时增加，并不带来所有者权益的增加。","收入与借款区分","第一章 总论","第四节 会计要素及其确认与计量","18","29"
"C1-077","1","总论","单选","零基础","企业已履行合同中的履约义务，客户取得商品控制权时，通常确认什么？","股利分配","银行借款","所有者投入","收入","D","","教材指出履行履约义务、客户取得商品或服务控制权时确认收入。","收入确认时点","第一章 总论","第四节 会计要素及其确认与计量","18","29"
"C1-078","1","总论","单选","零基础","下列哪项最可能是费用？","向股东分配利润","为日常销售商品发生的职工薪酬","从银行取得借款","股东投入现金","B","","费用是日常活动中使所有者权益减少、与向所有者分配利润无关的经济利益流出。","费用定义","第一章 总论","第四节 会计要素及其确认与计量","19","30"
"C1-079","1","总论","单选","零基础","企业向股东分红，为什么通常不作为费用？","因为一定形成收入","因为没有支付现金","因为与企业无关","属于对所有者的分配","D","","费用不包括向所有者分配利润；分红直接减少所有者权益。","费用与利润分配区分","第一章 总论","第四节 会计要素及其确认与计量","19","30"
"C1-080","1","总论","单选","零基础","某项支出要确认为费用，除符合定义外还应满足哪项？","经济利益很可能流出且金额可可靠计量","必须由董事亲自批准","必须只以现金支付","必须先形成收入","A","","费用确认要求经济利益很可能流出、导致资产减少或负债增加，并能可靠计量。","费用确认条件","第一章 总论","第四节 会计要素及其确认与计量","19","30"
"C1-081","1","总论","单选","零基础","企业本期收入100万元、费用80万元，暂不考虑其他利得损失，本期利润是多少？","180万元","20万元","100万元","80万元","B","","在简化情形下，利润＝收入－费用＝20万元。","利润定义","第一章 总论","第四节 会计要素及其确认与计量","19","30"
"C1-082","1","总论","单选","零基础","除收入减去费用后的净额，利润还可能包括什么？","只包括现金余额","只包括存货数量","只包括股东人数","直接计入当期利润的利得和损失","D","","教材说明利润包括收入减费用后的净额，以及直接计入当期利润的利得和损失。","利润来源构成","第一章 总论","第四节 会计要素及其确认与计量","19","30"
"C1-083","1","总论","单选","零基础","企业买机器支付10万元，初始以实际付出的10万元计量，属于哪种计量属性？","重置成本","可变现净值","历史成本","公允价值","C","","历史成本以取得资产时实际付出的现金或等价物为基础。","历史成本","第一章 总论","第四节 会计要素及其确认与计量","20","31"
"C1-084","1","总论","单选","零基础","若今天重新买一台相同机器需要12万元，12万元体现哪种计量属性？","可变现净值","原购买价","历史成本","重置成本","D","","重置成本反映当前市场条件下重新取得同样资产所需支付的金额。","重置成本","第一章 总论","第四节 会计要素及其确认与计量","20","31"
"C1-085","1","总论","单选","零基础","预计售价减去完工、销售和相关税费后的净额，称为什么？","所有者权益","历史成本","货币计量","可变现净值","D","","可变现净值是正常经营中预计销售所能得到的净额。","可变现净值","第一章 总论","第四节 会计要素及其确认与计量","20","31"
"C1-086","1","总论","单选","零基础","把未来将收到的现金按恰当折现率折成今天的金额，属于什么？","历史成本","现值","收入","重置成本","B","","现值把未来现金流量考虑货币时间价值后折为当前金额。","现值","第一章 总论","第四节 会计要素及其确认与计量","20","31"
"C1-087","1","总论","单选","零基础","有序交易中市场参与者出售资产可收到的价格，属于哪项计量属性？","可比性","公允价值","历史成本","会计分期","B","","公允价值强调计量日市场参与者之间有序交易的价格。","公允价值","第一章 总论","第四节 会计要素及其确认与计量","20","31"
"C1-088","1","总论","单选","零基础","企业对会计要素计量一般采用哪种属性？","随意选最低金额","历史成本","永远只用公允价值","只用未来销售价","B","","教材规定一般采用历史成本，采用其他属性时应保证金额可可靠计量并符合相关准则。","计量属性的一般原则","第一章 总论","第四节 会计要素及其确认与计量","21","32"
"C1-089","1","总论","单选","零基础","企业能否在缺乏可靠计量条件时任意把固定资产按估计的公允价值列报？","只能看经理偏好","可以，不用说明","可以，越高越好","不能，应遵循具体准则及可靠计量条件","D","","公允价值的使用是有条件的，应按相关具体准则并确保可可靠计量。","公允价值使用边界","第一章 总论","第四节 会计要素及其确认与计量","21","32"
"C1-090","1","总论","单选","零基础","财务报告主要向谁提供企业财务状况、经营成果和现金流量等信息？","只向食堂","只向保安","外部使用者","只向供应商司机","C","","财务报告是企业对外提供相关会计信息的文件，服务外部使用者的决策。","财务报告的定义","第一章 总论","第五节 财务报告","22","33"
"C1-091","1","总论","单选","零基础","下列哪种说法更符合财务报告的要求？","可以只给一张零散收据","只报有利信息","无需明确期间","应形成系统、完整的信息","D","","教材强调财务报告应综合反映企业信息，并形成一套系统文件。","财务报告的系统性","第一章 总论","第五节 财务报告","22","33"
"C1-092","1","总论","单选","零基础","财务报告通常包括什么？","只有宣传海报","只有产品目录","财务报表及其他应披露的相关信息和资料","只有银行存款日记账","C","","财务报告不仅包括财务报表，还可包括应在财务报告中披露的相关信息和资料。","财务报告的构成","第一章 总论","第五节 财务报告","22","33"
"C1-093","1","总论","单选","零基础","下列哪项通常是财务报表的组成部分？","资产负债表","产品颜色表","员工值班表","市场广告表","A","","教材列示资产负债表、利润表和现金流量表等财务报表。","财务报表的组成","第一章 总论","第五节 财务报告","22","33"
"C1-094","1","总论","单选","零基础","财务报表附注的主要作用是什么？","隐藏会计政策","只展示企业标志","替代所有报表数字","补充说明报表项目和重要会计信息","D","","附注是财务报表的有机组成部分，解释报表项目和重要会计信息。","财务报表附注","第一章 总论","第五节 财务报告","22","33"
"C1-095","1","总论","单选","零基础","企业在财务报告中披露有助于使用者理解的社会责任信息，教材如何看待？","可按规定或使用者需求披露","等同利润","必须记入资产负债表的现金项目","绝对禁止披露","A","","财务报告除报表外，也可披露与使用者决策相关的其他信息，包括部分非财务信息。","财务报告的非财务信息","第一章 总论","第五节 财务报告","22","33"
"C1-096","1","总论","单选","零基础","ESG 三个字母通常分别代表什么？","收入、支出、利润","环境、社会、治理","资产、负债、权益","效率、速度、增长","B","","教材将 ESG 解释为环境、社会和治理三个方面。","ESG含义","第一章 总论","第六节 可持续信息披露","23","34"
"C1-097","1","总论","单选","零基础","下列哪项属于教材所述可持续议题？","气候变化与员工健康安全","办公桌颜色","发票编号末位","广告字体","A","","可持续议题包括对企业、经济、社会或环境相关的气候、污染、员工健康安全等事项。","可持续议题","第一章 总论","第六节 可持续信息披露","23","34"
"C1-098","1","总论","单选","零基础","可持续信息主要反映企业哪方面的信息？","环境、社会和治理相关的风险、机遇与影响","只反映股票代码","只反映现金余额","只反映员工姓名","A","","教材所述可持续信息围绕环境、社会、治理及相关可持续风险、机遇和影响。","可持续信息定义","第一章 总论","第六节 可持续信息披露","23","34"
"C1-099","1","总论","单选","零基础","气候变化可能增加企业生产成本，这首先属于哪类信息？","历史成本","股东投入","会计主体","可持续风险","D","","气候变化与企业价值链相互作用，可能影响未来现金流量或成本，属于可持续风险。","可持续风险和机遇","第一章 总论","第六节 可持续信息披露","23","34"
"C1-100","1","总论","单选","零基础","企业开发节能技术后获得新产品市场需求，这可能属于什么？","资产的历史成本","费用确认","现时义务","可持续机遇","D","","可持续议题也可能为企业带来发展机会，例如低碳产品需求增加。","可持续机遇","第一章 总论","第六节 可持续信息披露","23","34"
"C1-101","1","总论","单选","零基础","工厂排放污水影响周边居民生活，这首先描述什么？","企业货币计量方式","企业活动对外部环境与人的可持续影响","企业会计期间","企业资产的历史成本","B","","可持续影响描述企业活动对经济、社会和环境产生的实际或潜在影响。","可持续影响","第一章 总论","第六节 可持续信息披露","23","34"
"C1-102","1","总论","单选","零基础","教材列示的可持续信息基本使用者包括哪组？","投资者和债权人","只有媒体记者","只有会计人员","只有企业董事","A","","投资者和债权人是可持续信息的基本使用者，其他利益相关方也可能需要这些信息。","可持续信息使用者","第一章 总论","第六节 可持续信息披露","24","35"
"C1-103","1","总论","单选","零基础","企业披露重大可持续风险，主要为了什么？","取消财务报表","让报表页数越多越好","保证企业没有风险","帮助使用者了解其对企业前景的影响并作决策","D","","可持续披露目标是提供有助于使用者判断企业未来发展、经营成果和财务状况的信息。","可持续披露的目标","第一章 总论","第六节 可持续信息披露","24","35"
"C1-104","1","总论","单选","零基础","评估可持续事项时，同时看其对企业财务的影响与企业对外部的影响，体现什么？","只看历史成本","双重重要性","只看合同形式","只看利润","B","","教材的披露原则同时关注财务重要性与影响重要性，通常称双重重要性。","双重重要性","第一章 总论","第六节 可持续信息披露","24","35"
"C1-105","1","总论","单选","零基础","合并报表企业编制可持续信息时，报告主体边界应与什么保持一致？","仅集团总部办公楼","任一子公司的广告计划","员工个人生活范围","合并财务报表的报告主体","D","","教材要求可持续信息披露报告主体与财务报表报告主体保持一致。","可持续信息的报告边界","第一章 总论","第六节 可持续信息披露","24","35"
"C1-106","1","总论","单选","零基础","可持续风险可能发生在上游供应商处，企业披露时应如何理解价值链？","只看自己厂房","只看直接客户","一律忽略供应商","根据重要性考虑上下游相关活动","D","","价值链涵盖企业业务模式及相关上游、下游活动，重大风险和影响可超出企业直接经营范围。","价值链信息","第一章 总论","第六节 可持续信息披露","25","36"
"C1-107","1","总论","单选","零基础","企业披露排放量时，不应故意漏掉不利数据，这体现什么？","可靠性和完整性","持续经营假设","现金计量","利润确认","A","","可持续信息要完整、中立、准确，不能选择性遗漏重要不利信息。","可持续信息可靠性","第一章 总论","第六节 可持续信息披露","25","36"
"C1-108","1","总论","单选","零基础","可持续披露应优先提供哪类信息？","只选有利宣传语","只有员工姓名","所有无关琐事","与使用者决策相关的重要风险、机遇和影响","D","","相关性要求披露与信息使用者决策相关的事项。","可持续信息相关性","第一章 总论","第六节 可持续信息披露","25","36"
"C1-109","1","总论","单选","零基础","企业改变温室气体排放量计算方法后，最好怎样做？","说明变化并提供可比信息","任意降低数值","直接删去以前数据","只报新方法且不说明","A","","可比性要求不同时期可比较；方法变化应说明，以便读者理解数据差异。","可持续信息可比性","第一章 总论","第六节 可持续信息披露","25","36"
"C1-110","1","总论","单选","零基础","排放量数据附计算方法和输入依据，主要增强什么？","实质重于形式","所有者权益","可验证性","会计分期","C","","可验证性要求信息及其依据可被具备知识的独立方核实。","可持续信息可验证性","第一章 总论","第六节 可持续信息披露","25","36"
"C1-111","1","总论","单选","零基础","可持续报告把专业指标解释清楚，主要体现哪项质量要求？","借贷记账","持续经营","可理解性","重置成本","C","","可理解性要求信息清晰明了，便于使用者理解与使用。","可持续信息可理解性","第一章 总论","第六节 可持续信息披露","26","37"
"C1-112","1","总论","单选","零基础","企业拖延多年才披露重大可持续风险，最可能损害什么？","货币计量","员工人数","合同页数","及时性","D","","及时性要求信息能够及时满足使用者的决策需求。","可持续信息及时性","第一章 总论","第六节 可持续信息披露","26","37"
"C1-113","1","总论","单选","零基础","下列哪组是教材列示的可持续信息披露四个核心要素？","资产、负债、收入、费用","现金、存货、固定资产、无形资产","治理、战略、风险和机遇管理、指标和目标","采购、生产、销售、收款","C","","教材将可持续信息披露组织为治理、战略、风险和机遇管理、指标和目标四方面。","可持续披露四核心要素","第一章 总论","第六节 可持续信息披露","26","37"
"C1-114","1","总论","单选","零基础","董事会如何监督可持续风险，主要应归入哪个核心要素？","收入确认","指标和目标","历史成本","治理","D","","治理披露关注负责监督相关风险和机遇的机构、人员及流程。","治理","第一章 总论","第六节 可持续信息披露","26","37"
"C1-115","1","总论","单选","零基础","气候风险会怎样影响企业未来业务模式，主要归入哪个核心要素？","战略","期初余额","治理","收入分类","A","","战略披露关注可持续风险和机遇对企业业务模式、价值链及前景的影响。","战略","第一章 总论","第六节 可持续信息披露","27","38"
"C1-116","1","总论","单选","零基础","企业分析可持续风险的短期、中期、长期影响时，能否脱离自身经营周期？","所有企业一律完全相同","无需说明时间范围","应结合自身情况定义并说明","只需考虑下一天","C","","教材说明企业可因行业、业务周期等因素采用适合自己的短中长期范围，并披露定义。","短中长期时间范围","第一章 总论","第六节 可持续信息披露","27","38"
"C1-117","1","总论","单选","零基础","洪水损坏工厂与碳排放法规提高成本，分别更接近哪两类风险？","两者都是历史成本","物理风险与转型风险","两者都是会计分期","两者都是股东投入","B","","洪水等自然事件属于气候物理风险；政策、技术或市场向低碳转型带来的影响属于转型风险。","气候物理风险与转型风险","第一章 总论","第六节 可持续信息披露","28","39"
"C1-118","1","总论","单选","零基础","企业说明如何识别、评估和监控气候风险，主要归入哪个核心要素？","风险和机遇管理","历史成本","现金流量表","利润确认","A","","风险和机遇管理披露关注识别、评估、排序和监控相关风险与机遇的过程。","风险和机遇管理","第一章 总论","第六节 可持续信息披露","29","40"
"C1-119","1","总论","单选","零基础","企业披露温室气体排放量和减排目标，主要归入哪个核心要素？","会计主体","现值","受托责任观","指标和目标","D","","指标和目标披露企业如何衡量风险机遇及相关目标的进展。","指标和目标","第一章 总论","第六节 可持续信息披露","29","40"
"C1-120","1","总论","单选","零基础","企业自有锅炉直接燃烧产生的排放，与购入电力对应的间接排放，分别通常称什么？","收入与费用","范围一与范围二排放","短期与长期利润","资产与负债","B","","教材示例将企业直接产生的温室气体排放列为范围一，购入能源对应的间接排放列为范围二。","范围一与范围二排放","第一章 总论","第六节 可持续信息披露","30","41"
"C1-121","1","总论","单选","零基础","企业披露全年温室气体排放总量（吨二氧化碳当量），这是哪类指标？","单位产品价格","绝对值指标","股票收益率","利率指标","B","","排放总量以总数量表示，属于绝对值指标；每单位产品排放量才是强度类相对指标。","绝对值指标","第一章 总论","第六节 可持续信息披露","30","41"
"C1-122","1","总论","单选","零基础","企业有减排目标，年度报告披露实际排放与基准年的差异，主要帮助读者判断什么？","目标实现进展","现金股利分配","历史成本变化","会计主体边界是否改变","A","","指标和目标披露应让使用者了解企业设定目标后的实际进展。","目标进展","第一章 总论","第六节 可持续信息披露","30","41"
"C1-123","1","总论","单选","零基础","气候风险影响固定资产使用寿命时，可持续信息应如何与财务报表联系？","说明相关联系及财务影响","不考虑同一事项","只报口号","把两类信息完全割裂","A","","教材要求可持续信息与财务报表信息相互关联，使读者理解风险和财务后果。","可持续与财务信息关联","第一章 总论","第六节 可持续信息披露","31","42"
"C1-124","1","总论","单选","零基础","以货币计量的可持续信息与财务报表相关金额，原则上应如何表达？","不必说明单位","每页随机换币种","使用与财务报表一致的币种","只用实物单位","C","","教材要求货币计量的可持续信息使用与相关财务报表一致的币种。","披露货币一致性","第一章 总论","第六节 可持续信息披露","31","42"
"C1-125","1","总论","单选","零基础","教材所述人工智能能帮助计算机完成什么？","模拟识别、学习与决策等智能行为","代替所有会计准则","自动变成法律主体","保证所有预测正确","A","","人工智能通过程序和算法模拟人类部分智能行为，如识别、学习、判断和决策。","人工智能概述","第一章 总论","第七节 人工智能在会计审计领域的应用","31","42"
"C1-126","1","总论","单选","零基础","把扫描发票上的文字转成数字文本，可使用哪项技术？","光学字符识别","历史成本计量","所有者权益确认","会计分期","A","","光学字符识别可读取扫描图像中的文字并转换为可处理的文本。","光学字符识别","第一章 总论","第七节 人工智能在会计审计领域的应用","31","42"
"C1-127","1","总论","单选","零基础","AI 自动分类入库单和发票，主要属于哪项会计应用？","利润分配","持续经营判断","自动化处理","股东投入","C","","教材列示自动识别、分类原始凭证等自动化处理场景。","会计凭证自动处理","第一章 总论","第七节 人工智能在会计审计领域的应用","31","42"
"C1-128","1","总论","单选","零基础","AI 分析财务数据并预测可能的风险，主要体现什么？","会计主体","智能分析","历史成本","货币计量","B","","智能分析利用数据和模型发现规律、预测风险，为决策提供支持。","会计智能分析","第一章 总论","第七节 人工智能在会计审计领域的应用","31","42"
"C1-129","1","总论","单选","零基础","系统自动发现异常交易并提示复核，主要属于哪种应用？","风险控制","所有者权益投入","重置成本","会计分期","A","","AI 可通过检查数据规律识别异常，支持财务风险控制。","会计风险控制","第一章 总论","第七节 人工智能在会计审计领域的应用","32","43"
"C1-130","1","总论","单选","零基础","审计中用技术从大量合同提取条款，主要属于什么应用？","利润分配","会计主体确定","资产重估","审计数据采集与分析","D","","教材列示自然语言处理和文本挖掘可提取、清洗并分析审计数据。","审计数据采集与分析","第一章 总论","第七节 人工智能在会计审计领域的应用","32","43"
"C1-131","1","总论","单选","零基础","模型识别潜在异常交易供审计人员关注，主要服务什么？","现金分红","员工考勤","固定资产折旧","审计风险识别与评估","D","","AI 可辅助识别高风险交易并进行风险等级评估，供审计人员设计程序。","审计风险评估","第一章 总论","第七节 人工智能在会计审计领域的应用","32","43"
"C1-132","1","总论","单选","零基础","机器人流程自动化处理重复的审计核对工作，主要目的是什么？","取消审计证据","保证零风险","提高效率并减少重复操作错误","无需复核任何结果","C","","重复且规则明确的审计程序可由工具辅助执行，但仍需人员监督和判断。","审计程序自动化","第一章 总论","第七节 人工智能在会计审计领域的应用","32","43"
"C1-133","1","总论","单选","零基础","AI 检查审计底稿是否遗漏关键内容，属于哪种应用？","收入的日常活动","所有者权益计量","会计分期","质量控制和复核","D","","教材列示AI可自动复核底稿和报告，提示疏漏与风险。","审计质量复核","第一章 总论","第七节 人工智能在会计审计领域的应用","32","43"
"C1-134","1","总论","单选","零基础","会计人员使用 AI 处理客户财务数据时，必须特别注意什么？","数据可以随意公开","数据取得与使用符合隐私和安全要求","让模型自行决定披露范围","不用核查数据来源","B","","教材强调开发和使用 AI 时要保障数据安全，遵守隐私及数据相关规则。","数据安全","第一章 总论","第七节 人工智能在会计审计领域的应用","33","44"
"C1-135","1","总论","单选","零基础","AI 给出一笔交易的会计处理建议后，谁仍需作专业判断并对结果负责？","电脑供应商","会计人员","软件本身","任一无关读者","B","","教材强调会计人员要检查数据、验证处理过程并独立判断，对工作结果承担责任。","会计人员最终责任","第一章 总论","第七节 人工智能在会计审计领域的应用","32","43"
"C1-136","1","总论","单选","零基础","会计人员设计 AI 会计方案时，首先应以什么为导向？","只追求处理速度","只考虑软件价格","只考虑界面颜色","会计人员职业道德与合规要求","D","","教材要求以会计人员职业道德为导向，负责任、合规地设计和使用人工智能。","人工智能的职业道德导向","第一章 总论","第七节 人工智能在会计审计领域的应用","32","43"
"C1-137","1","总论","单选","零基础","企业引入 AI 后，应如何对待会计人员？","关注其需求并帮助其学习使用新工具","不允许人复核结果","完全不培训","把所有专业判断交给软件","A","","教材强调以人为本，关注会计人员需求，帮助其适应并正确使用人工智能。","以人为本使用人工智能","第一章 总论","第七节 人工智能在会计审计领域的应用","32","43"
"C1-138","1","总论","单选","零基础","企业使用 AI 辅助审计时，记录模型处理步骤和依据主要为了什么？","提高股利","取消工作底稿","提高可解释性","改变会计期间","C","","可解释性要求能清楚说明 AI 应用的开发、训练和决策过程及所用资料。","人工智能可解释性","第一章 总论","第七节 人工智能在会计审计领域的应用","33","44"
"C2-01","2","存货","单选","零基础","一家商店购入一批准备在日常经营中出售的商品。这批商品通常属于什么？","长期股权投资","无形资产","存货","固定资产","C","","存货包括企业在日常活动中持有以备出售的商品或产品。题中的商品就是为销售而持有。","存货的定义","第二章 存货","第一节 存货的确认和初始计量","34","45"
"C2-02","2","存货","单选","零基础","企业生产线上尚未加工完成的产品，应归入哪一类存货？","产成品","固定资产","投资性房地产","在产品","D","","在产品是尚未完成全部生产工序的产品；产成品已经完成生产并验收入库。","在产品与产成品","第二章 存货","第一节 存货的确认和初始计量","34","45"
"C2-03","2","存货","单选","零基础","企业为包装销售商品而准备、可反复使用且未达到固定资产确认条件的包装物，通常属于什么？","周转材料","长期股权投资","无形资产","在建工程","A","","可多次使用、但不符合固定资产定义的包装物等属于周转材料，是存货的一类。","周转材料","第二章 存货","第一节 存货的确认和初始计量","34","45"
"C2-04","2","存货","单选","零基础","企业购买钢材专门用于建造自用厂房，该钢材应按什么目的进行核算？","周转材料","建造固定资产所用材料，不按本章存货核算","待售商品","产成品","B","","判断资产要看用途。用于自建固定资产的材料虽然也是材料，但不符合本章所述为销售或生产待售产品而持有的存货定义。","存货与固定资产的边界","第二章 存货","第一节 存货的确认和初始计量","34","45"
"C2-05","2","存货","单选","零基础","某批材料符合存货定义，企业要将它确认为存货，还需同时满足哪两个条件？","已售出且已收款","管理层想把它列为存货且金额较大","相关经济利益很可能流入且成本能够可靠计量","已支付现金且已收到发票","C","","教材要求在符合定义的前提下，同时满足经济利益很可能流入企业、成本能够可靠计量。付款或收到发票不是唯一判断标准。","存货确认条件","第二章 存货","第一节 存货的确认和初始计量","35","46"
"C2-06","2","存货","单选","零基础","企业取得存货时，通常应按哪一基础初始计量？","预计售价","未来利润","任意估计金额","成本","D","","取得时按成本计量。成本可能由购买成本、加工成本和使存货达到目前场所及状态的其他成本构成。","存货初始计量","第二章 存货","第一节 存货的确认和初始计量","35","46"
"C2-07","2","存货","单选","零基础","企业日常用计划成本记录材料，期末应如何处理计划成本与实际成本的差额？","通过成本差异调整为实际成本","永远保留计划成本，不作调整","全部直接计入营业外收入","直接冲减实收资本","A","","计划成本只是日常核算方法，期末应通过材料成本差异等科目调整，使材料反映实际成本。","计划成本与实际成本","第二章 存货","第一节 存货的确认和初始计量","35","46"
"C2-08","2","存货","单选","零基础","企业外购一批材料，入库前支付了必需的运输费。该运输费通常如何处理？","计入实收资本","计入材料采购成本","一律计入销售费用","一律计入管理费用","B","","将外购材料运至目前场所和状态所必需的运输费，属于采购成本。","外购存货采购成本","第二章 存货","第一节 存货的确认和初始计量","35","46"
"C2-09","2","存货","单选","零基础","一般纳税人购买材料取得可抵扣的增值税进项税额，该税额通常如何处理？","直接增加营业收入","直接减少实收资本","不计入存货采购成本","全部计入存货采购成本","C","","按规定可以抵扣的增值税进项税额不计入材料或商品的购买价款；不能抵扣的相关税费则可能计入采购成本。","可抵扣增值税进项税额","第二章 存货","第一节 存货的确认和初始计量","35","46"
"C2-10","2","存货","单选","零基础","采购材料途中发生正常、合理的损耗，剩余材料的单位采购成本通常会怎样？","一定降为零","与损耗完全无关","直接转为股本","因总采购成本分摊到较少数量而提高","D","","合理途中损耗属于取得存货的正常成本，通常由实际入库数量负担，因此单位成本上升。","采购途中合理损耗","第二章 存货","第一节 存货的确认和初始计量","35","46"
"C2-11","2","存货","单选","零基础","采购途中短缺经查明应由供货方赔偿，该短缺对应的金额首先应如何处理？","冲减所购存货的采购成本或确认应收赔款","增加剩余存货的成本","增加营业收入","增加资本公积","A","","由供货方或运输方负责的短缺，不由剩余存货负担；教材要求冲减所购物资的采购成本并按责任处理。","采购短缺的处理","第二章 存货","第一节 存货的确认和初始计量","36","47"
"C2-12","2","存货","单选","零基础","企业生产产品时，生产工人的工资通常属于哪项存货成本？","所得税费用","直接人工","销售费用","财务费用","B","","直接从事产品生产的工人薪酬属于直接人工，是加工成本的一部分。","加工成本的构成","第二章 存货","第一节 存货的确认和初始计量","36","47"
"C2-13","2","存货","单选","零基础","生产车间管理人员的薪酬通常属于什么？","投资收益","营业外收入","制造费用","销售费用","C","","生产车间管理人员并非直接生产工人，其薪酬属于制造费用；制造费用应合理分配至相关产品成本。","制造费用的构成","第二章 存货","第一节 存货的确认和初始计量","36","47"
"C2-14","2","存货","单选","零基础","同一车间生产两种产品，共同发生的制造费用应如何处理？","只计入先完工的产品","全部计入营业外支出","不进行任何分配","按合理且一致的方法分配给产品","D","","不能直接归属于某一产品的制造费用，要选择合理的分配基础在相关产品之间分配；方法确定后不得随意变更。","加工成本分配","第二章 存货","第一节 存货的确认和初始计量","37","48"
"C2-15","2","存货","单选","零基础","投资者投入存货时，初始入账价值通常根据什么确定？","投资合同或协议约定的价值，但约定价值不公允的除外","一律按投资者原购买价","一律按零元","一律按未来售价","A","","教材规定，投资者投入存货按投资合同或协议约定的价值确定成本，但约定价值不公允时不能照搬。","投资者投入存货","第二章 存货","第一节 存货的确认和初始计量","37","48"
"C2-16","2","存货","单选","零基础","盘点发现账上漏记的一批存货，盘盈存货一般以什么作为入账价值？","预计利润","重置成本","预计售价的两倍","零元","B","","盘盈存货按重置成本入账，即在当前条件下重新取得相同或类似存货所需的成本。","盘盈存货初始成本","第二章 存货","第一节 存货的确认和初始计量","37","48"
"C2-17","2","存货","单选","零基础","因生产事故造成的非正常原材料耗费，通常应计入哪里？","实收资本","其他综合收益","发生当期损益","有关产品的正常存货成本","C","","非正常消耗无助于使存货达到目前场所和状态，教材要求发生时计入当期损益，而非增加存货成本。","异常消耗不计入存货成本","第二章 存货","第一节 存货的确认和初始计量","37","48"
"C2-18","2","存货","单选","零基础","性质和用途相似的存货，确定发出成本时通常应如何选择计价方法？","每笔随意更换方法","永远只按售价计算","完全不计发出成本","采用相同的成本计算方法","D","","为了使成本信息可比，性质和用途相似的存货通常使用相同的发出成本计算方法。","相似存货使用一致方法","第二章 存货","第二节 发出存货的计量","38","49"
"C2-19","2","存货","单选","零基础","下列哪种方法不能用于按现行会计准则确定发出存货的成本？","后进先出法","先进先出法","移动加权平均法","个别计价法","A","","教材列示了先进先出、移动加权平均、月末一次加权平均、个别计价等方法，并说明现行准则不允许后进先出法。","发出存货允许的方法","第二章 存货","第二节 发出存货的计量","38","49"
"C2-20","2","存货","单选","零基础","采用先进先出法时，先发出的存货视为哪一批？","数量最多的一批","最早购入的那一批","最后购入的那一批","单价最高的一批","B","","先进先出法假设先购入的存货先发出，发出成本依采购先后顺序确定。","先进先出法","第二章 存货","第二节 发出存货的计量","38","49"
"C2-21","2","存货","单选","零基础","期初有10件商品，每件10元；后购入10件，每件12元。采用先进先出法发出12件，发出成本是多少？","132元","144元","124元","120元","C","","先发出期初10件，成本100元；再发出新购入2件，成本24元；合计124元。","先进先出法简单计算","第二章 存货","第二节 发出存货的计量","38","49"
"C2-22","2","存货","单选","零基础","移动加权平均法通常在什么时点重新计算存货平均单位成本？","只在年末","只在企业成立时","每次收款后","每次进货后","D","","该方法把本次进货成本和原有库存成本合并，在每次进货后重新计算平均单位成本。","移动加权平均法","第二章 存货","第二节 发出存货的计量","38","49"
"C2-23","2","存货","单选","零基础","月初库存10件、每件10元；本月购入10件、每件14元。月末一次加权平均单位成本为多少？","12元","10元","14元","24元","A","","月末加权平均单位成本＝(10×10＋10×14)÷(10＋10)＝12元。","月末一次加权平均法","第二章 存货","第二节 发出存货的计量","39","50"
"C2-24","2","存货","单选","零基础","企业出售一件能够单独识别购买批次的贵重艺术品，最适合用哪种方法确定其发出成本？","后进先出法","个别计价法","月末一次加权平均法","任意估计法","B","","可以逐件辨认成本的贵重物品，通常按该件存货实际购入或生产成本计价，即个别计价法。","个别计价法","第二章 存货","第二节 发出存货的计量","39","50"
"C2-25","2","存货","单选","零基础","企业销售一批商品并确认销售收入时，已售商品的成本通常应如何处理？","计入实收资本","直接抵减应收账款","结转计入当期营业成本","仍全部留在库存商品中","C","","已售商品已不再由企业持有，应在确认相关收入的当期结转其成本，计入营业成本。","已售存货成本结转","第二章 存货","第二节 发出存货的计量","39","50"
"C2-26","2","存货","单选","零基础","在资产负债表日，存货成本为100元、可变现净值为90元，应按多少列示这项存货？","100元","190元","10元","90元","D","","期末存货按成本与可变现净值孰低计量，较低者是90元。","成本与可变现净值孰低","第二章 存货","第三节 期末存货的计量","40","51"
"C2-27","2","存货","单选","零基础","某存货成本100元、可变现净值80元，此前未计提跌价准备。本期应计提多少跌价准备？","20元","80元","100元","180元","A","","成本比可变现净值高20元，应计提20元存货跌价准备，并将该减值计入当期损益。","存货跌价准备的计提","第二章 存货","第三节 期末存货的计量","40","51"
"C2-28","2","存货","单选","零基础","一件商品预计售价100元，预计销售费用8元，相关税费2元。其可变现净值是多少？","110元","90元","100元","108元","B","","直接出售的商品可变现净值＝预计售价－预计销售费用－相关税费＝100－8－2＝90元。","可变现净值的计算","第二章 存货","第三节 期末存货的计量","40","51"
"C2-29","2","存货","单选","零基础","估计存货可变现净值时，为什么要先判断企业持有它的目的？","因为用途不同就不再需要计量","因为只有用于出售的存货才会发生减值","用于出售和用于继续加工的计算过程可能不同","因为持有目的会改变存货的数量单位","C","","直接出售的存货通常从自身售价出发；需加工的材料则要结合产成品的售价、完工成本和销售支出判断。","持有目的影响可变现净值","第二章 存货","第三节 期末存货的计量","41","52"
"C2-30","2","存货","单选","零基础","企业有100件商品，并签有订购这100件的销售合同。估计该批商品可变现净值时，通常以什么价格为基础？","期初采购价","固定资产评估价","任意选一个较高价格","合同价格","D","","为执行销售合同持有、且数量与合同相符的存货，通常以合同约定的销售价格为基础估计可变现净值。","有销售合同的可变现净值","第二章 存货","第三节 期末存货的计量","41","52"
"C2-31","2","存货","单选","零基础","企业有150件商品，但销售合同仅订购100件。多出的50件通常以什么价格为基础估计可变现净值？","一般市场销售价格","该合同价格必然适用于全部150件","原材料采购价格","零元","A","","合同价格只与其覆盖的数量直接相关；超过合同订购数量的部分通常以一般市场销售价格为基础。","超出合同数量的存货","第二章 存货","第三节 期末存货的计量","41","52"
"C2-32","2","存货","单选","零基础","没有销售合同约定的待售商品，其可变现净值通常以什么价格为基础？","股东约定价格","一般销售价格","产品生产成本","历史最高售价","B","","没有销售合同的待售商品，通常以产品或商品的一般市场销售价格为基础，再扣除销售费用及相关税费。","无销售合同的商品","第二章 存货","第三节 期末存货的计量","42","53"
"C2-33","2","存货","单选","零基础","用于生产产品的材料价格下跌，但预计制成产品的可变现净值仍高于其成本。该材料通常如何计量？","一定按材料市场价减记","一律转入固定资产","仍按成本计量","立即按零元计量","C","","生产用材料的减值要联系最终产品判断。若产成品的可变现净值高于成本，材料仍按成本计量。","生产用材料期末计量","第二章 存货","第三节 期末存货的计量","42","53"
"C2-34","2","存货","单选","零基础","用于生产产品的材料，若材料降价表明产成品可变现净值低于其成本，材料应如何处理？","仍无条件按成本计量","直接计入实收资本","永不做期末计量","按材料的可变现净值低于成本的差额计提跌价准备","D","","最终产品预计无法收回成本时，相关材料也要按成本与可变现净值孰低计量。材料可变现净值需从产品预计售价扣除至完工和销售所需支出。","生产用材料减值","第二章 存货","第三节 期末存货的计量","42","53"
"C2-35","2","存货","单选","零基础","期末估计存货可变现净值时，最应依靠什么？","能直接影响估计售价或成本的确凿证据","员工随意猜测","只看企业希望实现的利润","只看存货原购买价","A","","可变现净值是估计数，但必须建立在确凿证据基础上，并结合存货持有目的等因素。","确定可变现净值的证据","第二章 存货","第三节 期末存货的计量","41","52"
"C2-36","2","存货","单选","零基础","资产负债表日后获得的新证据，证明期末存货的售价当时已经下降。期末可变现净值估计应怎样处理？","一律使用下一年度末价格","考虑能证明期末已存在情况的新证据","完全忽略一切日后信息","只要日后涨价就按最高价","B","","教材要求关注资产负债表日至报表批准报出日的售价变动；若新证据反映期末已存在情况，应在期末估计中考虑。","资产负债表日后事项的影响","第二章 存货","第三节 期末存货的计量","41","52"
"C2-37","2","存货","单选","零基础","通常情况下，存货跌价准备应以什么为基础计提？","所有者权益总额","只按库存总件数","单个存货项目","企业全部资产总额","C","","原则上按单个存货项目比较成本与可变现净值；数量繁多、单价较低等情况可以按类别处理。","按单项计提跌价准备","第二章 存货","第三节 期末存货的计量","42","53"
"C2-38","2","存货","单选","零基础","某类存货数量很多且单价较低，企业可按什么基础计提跌价准备？","一律按企业整体净资产","一律按销售收入","不允许计提","存货类别","D","","数量繁多、单价较低的存货，教材允许按存货类别比较总成本与总可变现净值并计提准备。","按类别计提跌价准备","第二章 存货","第三节 期末存货的计量","42","53"
"C2-39","2","存货","单选","零基础","一批商品的市场价格持续下降，且预期未来不会回升。这通常说明什么？","可变现净值可能低于成本，应评估跌价准备","一定产生营业外收入","应立即改列固定资产","应增加原采购成本","A","","持续且难以恢复的价格下跌是存货减值迹象，需结合确凿证据重新估计可变现净值。","存货减值迹象","第二章 存货","第三节 期末存货的计量","43","54"
"C2-40","2","存货","单选","零基础","一批存货已经霉烂变质，既不能使用也不能转让，其可变现净值通常应判断为多少？","合同价","零","原成本","原成本的两倍","B","","已霉烂变质且失去使用和转让价值的存货，属于教材列示的可变现净值通常为零的情形。","可变现净值为零的情况","第二章 存货","第三节 期末存货的计量","43","54"
"C2-41","2","存货","单选","零基础","同一种商品一部分有合同价格，另一部分没有合同约定。计提跌价准备时通常应如何处理？","把两部分的跌价准备互相抵销","完全不计提准备","两部分分别估计可变现净值并与各自成本比较","把全部数量一律按合同价计算","C","","同一存货中合同覆盖和未覆盖部分采用不同价格基础，应分别比较成本与可变现净值，不能把跌价准备互相抵销。","不同价格部分分别比较","第二章 存货","第三节 期末存货的计量","43","54"
"C2-42","2","存货","单选","零基础","以前导致存货减值的因素已经消失，存货可变现净值回升。应如何处理原跌价准备？","无论原因都不得转回","转回金额可以无限超过原计提额","直接增加实收资本","在原已计提跌价准备金额内转回","D","","只有以前减记存货价值的影响因素消失时，才可以转回相应跌价准备；转回以原已计提金额为上限。","存货跌价准备转回条件","第二章 存货","第三节 期末存货的计量","43","54"
"C2-43","2","存货","单选","零基础","一批存货成本100元，原已计提跌价准备20元；现在可变现净值回升到90元。符合转回条件时应转回多少？","10元","20元","90元","100元","A","","原账面价值80元，现在按孰低应为90元，需转回10元，转回后跌价准备余额为10元。","跌价准备转回金额","第二章 存货","第三节 期末存货的计量","44","55"
"C2-44","2","存货","单选","零基础","某存货成本100元，原跌价准备余额20元；可变现净值升到120元。符合转回条件时最多转回多少？","120元","20元","40元","100元","B","","转回不能超过原已计提的20元，转回后存货账面价值最多恢复到成本100元。","跌价准备转回上限","第二章 存货","第三节 期末存货的计量","44","55"
"C2-45","2","存货","单选","零基础","一批已计提跌价准备的商品本期售出，已售部分相关跌价准备应如何处理？","增加新购存货成本","直接计入实收资本","在结转销售成本时同时结转","永久留在跌价准备账户","C","","相关存货已经出售时，其成本和对应的跌价准备应同时结转，以正确反映已售存货的账面成本。","已售存货跌价准备结转","第二章 存货","第三节 期末存货的计量","44","55"
"C2-46","2","存货","单选","零基础","期末实际清点存货数量，并与账面结存数核对，主要是为了确定什么？","股票市场价格","银行贷款利率","企业注册资本","存货实存数与账存数是否一致","D","","存货清查通过实地盘点确定实存数量，再与账面结存数比较，发现盘盈、盘亏或毁损。","存货盘点的目的","第二章 存货","第四节 存货的清查盘点","44","55"
"C2-47","2","存货","单选","零基础","经批准后，因日常计量收发差错或管理不善形成的存货净短缺，通常计入什么？","管理费用","营业外收入","实收资本","固定资产原值","A","","扣除残料价值和应收赔款后，属于计量差错、管理不善等原因的存货净损失，计入管理费用。","一般短缺的损益归属","第二章 存货","第四节 存货的清查盘点","45","56"
"C2-48","2","存货","单选","零基础","经批准后，因自然灾害造成的存货净毁损，通常计入什么？","实收资本","营业外支出","管理费用","库存商品","B","","自然灾害等非常原因形成的存货净损失，在扣除残料及可收回赔款后计入营业外支出。","非常原因造成毁损","第二章 存货","第四节 存货的清查盘点","45","56"
"C2-49","2","存货","单选","零基础","盘点发现存货盘盈，查明是日常收发计量差错且不重大，经批准后通常如何处理？","增加营业成本","冲减实收资本","按重置成本冲减管理费用或计入营业外收入","全部计入固定资产","C","","教材要求盘盈先通过待处理财产损溢核算；日常收发计量差错等其他原因形成的盘盈，经批准后按重置成本冲减当期管理费用或计入营业外收入。","盘盈存货处理","第二章 存货","第四节 存货的清查盘点","45","56"
"C2-50","2","存货","单选","零基础","资产负债表中的存货项目，通常按什么金额列示？","预计售价总额","只按原材料原价","只按已销售商品的成本","相关存货成本等余额合计减去存货跌价准备等后的净额","D","","存货在资产负债表中单独列示，金额体现相关存货科目余额扣除存货跌价准备等项目后的账面价值。","资产负债表存货列示","第二章 存货","第五节 存货的列示与披露","45","56"
"C2-51","2","存货","单选","零基础","下列哪项属于企业在报表附注中应披露的存货信息？","确定发出存货成本所采用的方法","员工个人消费计划","竞争对手全部采购合同","本企业未来每一天的股价","A","","教材列示了存货期初期末账面价值、发出存货成本计算方法、可变现净值依据及跌价准备等披露内容。","存货附注披露","第二章 存货","第五节 存货的列示与披露","45","56"
"C2-52","2","存货","单选","零基础","企业将符合存货确认条件的数据资源确认为存货，在资产负债表的存货项目下通常如何展示？","无需反映在报表中","根据重要性增设“其中：数据资源”项目","一律列入应收账款","一律直接计入实收资本","B","","教材说明，确认为存货的数据资源应结合重要性原则在“存货”项下增设“其中：数据资源”项目。","确认为存货的数据资源","第二章 存货","第五节 存货的列示与披露","45","56"
"C2-53","2","存货","单选","零基础","对已确认为存货的数据资源，哪项信息属于附注披露内容？","未来尚未签订合同的确定利润","与数据资源无关的个人消费","其可变现净值确定依据及跌价准备计提、转回情况","企业所有员工的家庭住址","C","","教材要求披露数据资源存货的类别、成本方法、可变现净值依据、跌价准备金额及计提转回等相关信息。","数据资源存货附注信息","第二章 存货","第五节 存货的列示与披露","46","57"
"C2-54","2","存货","单选","零基础","企业在履行服务合同过程中归集的履约成本，通常应优先按照哪类规定判断与核算？","本章所有存货规定一律直接套用","固定资产折旧规定","股本核算规定","收入准则中合同履约成本的规定","D","","教材明确提示，通过建造等服务合同归集的合同履约成本不适用本章存货规定，应按收入章节处理。","服务合同履约成本的边界","第二章 存货","第一节 存货的确认和初始计量","34","45"
"C2-55","2","存货","单选","零基础","购入一批材料，价款1000元，可抵扣增值税130元，入库前运输费100元。假设无其他支出，材料采购成本为多少？","1100元","1000元","1130元","1230元","A","","材料采购成本包括价款1000元和使材料运到入库前的运输费100元；可抵扣进项税额130元不计入成本。","外购成本简单计算","第二章 存货","第一节 存货的确认和初始计量","35","46"
"C2-56","2","存货","单选","零基础","商品已入库，之后发生的一般仓储费用通常如何处理？","全部冲减实收资本","发生时计入当期损益，生产过程为达到下一阶段所必需的仓储费除外","全部无条件计入存货成本","全部计入固定资产成本","B","","一般仓储费用发生时计入当期损益；若为使存货在生产过程中达到下一阶段所必需，才计入存货成本。","仓储费用的处理","第二章 存货","第一节 存货的确认和初始计量","37","48"
"C2-57","2","存货","单选","零基础","企业通过非货币性资产交换取得存货，初始成本应如何确定？","一律按企业估计售价","一律按原材料数量计量","按非货币性资产交换的相关准则确定，后续仍按存货准则计量","一律为零","C","","教材将非货币性资产交换列为其他取得方式；初始成本遵循相应交易准则，取得后的计量和披露则遵循存货准则。","其他取得方式的存货","第二章 存货","第一节 存货的确认和初始计量","37","48"
"C2-58","2","存货","单选","零基础","企业将材料直接对外销售且该销售是非主营业务，已售材料的成本通常计入哪里？","在建工程","库存商品","实收资本","其他业务成本","D","","教材区分了商品、产品与非商品存货。材料对外销售不构成主营业务时，已售材料成本计入其他业务成本。","材料发出成本结转","第二章 存货","第二节 发出存货的计量","39","50"
"C2-59","2","存货","单选","零基础","可多次使用的周转材料符合存货定义时，通常怎样将其成本转入相关费用？","按使用次数或其他合理方法分次计入","永远不计入费用","只在购入当天全额冲减股本","全部列为无形资产","A","","周转材料随着使用而消耗，应采用合理方法将其成本分次计入有关成本费用；金额较小的也可简化处理。","周转材料分次计入成本费用","第二章 存货","第二节 发出存货的计量","39","50"
"C2-60","2","存货","单选","零基础","期末有存货用于担保，企业在附注中应如何处理这一信息？","计入应付职工薪酬","披露用于担保的存货账面价值","因存货仍在仓库就完全不用披露","直接视为销售收入","B","","教材要求披露用于担保的存货账面价值；该信息会影响财务报表使用者对存货权利限制的判断。","用于担保的存货披露","第二章 存货","第五节 存货的列示与披露","46","57"
"CH3-001","3","固定资产","单选","零基础","下列哪项最符合固定资产的基本形态？","有实物形态的机器设备","企业拥有的专利权","银行存款","应收客户的货款","A","","固定资产首先是有形资产，即有实物形态。专利权属于无形资产，存款和应收款也没有固定资产的实物形态。","固定资产的有形特征","第三章 固定资产","第一节 固定资产的确认和初始计量","47","58"
"CH3-002","3","固定资产","单选","零基础","企业购入一台机器用于生产商品，符合固定资产定义中的哪一项持有目的？","向客户收取欠款","用于生产商品","准备短期转卖","作为现金储备","B","","固定资产可为生产商品、提供劳务、出租或经营管理而持有。准备出售的商品通常属于存货。","固定资产的持有目的","第三章 固定资产","第一节 固定资产的确认和初始计量","47","58"
"CH3-003","3","固定资产","单选","零基础","一台设备预计可为企业服务三年。它满足固定资产定义中的哪项时间特征？","只能使用一个月","必须永久使用","使用寿命超过一个会计年度","必须使用至少十年","C","","固定资产的使用寿命超过一个会计年度，并没有必须达到十年或永久使用的要求。","固定资产的使用寿命","第三章 固定资产","第一节 固定资产的确认和初始计量","47","58"
"CH3-004","3","固定资产","单选","零基础","企业持有一栋建筑物，专门以经营租赁方式出租。按本章说明，它通常归入哪类资产？","投资性房地产","存货","应收账款","固定资产","A","","经营租赁出租的建筑物按投资性房地产处理；本章所说作为固定资产的出租资产不包括此类建筑物。","经营租赁建筑物分类","第三章 固定资产","第一节 固定资产的确认和初始计量","47","58"
"CH3-005","3","固定资产","单选","零基础","企业有数量多、单价低的常用工具，虽可使用一年以上，实务中通常确认为哪类资产？","存货","固定资产","长期股权投资","无形资产","A","","教材指出工具、用具、备品备件等周转材料虽可能具有固定资产的一些特征，但因数量多、单价低，考虑成本效益原则，通常确认为存货。","低值周转材料分类","第三章 固定资产","第一节 固定资产的确认和初始计量","48","59"
"CH3-006","3","固定资产","单选","零基础","航空企业持有价格高、可反复使用且满足确认条件的周转件，应如何分类？","确认为应收款","只能确认为存货","确认为固定资产","立即计入营业外支出","C","","高价周转件只要符合固定资产定义和确认条件，应确认为固定资产；不能仅因名称是周转件就一律列作存货。","高价周转件分类","第三章 固定资产","第一节 固定资产的确认和初始计量","48","59"
"CH3-007","3","固定资产","单选","零基础","飞机的机身和引擎使用寿命明显不同，适用不同折旧率。企业应如何确认？","一律合并且不折旧","全部确认为存货","分别确认为单项固定资产","只确认机身","C","","构成一项固定资产的组成部分若以不同方式提供经济利益，使用寿命、折旧率或方法不同，应分别确认为单项固定资产。","固定资产组成部分单独确认","第三章 固定资产","第一节 固定资产的确认和初始计量","48","59"
"CH3-008","3","固定资产","单选","零基础","企业购入环保设备，它本身不能直接生产产品，但有助于其他设备持续使用并取得经济利益。满足其他确认条件时，应如何处理？","因为不直接生产产品，所以一律不确认","必须确认为现金","只在设备报废时确认","可确认为固定资产","D","","安全或环保设备可通过帮助企业从其他相关资产的使用中获得未来经济利益，符合条件时仍应确认为固定资产。","安全环保设备的确认","第三章 固定资产","第一节 固定资产的确认和初始计量","48","59"
"CH3-009","3","固定资产","单选","零基础","确认固定资产时，关于未来经济利益应满足哪项条件？","很可能流入企业","绝对保证流入企业","绝对不会流入企业","与企业无关即可","A","","固定资产确认需要与该资产有关的经济利益很可能流入企业，不要求百分之百确定。","确认条件：经济利益","第三章 固定资产","第一节 固定资产的确认和初始计量","48","59"
"CH3-010","3","固定资产","单选","零基础","除未来经济利益很可能流入外，确认固定资产还要求什么？","资产售价能够准确预知","资产成本能够可靠计量","购入价款已经全部付清","资产从不需要维修","B","","固定资产确认的另一条件是成本能够可靠计量。是否已付清价款，不决定其能否确认。","确认条件：成本计量","第三章 固定资产","第一节 固定资产的确认和初始计量","48","59"
"CH3-011","3","固定资产","单选","零基础","自建厂房已达到预定可使用状态，但竣工决算尚未办理。企业应怎样确认成本？","一律按零元确认","按未来销售收入确认","依据预算和已发生成本等资料合理暂估","等结算完成之前完全不确认","C","","成本可靠计量允许依据已有资料作合理估计。达到预定可使用状态的固定资产应先按暂估价值入账，决算后再调整。","竣工决算前暂估入账","第三章 固定资产","第一节 固定资产的确认和初始计量","48","59"
"CH3-012","3","固定资产","单选","零基础","固定资产初始成本通常包括哪个时间点以前发生的合理、必要支出？","出售资产以后","报废资产以后","任意未来年份","达到预定可使用状态以前","D","","取得成本包含使固定资产达到预定可使用状态前发生的一切合理、必要支出。之后的支出要按后续支出规则判断。","初始成本的时间边界","第三章 固定资产","第一节 固定资产的确认和初始计量","48","59"
"CH3-013","3","固定资产","单选","零基础","一般纳税人购买设备，价款10万元、可抵扣的增值税进项税额1.3万元，不考虑其他费用。固定资产成本是多少？","10万元","11.3万元","1.3万元","0元","A","","可按规定抵扣的增值税进项税额不计入固定资产成本，所以本题成本只有设备价款10万元。","外购成本及可抵扣增值税","第三章 固定资产","第一节 固定资产的确认和初始计量","48","59"
"CH3-014","3","固定资产","单选","零基础","购买设备后，为使其达到预定可使用状态发生运输费、装卸费和安装费。这些费用通常怎样处理？","确认为股利","计入设备成本","一律计入营业外收入","一律从设备成本中扣除","B","","与购入固定资产直接相关、发生于达到预定可使用状态以前的运输、装卸、安装等必要费用计入其取得成本。","外购相关费用","第三章 固定资产","第一节 固定资产的确认和初始计量","48","59"
"CH3-015","3","固定资产","单选","零基础","企业购入一台无需安装的办公设备，购入后立即可正常使用。通常何时达到预定可使用状态？","全部折旧提完时","出售时","购入即可发挥作用时","使用满一年时","C","","无需安装的固定资产，购入后即可发挥作用，通常购入后即达到预定可使用状态。","无需安装资产的可使用状态","第三章 固定资产","第一节 固定资产的确认和初始计量","48","59"
"CH3-016","3","固定资产","单选","零基础","一台机器需安装调试才能按合同要求运行。判断它达到预定可使用状态的关键是什么？","收到机器的包装箱","签订采购合同","仅支付定金","安装调试后达到设计或合同要求","D","","需安装的固定资产须安装调试完成、达到设计要求或合同标准并能发挥作用，才达到预定可使用状态。","需安装资产的可使用状态","第三章 固定资产","第一节 固定资产的确认和初始计量","49","60"
"CH3-017","3","固定资产","单选","零基础","一笔总价同时买入两项没有单独标价的固定资产，应主要按什么比例分摊总成本？","各项资产公允价值的比例","各项资产名称的笔画数","平均使用月份","由销售人员任意指定","A","","一揽子购入多项资产且均满足固定资产条件时，按各项固定资产公允价值比例分摊总成本。","一揽子采购的成本分摊","第三章 固定资产","第一节 固定资产的确认和初始计量","49","60"
"CH3-018","3","固定资产","单选","零基础","企业购买设备，付款期限明显超过正常信用条件，合同实质具有融资性质。确定设备初始成本时，应以什么为基础？","零元","购买价款的现值","所有未来付款金额直接相加","固定资产最终售价","B","","具有融资性质的延期付款，购买价款的现值是确定固定资产成本的基础；现值与总付款额的差额作为融资费用处理。","延期付款具有融资性质","第三章 固定资产","第一节 固定资产的确认和初始计量","49","60"
"CH3-019","3","固定资产","单选","零基础","延期付款购买需安装设备，在设备达到预定可使用状态前，符合借款费用资本化条件的融资费用应怎样处理？","冲减应收账款","始终不作会计处理","计入在建工程并最终计入固定资产成本","一律计入营业外收入","C","","达到预定可使用状态前符合借款费用资本化条件的融资费用，先计入在建工程，再随资产完工转入固定资产成本。","延期付款融资费用的资本化边界","第三章 固定资产","第一节 固定资产的确认和初始计量","50","61"
"CH3-020","3","固定资产","单选","零基础","一台延期付款购入的设备已经达到预定可使用状态，之后发生的融资费用通常计入哪里？","继续全部计入设备原价","营业外收入","库存现金","当期损益中的财务费用","D","","设备达到预定可使用状态后，相关融资费用不再满足此项资产的资本化条件，通常计入当期财务费用。","可使用后融资费用的处理","第三章 固定资产","第一节 固定资产的确认和初始计量","51","62"
"CH3-021","3","固定资产","单选","零基础","企业自行建造固定资产，成本包括哪些支出？","建造至预定可使用状态前的必要支出","资产出售后的一切支出","与建造无关的股东分红","员工个人旅游费","A","","自建固定资产成本由建造该项资产达到预定可使用状态前发生的必要支出构成。","自建固定资产成本","第三章 固定资产","第一节 固定资产的确认和初始计量","51","62"
"CH3-022","3","固定资产","单选","零基础","新机器达到预定可使用状态前，企业为测试其能否正常运转而支付必要测试费，应怎样处理？","不记账","计入固定资产成本","直接冲减固定资产成本","确认为营业收入","B","","测试固定资产能否正常运转的必要支出属于使其达到预定可使用状态前的必要支出，应计入成本。","测试费用计入成本","第三章 固定资产","第一节 固定资产的确认和初始计量","51","62"
"CH3-023","3","固定资产","单选","零基础","机器达到预定可使用状态前，试运行产出的产品对外销售。销售所得应如何影响机器成本？","使机器原价变为零","直接计入累计折旧","不冲减机器成本，收入和成本分别核算","全额冲减机器成本","C","","试运行销售的收入和成本按收入、存货等准则分别处理并计入当期损益，不应以销售净额冲减固定资产成本。","试运行销售不得冲减成本","第三章 固定资产","第一节 固定资产的确认和初始计量","51","62"
"CH3-024","3","固定资产","单选","零基础","企业自营建造厂房，领用直接材料并支付施工人员工资。这些支出通常记入哪里？","投资收益","其他综合收益","应收股利","在建工程成本","D","","自营工程实际发生的直接材料、直接人工、直接机械施工费等构成工程成本，通过在建工程核算。","自营工程直接成本","第三章 固定资产","第一节 固定资产的确认和初始计量","52","63"
"CH3-025","3","固定资产","单选","零基础","自营工程完工前，工程物资发生合理损失，收到残料款和保险赔偿后仍有净损失。这一净损失通常怎样处理？","计入所建工程成本","确认为股本","一律计入营业外收入","不作处理","A","","教材规定工程完工前的工程物资盘亏、报废及毁损，减去残料价值和赔偿后的净损失计入所建工程项目成本。","工程物资毁损净额","第三章 固定资产","第一节 固定资产的确认和初始计量","52","63"
"CH3-026","3","固定资产","单选","零基础","企业使用按规定提取的安全生产费用建造安全设备，设备达到预定可使用状态时，除确认固定资产外，还应如何处理专项储备？","直接增加营业收入","按形成固定资产的成本冲减专项储备并确认相同金额的累计折旧","将专项储备永久保留且继续逐年计提该设备折旧","将设备确认为存货","B","","教材规定，以提取的安全生产费用形成固定资产的，完工达到预定可使用状态时确认固定资产，同时冲减专项储备并确认相同金额的累计折旧，以后期间不再计提折旧。","安全生产费用形成固定资产","第三章 固定资产","第一节 固定资产的确认和初始计量","52","63"
"CH3-027","3","固定资产","单选","零基础","企业将新建火电厂发包，工程含发电车间、冷却塔和发电设备。确定各项固定资产成本时应怎样核算工程？","只核算承包商利润","不记录安装工程","按各项单项工程实际发生的支出分别核算","所有支出随意归入发电车间","C","","出包建造时，即使一个建设项目含多个单项工程，也应根据实际发生的支出确定各单项工程成本。","出包工程单项工程核算","第三章 固定资产","第一节 固定资产的确认和初始计量","53","64"
"CH3-028","3","固定资产","单选","零基础","出包建造固定资产，除建筑和安装工程支出外，建造期间不能直接归属于单个资产、需要合理分摊的管理费应怎样处理？","全部计入营业外收入","永远不确认","计入应收账款","作为待摊支出分配计入相关固定资产成本","D","","为建造工程发生的管理费等共同支出属于待摊支出，在相关工程之间合理分配后计入固定资产成本。","出包工程成本构成","第三章 固定资产","第一节 固定资产的确认和初始计量","53","64"
"CH3-029","3","固定资产","单选","零基础","同一建设项目有两项工程，建筑工程支出80万元、安装工程支出20万元，共同待摊支出10万元。按教材比例法，建筑工程分得多少待摊支出？","8万元","2万元","10万元","0元","A","","建筑工程占直接工程支出比例为80÷(80+20)=80%，因此分得10×80%=8万元。","出包工程待摊支出分配","第三章 固定资产","第一节 固定资产的确认和初始计量","53","64"
"CH3-030","3","固定资产","单选","零基础","企业为建造厂房支付土地出让金，按教材通常应把该款确认为哪类资产？","累计折旧","无形资产（土地使用权）","在建工程中的厂房建筑成本","库存现金","B","","教材指出，通过出让方式取得土地使用权支付的土地出让金不计入在建工程成本，应确认为无形资产（土地使用权）。","建造取得土地使用权","第三章 固定资产","第一节 固定资产的确认和初始计量","53","64"
"CH3-031","3","固定资产","单选","零基础","投资者投入一台机器，投资合同约定价值公允，企业还支付了相关税费。机器入账价值通常由什么构成？","一律取零元","只取机器预计售价","合同约定价值加相关税费","只取相关税费","C","","投入的固定资产通常以投资合同或协议约定价值加相关税费入账，但约定价值不公允的除外。","投资者投入成本","第三章 固定资产","第一节 固定资产的确认和初始计量","54","65"
"CH3-032","3","固定资产","单选","零基础","投资合同对投入设备约定的价值明显不公允，应按什么作为设备入账价值的基础？","仍机械采用明显不公允的约定价值","投资者随口提出的任意数","固定为零元","设备公允价值","D","","若投资合同或协议约定价值不公允，教材要求按该项固定资产公允价值作为入账价值基础，差额按相关规定处理。","投入价值不公允","第三章 固定资产","第一节 固定资产的确认和初始计量","54","65"
"CH3-033","3","固定资产","单选","零基础","企业通过非货币性资产交换取得机器，其初始成本首先应依照哪种思路确定？","按非货币性资产交换等相关准则确定，再按固定资产规则后续计量","一律按机器重量定价","永远不确认","只按机器将来的折旧额入账","A","","非货币性资产交换、债务重组及企业合并取得固定资产，取得成本分别按相关准则确定，后续计量和披露执行固定资产准则。","其他取得方式的准则衔接","第三章 固定资产","第一节 固定资产的确认和初始计量","54","65"
"CH3-034","3","固定资产","单选","零基础","企业建造需在使用期满后依法拆除并修复环境的核电设施。确定初始成本时，应考虑哪项支出？","经营性固定资产日常维修费","符合条件的弃置费用现值","未来任意广告费用","员工个人消费","B","","对特殊行业有弃置义务的固定资产，初始成本应包含弃置费用按现值计算的金额，并确认相应预计负债。","弃置义务计入初始成本","第三章 固定资产","第一节 固定资产的确认和初始计量","54","65"
"CH3-035","3","固定资产","单选","零基础","一般商业企业出售旧设备时发生的普通报废清理费，是否等同于应计入初始成本的弃置费用？","都属于销售收入","都属于无形资产","不等同，通常在发生时作为处置费用处理","完全等同，购入当天都要估计计入成本","C","","教材特别区分：一般工商企业固定资产的普通报废清理费用不属于弃置费用，应在发生时作为固定资产处置费用处理。","弃置费用与日常报废清理区别","第三章 固定资产","第一节 固定资产的确认和初始计量","54","65"
"CH3-036","3","固定资产","单选","零基础","已确认的弃置费用预计负债，随着时间推移按实际利率法增加的金额通常计入什么？","主营业务收入","累计折旧","应收股利","当期财务费用","D","","弃置负债在以后期间按实际利率法确认的利息费用计入当期财务费用，同时增加预计负债。","弃置负债利息","第三章 固定资产","第一节 固定资产的确认和初始计量","55","66"
"CH3-037","3","固定资产","单选","零基础","资产使用期内，因预计弃置支出增加，弃置义务的预计负债增加。按教材原则，应如何调整固定资产？","增加该固定资产成本","减少该固定资产成本","只增加营业收入","完全不调整","A","","预计负债增加时，应增加相关固定资产成本；调整后在资产剩余使用年限内计提折旧。","弃置负债估计增加","第三章 固定资产","第一节 固定资产的确认和初始计量","54","65"
"CH3-038","3","固定资产","单选","零基础","弃置义务的预计负债减少，应先如何调整固定资产成本？","增加资产成本","以资产账面价值为限减少成本，超出部分计入当期损益","无限额地把资产成本减成负数","全部计入营业收入且不动资产","B","","预计负债减少时，以该资产账面价值为限减少固定资产成本；超过账面价值的部分确认为当期损益。","弃置负债估计减少","第三章 固定资产","第一节 固定资产的确认和初始计量","54","65"
"CH3-039","3","固定资产","单选","零基础","固定资产折旧的核心含义是什么？","把购入价款一次全部收回现金","确认设备的销售收入","在使用寿命内系统分摊应计折旧额","每年重买一台相同设备","C","","折旧是在固定资产使用寿命内，按照确定的方法对其应计折旧额进行系统分摊。","折旧的含义","第三章 固定资产","第二节 固定资产的后续计量","56","67"
"CH3-040","3","固定资产","单选","零基础","固定资产的使用寿命可以怎样表示？","只能表示为购买价款","只能表示为销售收入","只能表示为银行存款余额","预计使用年限，或预计产量、工作量","D","","使用寿命可以是预计使用的期间，也可以是资产预计能生产产品或提供劳务的数量。","使用寿命的计量方式","第三章 固定资产","第二节 固定资产的后续计量","56","67"
"CH3-041","3","固定资产","单选","零基础","估计机器使用寿命时，哪项因素应予考虑？","预计有形磨损、技术过时和法律限制","管理者喜欢的颜色","员工生日","公司的广告口号","A","","使用寿命估计要考虑预计生产能力、有形磨损、无形磨损以及法律或类似限制等。","使用寿命估计因素","第三章 固定资产","第二节 固定资产的后续计量","56","67"
"CH3-042","3","固定资产","单选","零基础","预计净残值是固定资产寿命终了时，预计处置所得扣除什么后的金额？","全部工资","预计处置费用","过去年度收入","购入时股本","B","","预计净残值以预计处置时可获得的金额，扣除预计处置费用后计算。","预计净残值","第三章 固定资产","第二节 固定资产的后续计量","56","67"
"CH3-043","3","固定资产","单选","零基础","机器已计提减值准备。以后期间计提折旧时，应怎样考虑减值？","立刻把全部原价计入收入","只按预计净残值折旧","在剩余使用寿命内以调整后的账面价值和净残值计算","仍完全忽略已确认的减值","C","","计提减值准备后，应按扣除累计折旧、累计减值准备后的账面价值和预计净残值，在剩余使用寿命内重新计算折旧。","减值后的折旧基础","第三章 固定资产","第二节 固定资产的后续计量","56","67"
"CH3-044","3","固定资产","单选","零基础","下列哪项固定资产按教材通常不再计提折旧？","尚未提足折旧的闲置机器","正在使用的办公楼","刚投入使用的车辆","已提足折旧但继续使用的设备","D","","企业原则上应对所有固定资产计提折旧，但已提足折旧仍继续使用的资产，以及单独计价入账的土地除外。","不计提折旧的例外","第三章 固定资产","第二节 固定资产的后续计量","56","67"
"CH3-045","3","固定资产","单选","零基础","一台机器暂时闲置，但尚未提足折旧，也未终止确认。企业通常应怎样处理折旧？","仍计提折旧","只要闲置就永久停止折旧","立刻把机器确认为现金","等出售后补提全部折旧","A","","固定资产即使处于闲置状态，只要未提足折旧且未终止确认，通常仍应计提折旧。","闲置资产折旧","第三章 固定资产","第二节 固定资产的后续计量","57","68"
"CH3-046","3","固定资产","单选","零基础","企业在3月取得一台已达到预定可使用状态的机器。按教材简化的按月规则，何时开始计提折旧？","机器报废时","4月","3月","购入前的2月","B","","当月增加的固定资产当月不计提折旧，从下月起计提；所以3月增加，4月开始。","当月增加固定资产折旧时点","第三章 固定资产","第二节 固定资产的后续计量","57","68"
"CH3-047","3","固定资产","单选","零基础","企业在7月出售一台仍需计提折旧的机器。按教材简化的按月规则，7月折旧如何处理？","7月和8月都补提全年折旧","永远继续计提","7月仍计提，从8月起不再计提","7月开始前一年就停提","C","","当月减少的固定资产，当月仍计提折旧，从下月起停止计提。","当月减少固定资产折旧时点","第三章 固定资产","第二节 固定资产的后续计量","57","68"
"CH3-048","3","固定资产","单选","零基础","设备预计使用十年，但第八年提前报废，尚有未提足的折旧额。应怎样处理未提足部分？","报废当月一次补提未来两年的折旧","今后仍每月对已报废设备计提折旧","转为营业收入","不再补提折旧，按处置规则处理资产账面价值","D","","提前报废的固定资产不再补提折旧，其账面价值应随资产处置按规定处理。","提前报废与已提足折旧","第三章 固定资产","第二节 固定资产的后续计量","57","68"
"CH3-049","3","固定资产","单选","零基础","厂房达到预定可使用状态后按暂估价值入账并已计提折旧。后来竣工决算完成，实际成本与暂估额不同，应怎样处理原已计提折旧？","调整原暂估价值，但不追溯调整已计提折旧","必须把历年折旧全部冲回重算","不调整固定资产原价","将差额直接计入现金","A","","竣工决算后按实际成本调整暂估价值，但不需要调整原已计提的折旧额。","暂估入账后的决算调整","第三章 固定资产","第二节 固定资产的后续计量","57","68"
"CH3-050","3","固定资产","单选","零基础","企业选择固定资产折旧方法，最主要应依据什么？","银行存款余额","与资产有关的经济利益预期消耗方式","管理者希望当期利润是多少","资产名称的长短","B","","折旧方法应合理反映固定资产经济利益的预期消耗方式，而不是任意调节利润。","折旧方法选择依据","第三章 固定资产","第二节 固定资产的后续计量","57","68"
"CH3-051","3","固定资产","单选","零基础","一项大型设备中，某重要部件成本占比较大且使用寿命与主体不同。折旧时应怎样处理该部件？","一律按照主体寿命折旧且不考虑差异","只在出售时计算折旧","单独计提折旧","永远不计提折旧","C","","成本相对重大的组成部分应单独计提折旧；其剩余组成部分也应分别或按合理方式折旧。","重要组成部分分别折旧","第三章 固定资产","第二节 固定资产的后续计量","57","68"
"CH3-052","3","固定资产","单选","零基础","企业能否直接按使用机器生产的产品销售收入比例计算机器折旧？","能；收入越高就必须按相同比例折旧","只要经理同意就可以","仅在机器已报废后可以","不能；收入受价格和销售等因素影响，不能直接反映资产消耗","D","","教材明确指出，不应以包括使用固定资产在内的经济活动所产生的收入为基础计提折旧。","收入不能作为折旧基础","第三章 固定资产","第二节 固定资产的后续计量","57","68"
"CH3-053","3","固定资产","单选","零基础","设备原价100万元，预计净残值10万元，预计使用9年，按年限平均法每年折旧额是多少？","10万元","11.11万元","90万元","100万元","A","","年折旧额=(原价－预计净残值)÷预计使用年限=(100－10)÷9=10万元。","年限平均法计算","第三章 固定资产","第二节 固定资产的后续计量","57","68"
"CH3-054","3","固定资产","单选","零基础","运输车辆原价50万元、预计净残值5万元、预计总行驶里程9万公里。本期行驶1万公里，按工作量法本期折旧额是多少？","50万元","5万元","4.5万元","45万元","B","","每公里折旧额=(50－5)÷9=5元（按万元/万公里理解），本期1万公里折旧为5万元。","工作量法计算","第三章 固定资产","第二节 固定资产的后续计量","58","69"
"CH3-055","3","固定资产","单选","零基础","设备原价100万元，预计使用5年。采用双倍余额递减法，且不考虑第一年减值，第一年折旧额是多少？","10万元","100万元","40万元","20万元","C","","双倍余额递减法年折旧率=2÷5=40%，第一年以原价100万元为基础，折旧额为40万元。","双倍余额递减法首年折旧","第三章 固定资产","第二节 固定资产的后续计量","58","69"
"CH3-056","3","固定资产","单选","零基础","采用双倍余额递减法计提折旧时，固定资产折旧年限到期前两年通常怎样处理剩余应折旧额？","全部计入第一年","永远不计提","改用销售收入比例","扣除预计净残值后平均分摊到两年","D","","教材例题在折旧年限到期前两年，将当时账面净值扣除预计净残值后的余额按两年平均计提折旧。","双倍余额递减法末两年","第三章 固定资产","第二节 固定资产的后续计量","58","69"
"CH3-057","3","固定资产","单选","零基础","设备原价110万元、预计净残值10万元、预计使用4年。采用年数总和法，第一年折旧额是多少？","40万元","25万元","10万元","100万元","A","","年数总和=4+3+2+1=10，第一年率为4/10；应折旧额为110－10=100万元，首年折旧=100×4/10=40万元。","年数总和法计算","第三章 固定资产","第二节 固定资产的后续计量","59","70"
"CH3-058","3","固定资产","单选","零基础","双倍余额递减法和年数总和法共同具有哪种折旧特点？","与使用寿命无关","前期较多，后期较少","每年一定完全相等","只有最后一年计提","B","","这两种方法属于加速折旧法，前期较多计提折旧，后期较少计提折旧。","加速折旧的特点","第三章 固定资产","第二节 固定资产的后续计量","59","70"
"CH3-059","3","固定资产","单选","零基础","生产车间用于制造产品的设备折旧与管理部门办公设备折旧，通常分别计入哪里？","都计入库存现金","应收账款、营业收入","制造费用、管理费用","都计入营业外收入","C","","折旧根据受益对象分配：基本生产车间设备折旧计入制造费用，管理部门设备折旧计入管理费用。","制造与管理部门折旧归属","第三章 固定资产","第二节 固定资产的后续计量","59","70"
"CH3-060","3","固定资产","单选","零基础","销售部门使用的固定资产和经营出租的固定资产，其折旧通常分别计入哪两个科目？","管理费用、应收股利","营业外收入、实收资本","库存现金、投资收益","销售费用、其他业务成本","D","","销售部门使用的固定资产折旧计入销售费用；经营出租固定资产的折旧计入其他业务成本。","销售部门和经营出租折旧归属","第三章 固定资产","第二节 固定资产的后续计量","59","70"
"CH3-061","3","固定资产","单选","零基础","企业自行建造新厂房时，专用于建造的工程设备发生折旧，应计入哪里？","在建工程成本","营业外收入","股本","应收账款","A","","自行建造固定资产过程中使用的固定资产，其折旧为建造工程受益，应计入在建工程成本。","自建过程使用固定资产折旧归属","第三章 固定资产","第二节 固定资产的后续计量","59","70"
"CH3-062","3","固定资产","单选","零基础","企业至少应在什么时候复核固定资产使用寿命、预计净残值和折旧方法？","永远不复核","每年年度终了","只在购入当天","只在资产出售后","B","","教材要求企业至少于每年年度终了复核固定资产的使用寿命、预计净残值和折旧方法。","折旧参数年末复核","第三章 固定资产","第二节 固定资产的后续计量","59","70"
"CH3-063","3","固定资产","单选","零基础","有确凿证据表明机器预计使用寿命比原先估计短，企业应如何处理？","把设备确认为收入","撤销设备的所有购入凭证","调整未来期间的使用寿命估计","无论证据如何都不能更改","C","","年末复核发现与原估计有差异时，应调整使用寿命等估计；这是会计估计变更，影响以后期间折旧。","使用寿命和残值变更","第三章 固定资产","第二节 固定资产的后续计量","60","71"
"CH3-064","3","固定资产","单选","零基础","什么情况下企业可以改变一项固定资产原先采用的折旧方法？","仅因为本年想提高利润","每月随意更换","只因为资产名称改变","有证据表明经济利益的预期消耗方式发生重大改变","D","","折旧方法反映经济利益消耗方式；该方式发生重大改变时应改用更合适的方法，按会计估计变更处理。","折旧方法变更依据","第三章 固定资产","第二节 固定资产的后续计量","60","71"
"CH3-065","3","固定资产","单选","零基础","对旧生产线扩建后，其产能显著提高，支出能够可靠计量且未来经济利益很可能流入。这笔支出应如何处理？","资本化计入固定资产成本","一律计入营业外收入","不记录","一律冲减银行存款且不记录资产","A","","固定资产后续支出符合固定资产确认条件的，应计入固定资产成本；扩建提高产能且金额可靠计量时通常符合条件。","后续支出资本化判断","第三章 固定资产","第二节 固定资产的后续计量","61","72"
"CH3-066","3","固定资产","单选","零基础","生产线开始符合资本化条件的改扩建时，原固定资产的账面价值通常转入哪个科目？","应收股利","在建工程","主营业务收入","库存现金","B","","资本化的改扩建通常先将原资产原价、累计折旧和减值准备结转，把账面价值转入在建工程核算。","改扩建转在建工程","第三章 固定资产","第二节 固定资产的后续计量","61","72"
"CH3-067","3","固定资产","单选","零基础","固定资产转入在建工程进行资本化改扩建后，改扩建期间的折旧如何处理？","只计提使用寿命结束后的折旧","折旧转为营业收入","停止计提折旧","按原方法继续计提并且永不停止","C","","固定资产转入在建工程时，处于改扩建过程，应停止计提折旧；改扩建达到预定可使用状态后再重新确定折旧。","改扩建期间折旧","第三章 固定资产","第二节 固定资产的后续计量","61","72"
"CH3-068","3","固定资产","单选","零基础","资本化改扩建工程完成并达到预定可使用状态后，企业应怎样确定后续折旧？","继续完全按照改扩建前的原价和旧寿命计提","永远不再折旧","按收入比例直接计提","根据新的成本、使用寿命、净残值和折旧方法计提","D","","改扩建完成后转回固定资产，应重新确定原价、使用寿命、预计净残值和折旧方法，再计提折旧。","改扩建完成后的折旧","第三章 固定资产","第二节 固定资产的后续计量","61","72"
"CH3-069","3","固定资产","单选","零基础","企业以新部件替换设备旧部件，替换支出满足资本化条件。除计入新部件成本外，旧部件账面价值应如何处理？","从固定资产账面价值中扣除","同时继续保留，使新旧部件成本都在账上","计入营业收入","计入股本","A","","替换部件符合资本化条件时，新支出计入资产成本，同时要终止确认被替换部分的账面价值，避免重复计入。","替换部件的终止确认","第三章 固定资产","第二节 固定资产的后续计量","62","73"
"CH3-070","3","固定资产","单选","零基础","企业仅为维持机器正常运转进行日常维修，未带来新增的未来经济利益。维修费通常如何处理？","永远不记录","按受益对象计入当期损益或相关资产成本","一律增加机器原价","计入实收资本","B","","不符合资本化条件的后续支出，应在发生时计入当期损益或相关资产成本，按受益对象区分。","不符合资本化条件的维修","第三章 固定资产","第二节 固定资产的后续计量","63","74"
"CH3-071","3","固定资产","单选","零基础","与存货生产和加工相关的固定资产日常维修费，按教材应依照哪项原则处理？","一律计入投资收益","一律计入营业外收入","按存货成本确定原则处理","一律计入固定资产原价","C","","与存货生产和加工相关的固定资产日常维修费用，按照存货成本确定原则进行会计处理。","生产设备日常维修归属","第三章 固定资产","第二节 固定资产的后续计量","64","75"
"CH3-072","3","固定资产","单选","零基础","行政管理部门和销售机构发生不符合资本化条件的固定资产日常维修费，通常分别计入什么？","在建工程和固定资产原价","都计入营业收入","都计入股本","管理费用和销售费用","D","","行政管理部门、企业专设销售机构的日常维修费按功能分别计入管理费用或销售费用。","行政与销售设备维修归属","第三章 固定资产","第二节 固定资产的后续计量","64","75"
"CH3-073","3","固定资产","单选","零基础","企业出售一台固定资产后，这台资产应如何处理？","终止确认","继续作为企业固定资产折旧","作为新购资产入账","计入应收股利","A","","固定资产处于处置状态，包括出售、转让、报废等，应予终止确认。","处置导致终止确认","第三章 固定资产","第三节 固定资产的处置","64","75"
"CH3-074","3","固定资产","单选","零基础","企业有一台无法出售且预期通过使用或处置都不能再产生经济利益的旧机器，应如何处理？","确认为营业收入","终止确认","永久保留为固定资产且继续折旧","转为现金","B","","当固定资产预期通过使用或处置不能产生经济利益时，不再符合定义和确认条件，应终止确认。","不再产生经济利益的终止确认","第三章 固定资产","第三节 固定资产的处置","64","75"
"CH3-075","3","固定资产","单选","零基础","出售固定资产，开始清理时，原价100万元、累计折旧70万元、减值准备5万元。转入固定资产清理的账面价值是多少？","70万元","5万元","25万元","100万元","C","","固定资产账面价值=原价－累计折旧－减值准备=100－70－5=25万元。","转入固定资产清理","第三章 固定资产","第三节 固定资产的处置","64","75"
"CH3-076","3","固定资产","单选","零基础","出售机器时发生搬运、拆卸等清理费用，这些费用通常如何影响固定资产清理净额？","增加营业收入","减少累计折旧","没有任何影响","增加清理支出，减少处置净收益","D","","清理过程发生的有关费用及应付相关税费，借记固定资产清理，作为处置支出，最终减少净收益或增加净损失。","清理费用处理","第三章 固定资产","第三节 固定资产的处置","64","75"
"CH3-077","3","固定资产","单选","零基础","企业出售旧机器收到价款，另收回残料。价款和残料变价收入应如何影响固定资产清理？","冲减清理支出","增加固定资产原价","增加累计折旧","一律计入股本","A","","实际收到的出售价格和残料变价收入等，贷记固定资产清理，冲减清理支出。","出售收入和残料收入处理","第三章 固定资产","第三节 固定资产的处置","65","76"
"CH3-078","3","固定资产","单选","零基础","已转入固定资产清理的设备因毁损取得保险公司赔偿，这笔赔偿通常怎样处理？","计入应付职工薪酬","冲减固定资产清理支出","增加被毁损资产原价","计提更多折旧","B","","应由保险公司或过失人赔偿的损失，借记其他应收款或银行存款，贷记固定资产清理，减少清理净损失。","保险赔偿的清理处理","第三章 固定资产","第三节 固定资产的处置","65","76"
"CH3-079","3","固定资产","单选","零基础","企业正常出售固定资产，清理完成后出现净收益，通常计入什么？","股本","应付账款","资产处置损益","累计折旧","C","","正常出售、转让固定资产产生的清理净收益或净损失计入资产处置损益。","正常出售净损益归属","第三章 固定资产","第三节 固定资产的处置","65","76"
"CH3-080","3","固定资产","单选","零基础","机器因自然灾害毁损，清理后形成净损失，通常计入什么？","资产处置收益","营业收入","股本","营业外支出","D","","因自然灾害等原因导致固定资产报废毁损而产生的净损失，计入营业外支出。","报废毁损净损益归属","第三章 固定资产","第三节 固定资产的处置","65","76"
"CH3-081","3","固定资产","单选","零基础","年末盘点发现账上漏记了一台以前年度取得的固定资产。固定资产盘盈按教材应首先视为什么？","前期差错","本期销售收入","本期其他业务成本","应付股利","A","","财产清查中盘盈的固定资产作为前期差错处理，先通过以前年度损益调整科目核算，再按会计政策、会计估计变更和差错更正准则处理。","固定资产盘盈","第三章 固定资产","第三节 固定资产的处置","65","76"
"CH3-082","3","固定资产","单选","零基础","企业清查发现一台固定资产盘亏，扣除可收回赔偿后的净损失应计入哪里？","实收资本","当期损益中的营业外支出","营业收入","固定资产原价","B","","盘亏造成的损失计入当期损益；教材账务处理先经待处理财产损溢，扣除保险或责任人赔偿后，净损失计入营业外支出。","固定资产盘亏","第三章 固定资产","第三节 固定资产的处置","65","76"
"c04-q1","4","无形资产","单选","认识","企业购买并控制的一项专利权，通常列为什么？","存货","无形资产","短期借款","实收资本","B","","专利权通常属于没有实物形态的可辨认非货币性资产。","","","","",""
"c04-q2","4","无形资产","单选","理解","企业内部研发项目处在研究阶段，发生的支出通常怎样处理？","全部直接记入无形资产","发生时计入当期损益","记入实收资本","一直不记录","B","","研究阶段支出通常在发生时费用化。","","","","",""
"c04-q3","4","无形资产","多选","辨析","下列哪些通常可能属于无形资产？","符合确认条件的软件著作权","购入的专利权","企业员工的个人经验","可辨认的商标权","A、B、D","","软件著作权、专利权和可辨认商标权可能符合无形资产定义；员工个人经验通常不能由企业作为可辨认资产控制。","","","","",""
"c04-q4","4","无形资产","简答","动手","一项使用寿命有限的无形资产成本12万元，预计使用6年、残值为零，采用直线法。每年摊销多少？","","","","","","12÷6＝2万元/年。","有限使用寿命无形资产通常在其使用寿命内系统摊销；这里只练最简单的直线法。","","","","",""
"c05-q1","5","投资性房地产","单选","认识","企业持有一栋楼，主要用于向其他公司收取租金，通常归入什么？","存货","投资性房地产","自用固定资产","应收账款","B","","对外出租的建筑物符合投资性房地产的典型用途。","","","","",""
"c05-q2","5","投资性房地产","单选","理解","企业把自用办公楼改为对外出租，其用途发生了什么变化？","由自用变为赚取租金","由负债变为收入","由存货变为现金","没有变化","A","","用途从企业自身办公改为对外出租，是判断投资性房地产的重要线索。","","","","",""
"c05-q3","5","投资性房地产","多选","辨析","下列哪些可能属于投资性房地产？","已出租的建筑物","持有并准备增值后转让的土地使用权","企业自己使用的办公楼","房地产开发企业准备出售的商品房","A、B","","出租的建筑物和持有并准备增值后转让的土地使用权是典型情形；自用办公楼和开发企业待售商品房通常另行分类。","","","","",""
"c05-q4","5","投资性房地产","简答","动手","甲公司一层楼自己办公，另一栋独立的楼对外出租。请分别说明两栋楼通常的资产类别。","","","","","","自用办公楼通常列固定资产；独立出租的楼通常列投资性房地产。","判断时先看持有目的：自用，还是赚取租金或资本增值。","","","","",""
"c06-q1","6","长期股权投资与合营安排","单选","认识","一家公司能单独主导另一家公司相关活动，这体现的是？","控制","共同控制","没有任何影响","存货管理","A","","能主导相关活动并获取可变回报等是控制判断的核心。","","","","",""
"c06-q2","6","长期股权投资与合营安排","单选","理解","对被投资单位具有重大影响时，长期股权投资通常采用哪种方法后续计量？","先进先出法","权益法","年限平均法","售价法","B","","具有重大影响的长期股权投资通常采用权益法。","","","","",""
"c06-q3","6","长期股权投资与合营安排","多选","辨析","判断对被投资单位的关系时，需要区分哪些情况？","控制","共同控制","重大影响","是否已付款购买电脑","A、B、C","","控制、共同控制和重大影响会影响投资的会计处理；付款买电脑与投资关系无关。","","","","",""
"c06-q4","6","长期股权投资与合营安排","简答","动手","甲公司与乙公司约定，某安排的相关活动必须双方一致同意。用一句话说明这种安排可能体现什么。","","","","","","该安排可能体现共同控制；关键决策需要分享控制权的各方一致同意。","‘双方都能参与’不等于共同控制，重点是相关活动的决策是否须一致同意。","","","","",""
"c07-q1","7","资产减值","单选","认识","机器账面价值100万元，可收回金额80万元，通常应考虑确认多少减值损失？","0万元","20万元","80万元","100万元","B","","减值损失＝账面价值100－可收回金额80＝20万元。","","","","",""
"c07-q2","7","资产减值","单选","理解","确定资产可收回金额时，应比较哪两个金额并取较高者？","成本与售价","公允价值减处置费用后的净额与预计未来现金流量现值","收入与利润","借款与现金","B","","可收回金额取处置净额和预计未来现金流量现值中较高者。","","","","",""
"c07-q3","7","资产减值","多选","辨析","减值测试中通常会用到哪些概念？","账面价值","可收回金额","预计未来现金流量现值","企业员工人数一定等于资产价值","A、B、C","","前三项与减值判断有关；员工人数不能直接等于资产价值。","","","","",""
"c07-q4","7","资产减值","简答","动手","某设备账面价值50万元，处置净额40万元，预计未来现金流量现值45万元。其可收回金额和减值损失分别是多少？","","","","","","可收回金额＝45万元；减值损失＝50－45＝5万元。","先在40和45之间取高者，再与账面价值50比较。","","","","",""
"c08-q1","8","负债","单选","认识","企业向银行借入10万元尚未归还，通常形成什么？","收入","负债","利润","无形资产","B","","未偿还的银行借款是企业的现时偿还义务。","","","","",""
"c08-q2","8","负债","单选","理解","企业赊购材料，材料已经收到但尚未付款，通常同时增加什么？","存货和应付账款","现金和收入","利润和现金","实收资本和销售费用","A","","材料形成存货；尚欠供应商货款形成应付账款。","","","","",""
"c08-q3","8","负债","多选","辨析","下列哪些一般属于企业负债？","应付给供应商的货款","尚未归还的银行借款","老板个人的旅游支出","应付员工薪酬","A、B、D","","欠供应商、银行和员工的款项可能是企业负债，老板个人支出不属于企业负债。","","","","",""
"c08-q4","8","负债","简答","动手","一家企业先收到客户订金1万元，尚未交付商品。为什么此时不能简单把1万元都当成已赚得的收入？","","","","","","因为企业尚有交付商品等合同义务，通常先确认相关负债，履约时再按规定确认收入。","收到钱的时间和完成履约的时间可能不同。","","","","",""
"c09-q1","9","职工薪酬","单选","认识","企业本月员工已完成工作，工资下月才支付，本月通常应确认什么？","不做任何记录","相关成本或费用及应付职工薪酬","只增加现金","只减少收入","B","","员工本月提供服务，企业本月应确认相应成本或费用及待支付的负债。","","","","",""
"c09-q2","9","职工薪酬","单选","理解","本月计提应付工资8万元，次月以银行存款支付。支付时应付职工薪酬通常怎样变化？","增加8万元","减少8万元","不变","变成收入","B","","偿付已计提的工资会减少应付职工薪酬和银行存款。","","","","",""
"c09-q3","9","职工薪酬","多选","辨析","下列哪些可能属于职工薪酬？","工资","按规定承担的社会保险费","符合规定的职工福利","给客户的销售折扣","A、B、C","","职工薪酬是为获得员工服务提供的各种形式报酬及相关支出；客户折扣不是员工薪酬。","","","","",""
"c09-q4","9","职工薪酬","简答","动手","企业员工本月完成工作，应发工资3万元，下月付款。请写出本月最基本的会计影响。","","","","","","本月确认相关成本或费用3万元，同时确认应付职工薪酬3万元；下月支付时再减少银行存款和应付款。","本题先理解权责发生制，不要求写具体借贷分录。","","","","",""
"c10-q1","10","股份支付","单选","认识","企业向员工授予股票期权，以换取未来工作服务，属于哪类交易？","股份支付","存货采购","对外捐赠","银行借款","A","","以权益工具换取职工服务是常见的股份支付安排。","","","","",""
"c10-q2","10","股份支付","单选","理解","以企业自身股份结算的股份支付，通常属于什么类别？","权益结算的股份支付","现金结算的股份支付","存货发出","增值税","A","","用企业权益工具结算，与以现金结算的股份支付不同。","","","","",""
"c10-q3","10","股份支付","多选","辨析","判断股份支付时要注意哪些要素？","企业取得的服务","给付的权益工具或与股份价值相关的现金","等待服务的期间","发货商品的市场售价一定为零","A、B、C","","股份支付涉及服务、结算方式和可能的等待期。","","","","",""
"c10-q4","10","股份支付","简答","动手","企业承诺员工服务满两年即可取得股份。用一句话说明为什么不能只在两年后才考虑这项服务的成本。","","","","","","因为员工在两年的等待期内逐步提供服务，企业通常应按规定在服务取得期间确认相应成本或费用。","先把股份支付理解为‘用股份或相关现金支付服务报酬’。","","","","",""
"c11-q1","11","借款费用","单选","认识","为建造需要较长时间才能达到预定可使用状态的厂房而发生、符合条件的借款利息，通常可怎样处理？","符合条件时计入厂房成本","永远计入现金","一定记入实收资本","永远不记录","A","","符合资本化条件的借款费用，在资本化期间可计入符合条件的资产成本。","","","","",""
"c11-q2","11","借款费用","单选","理解","借款100万元，年利率6%，整个半年均用于符合资本化条件的建造活动；忽略闲置资金收益等。半年利息是多少？","3万元","6万元","12万元","100万元","A","","简单利息＝100×6%×6/12＝3万元。是否资本化还需判断相关条件。","","","","",""
"c11-q3","11","借款费用","多选","辨析","借款费用开始资本化通常需要哪些条件已经同时具备？","资产支出已经发生","借款费用已经发生","使资产达到预定可使用或可销售状态所必要的活动已经开始","产品已经出售","A、B、C","","开始资本化通常要求资产支出、借款费用和必要的建造或生产活动均已发生。","","","","",""
"c11-q4","11","借款费用","简答","动手","企业借款建造需要长期施工的厂房。用一句话解释：为什么部分利息可能成为厂房成本，而不是当期费用？","","","","","","因为该借款利息与使符合资本化条件的厂房达到预定可使用状态直接相关，符合条件时应计入资产成本。","本题不要求完整资本化金额计算。","","","","",""
"c12-q1","12","或有事项","单选","认识","企业因已售产品承诺保修，预计很可能发生且金额可可靠估计的维修支出，通常考虑确认什么？","预计负债","股本","存货收入","长期股权投资","A","","若相关现时义务很可能导致资源流出且金额可可靠计量，通常确认预计负债。","","","","",""
"c12-q2","12","或有事项","单选","理解","某项索赔只是可能发生，尚未达到确认预计负债的条件，以下哪项最合适？","一定确认预计负债","先判断是否需披露，不能机械确认负债","确认为营业收入","直接记入所有者权益","B","","不能仅因有不确定性就确认预计负债；还需按准则判断披露要求。","","","","",""
"c12-q3","12","或有事项","多选","辨析","确认预计负债通常要同时满足哪些条件？","存在由过去事项形成的现时义务","履行义务很可能导致经济利益流出","金额能可靠计量","相关合同必须已收现金","A、B、C","","三项确认条件要同时满足；是否已收现金不是预计负债确认条件。","","","","",""
"c12-q4","12","或有事项","简答","动手","企业卖出1000件产品，每件预计保修成本2元，符合预计负债确认条件。预计总保修义务金额是多少？","","","","","","1000×2＝2000元；企业还要按规定确认相关保修成本和预计负债。","根据最佳估计数计算，先把单件成本乘件数。","","","","",""
"c13-q1","13","金融工具与保险合同","单选","认识","企业向客户赊销商品后形成的应收账款，通常属于什么？","金融资产","固定资产","存货","所有者权益","A","","应收账款代表企业按合同向客户收取现金的权利，通常属于金融资产。","","","","",""
"c13-q2","13","金融工具与保险合同","单选","理解","企业发行债券承诺将来还本付息，对发行企业来说通常形成什么？","存货","金融负债","无形资产","营业收入","B","","发行债券形成按合同交付现金的义务，通常为金融负债。","","","","",""
"c13-q3","13","金融工具与保险合同","多选","辨析","下列哪些一般可能属于金融工具？","债券","应收账款","普通股股票","自用机器","A、B、C","","债券、应收款和股票涉及金融资产、负债或权益工具；自用机器本身不是金融工具。","","","","",""
"c13-q4","13","金融工具与保险合同","简答","动手","甲公司向乙公司赊购设备，约定以后付款。请指出该合同对甲、乙双方分别可能形成什么金融项目。","","","","","","甲公司对乙公司有付款义务，形成应付款等金融负债；乙公司对甲公司有收款权利，形成应收款等金融资产。","从‘谁有收现金的权利、谁有付现金的义务’入手。","","","","",""
"c14-q1","14","租赁","单选","认识","企业租入设备两年，取得该设备在租期内的使用权。承租人通常应首先考虑确认什么？","使用权资产和租赁负债","存货和股本","利润和收入","只有银行存款","A","","一般租赁下，承租人通常确认使用权资产及租赁负债；特殊简化处理需另行判断。","","","","",""
"c14-q2","14","租赁","单选","理解","租赁合同中使用资产的一方称为什么？","出租人","承租人","股东","审计人","B","","承租人取得使用权，出租人提供使用权。","","","","",""
"c14-q3","14","租赁","多选","辨析","识别租赁时通常要看哪些要素？","是否涉及已识别的资产","客户能否在使用期间控制该资产的使用","是否约定一定期间","设备外壳一定是蓝色","A、B、C","","租赁判断围绕特定资产、使用期间及控制其使用的权利。","","","","",""
"c14-q4","14","租赁","简答","动手","公司租用一台指定设备两年，并按月付款。用自己的话区分‘拥有设备’和‘取得设备使用权’。","","","","","","拥有设备指持有其所有权等权利；租赁通常让承租人在约定期间取得设备使用权，设备所有权未必转移。","理解使用权资产不等于说租来的设备已经买断。","","","","",""
"c15-q1","15","持有待售的非流动资产、处置组和终止经营","单选","认识","企业决定出售一台不再用于生产的机器。是否只要有出售想法就一定立即列为持有待售？","是，口头想法足够","否，还要满足准则的具体条件","只有亏损时才行","需要先把机器变为现金","B","","持有待售需满足可立即出售、出售高度可能等条件；单有意向不够。","","","","",""
"c15-q2","15","持有待售的非流动资产、处置组和终止经营","单选","理解","被分类为持有待售的非流动资产，价值主要预期通过什么方式收回？","继续长期使用","出售","增加股本","支付员工工资","B","","持有待售的分类体现账面价值主要通过出售收回。","","","","",""
"c15-q3","15","持有待售的非流动资产、处置组和终止经营","多选","辨析","判断非流动资产能否列为持有待售，通常考虑哪些条件？","在当前状况下可立即出售","出售极可能发生","有合适的出售计划和相关安排","公司名称里必须有‘销售’二字","A、B、C","","分类基于资产当前可出售状态以及出售的高度可能性等具体要求。","","","","",""
"c15-q4","15","持有待售的非流动资产、处置组和终止经营","简答","动手","企业董事会讨论过卖厂房，但未形成明确计划，也没有积极寻找买家。为什么暂不能只凭这次讨论就列为持有待售？","","","","","","因为仅讨论出售不足以证明出售高度可能且满足其他分类条件，还需按准则进一步判断和落实。","想法、计划和符合分类条件的行动不是一回事。","","","","",""
"c16-q1","16","所有者权益","单选","认识","资产50万元、负债20万元，所有者权益是多少？","20万元","30万元","50万元","70万元","B","","所有者权益＝资产－负债＝50－20＝30万元。","","","","",""
"c16-q2","16","所有者权益","单选","理解","股东将资金投入公司，符合条件时企业通常增加哪项权益？","实收资本等","应付账款","营业外支出","借款费用","A","","股东出资是所有者投入，通常增加实收资本等权益项目。","","","","",""
"c16-q3","16","所有者权益","多选","辨析","下列哪些通常是所有者权益项目？","实收资本","资本公积","未分配利润","短期借款","A、B、C","","前三项属于所有者权益；短期借款是负债。","","","","",""
"c16-q4","16","所有者权益","简答","动手","公司期初所有者权益30万元，本期净利润5万元，没有分红或其他权益变动。期末所有者权益是多少？","","","","","","30＋5＝35万元。净利润在没有分配等其他变动时增加所有者权益。","本题忽略其他综合收益、所有者投入等其他事项。","","","","",""
"c17-q1","17","收入、费用和利润","单选","认识","商店把商品交给顾客且顾客取得控制权，符合其他确认条件时通常确认什么？","销售收入","银行借款","实收资本","固定资产折旧","A","","销售商品收入通常在客户取得商品控制权时按规定确认。","","","","",""
"c17-q2","17","收入、费用和利润","单选","理解","商品售价100元，相关营业成本60元，不考虑其他因素，毛利是多少？","40元","60元","100元","160元","A","","毛利＝收入100－营业成本60＝40元。","","","","",""
"c17-q3","17","收入、费用和利润","多选","辨析","下列哪些可能属于企业日常活动形成的收入？","销售商品取得的对价","提供服务取得的对价","股东投入的资本","企业偿还银行借款","A、B","","销售商品和提供服务是常见收入来源；股东出资不是收入。","","","","",""
"c17-q4","17","收入、费用和利润","简答","动手","企业12月已向客户交付商品、客户取得控制权，1月才收到货款。不考虑其他条件，收入通常应考虑在哪个月确认？","","","","","","通常在12月确认收入，并在尚未收到款时确认应收款；1月收款时再冲减应收款。","先找履约及控制权转移的时点，再看现金流入时点。","","","","",""
"c18-q1","18","政府补助","单选","认识","政府为补偿企业日常培训支出给予资金，符合条件时通常归为什么？","政府补助","股东出资","银行借款","客户销售收入","A","","来自政府、符合无偿性等条件的资金可能属于政府补助。","","","","",""
"c18-q2","18","政府补助","单选","理解","与建造一台设备直接相关的政府补助，主要属于哪一类？","与资产相关的政府补助","股利收入","员工薪酬","债务重组","A","","补助目的在于购建或形成长期资产时，通常属于与资产相关的政府补助。","","","","",""
"c18-q3","18","政府补助","多选","辨析","判断政府补助时要区分哪些情形？","与资产相关","与收益相关","是否满足附加条件","供应商普通赊销折扣必然是政府补助","A、B、C","","政府补助的目的及条件会影响确认和后续处理；供应商折扣不是政府给予的补助。","","","","",""
"c18-q4","18","政府补助","简答","动手","政府给企业5万元，明确用于补偿其当期符合条件的培训费用。请说出：这笔款项是与资产相关还是与收益相关？","","","","","","通常是与收益相关的政府补助，因为它用于补偿费用而非购建长期资产。","这里要求先判断用途，不要求记具体分录。","","","","",""
"c19-q1","19","所得税","单选","认识","企业根据税法计算的应纳税所得额，与会计利润是否一定相等？","一定相等","不一定相等","都等于现金余额","都等于股本","B","","会计与税法对一些收入、费用的确认口径和时间可能不同。","","","","",""
"c19-q2","19","所得税","单选","理解","资产账面价值100万元、计税基础80万元，两者差额是多少？","20万元","80万元","100万元","180万元","A","","最基本的差额为100－80＝20万元，进一步判断其暂时性差异性质。","","","","",""
"c19-q3","19","所得税","多选","辨析","所得税会计中常见的概念有哪些？","账面价值","计税基础","暂时性差异","库存商品颜色","A、B、C","","前三个是判断递延所得税的基础概念。","","","","",""
"c19-q4","19","所得税","简答","动手","一家企业设备的账面价值为90万元、计税基础为70万元。先不考虑例外情况，写出两者差额，并说出为什么还要考虑递延所得税。","","","","","","差额20万元。账面价值和计税基础不同可能在未来期间影响应纳税所得额，因此需要进一步判断相关递延所得税。","本题先比较金额，不要求直接计算递延所得税资产或负债。","","","","",""
"c20-q1","20","非货币性资产交换","单选","认识","甲企业用一台设备与乙企业交换另一台设备，不涉及现金，属于什么交易？","非货币性资产交换","只是一笔现金支付","工资发放","股利分配","A","","以非货币性资产换取非货币性资产，通常属于非货币性资产交换。","","","","",""
"c20-q2","20","非货币性资产交换","单选","理解","用10万元现金直接购买设备，通常属于非货币性资产交换吗？","属于","不属于","一定属于债务重组","一定属于股份支付","B","","现金购买设备不是以非货币性资产换非货币性资产。","","","","",""
"c20-q3","20","非货币性资产交换","多选","辨析","判断非货币性资产交换的计量基础，通常需要考虑哪些事项？","交换是否具有商业实质","相关公允价值是否能可靠计量","是否存在补价及其影响","企业名称的字数","A、B、C","","商业实质、公允价值的可靠性和补价情况都会影响会计处理。","","","","",""
"c20-q4","20","非货币性资产交换","简答","动手","企业以旧机器换取一项专利权，几乎没有支付现金。请说明为什么先不能直接用旧机器原价作为新专利权的入账金额。","","","","","","应先判断交换是否符合非货币性资产交换规定，并结合商业实质、公允价值是否可靠等确定计量基础；旧机器原价不能直接照搬。","先学会识别交换，再研究如何计量。","","","","",""
"c21-q1","21","债务重组","单选","认识","甲公司欠乙公司货款，甲公司是这笔款项的什么角色？","债权人","债务人","担保人必然是甲","股东","B","","欠款的一方承担偿还义务，是债务人；有权收款的是债权人。","","","","",""
"c21-q2","21","债务重组","单选","理解","双方协商以一台设备清偿原有应付款，通常应首先考虑适用哪类交易的会计规定？","债务重组","固定资产折旧","职工薪酬","股份支付","A","","改变原债务的清偿安排并以资产清偿，是常见的债务重组情形。","","","","",""
"c21-q3","21","债务重组","多选","辨析","债务重组中可能出现哪些清偿方式？","以现金清偿","以非现金资产清偿","将债务转为权益工具","只因为企业换了办公地址","A、B、C","","清偿方式可能包括现金、资产和债转股等；更换地址与债务清偿无关。","","","","",""
"c21-q4","21","债务重组","简答","动手","甲公司欠乙公司10万元，双方重新约定用设备清偿。请分别说出谁是债务人、谁是债权人。","","","","","","甲公司是债务人，需要清偿债务；乙公司是债权人，拥有收款权利并接受清偿。","先识别交易双方，再学习各自不同的会计处理。","","","","",""
"c22-q1","22","外币折算","单选","认识","企业主要在中国经营，并以人民币作为记账本位币。收到美元货款时通常需要做什么？","按适用汇率折算为人民币记录","完全不入账","直接当成欧元","全部记入股本","A","","外币交易通常应折算为记账本位币金额进行会计记录。","","","","",""
"c22-q2","22","外币折算","单选","理解","企业持有100美元应收款，原记录汇率为1美元＝7元，期末汇率为7.2元，不考虑其他因素，期末人民币价值是多少？","700元","720元","20元","100元","B","","100×7.2＝720元；与原记录700元相比增加20元。","","","","",""
"c22-q3","22","外币折算","多选","辨析","外币折算中会接触哪些概念？","记账本位币","即期汇率","汇兑差额","存货必须全部使用美元标价","A、B、C","","前三者是外币交易的基本概念；企业存货无须都以美元标价。","","","","",""
"c22-q4","22","外币折算","简答","动手","企业持有100美元应收款，原汇率7元、期末汇率7.2元。算出不考虑其他因素时的汇兑差额，并说明方向。","","","","","","原折算额700元，期末720元，增加20元；美元应收款对应汇兑收益20元。","应收款是资产，外币升值时折合的人民币价值增加。","","","","",""
"c23-q1","23","财务报告","单选","认识","想看企业某一天的资产和负债，首先查看哪张报表？","资产负债表","利润表","现金流量表","销售合同","A","","资产负债表反映某一特定日期的财务状况。","","","","",""
"c23-q2","23","财务报告","单选","理解","想看企业一段期间赚了多少利润，主要查看哪张报表？","资产负债表","利润表","银行借款合同","固定资产卡片","B","","利润表反映一定会计期间的经营成果。","","","","",""
"c23-q3","23","财务报告","多选","辨析","主要财务报表通常包括哪些？","资产负债表","利润表","现金流量表","公司前台值班表","A、B、C","","前三者都是常见财务报表；值班表不是。","","","","",""
"c23-q4","23","财务报告","简答","动手","某企业想分别说明‘12月31日还有多少欠款’和‘全年实际收付多少现金’。应主要查看哪两张报表？","","","","","","12月31日的欠款主要看资产负债表；全年现金收付主要看现金流量表。","前者是时点，后者是期间。","","","","",""
"c24-q1","24","会计政策、会计估计及其变更和差错更正","单选","认识","企业根据新的使用情况重新估计机器的剩余使用年限，通常属于什么？","会计估计变更","企业合并","收到股本","存货盘盈","A","","剩余使用年限是估计参数，重新判断通常属于会计估计变更。","","","","",""
"c24-q2","24","会计政策、会计估计及其变更和差错更正","单选","理解","发现上年度一张已收到的重大费用发票被遗漏，没有入账，这首先属于什么问题？","前期差错","会计估计变更","股份支付","政府补助","A","","遗漏本应记录的交易，是前期差错；处理方式还要看差错是否重大等情况。","","","","",""
"c24-q3","24","会计政策、会计估计及其变更和差错更正","多选","辨析","判断一项变动时，应先区分哪些类别？","会计政策变更","会计估计变更","前期差错更正","客户名字的笔画数","A、B、C","","三类事项的原因及处理方式不同。","","","","",""
"c24-q4","24","会计政策、会计估计及其变更和差错更正","简答","动手","企业原估计某设备还能用5年，后来因实际磨损重新估计为3年。请说出这更像哪一类变动，并说明理由。","","","","","","属于会计估计变更，因为根据新信息调整未来剩余使用年限的估计，并非发现以前记录一定有错。","‘新情况导致重估’与‘以前做错了’要分开。","","","","",""
"c25-q1","25","资产负债表日后事项","单选","认识","12月31日已存在的诉讼，次年报表批准报出前判决，证实当时义务的金额。这通常更可能是什么事项？","调整事项","股东出资","存货采购","之后发生的全新业务","A","","判决提供了资产负债表日已存在状况的进一步证据，通常属于调整事项。","","","","",""
"c25-q2","25","资产负债表日后事项","单选","理解","次年新发生的重大火灾，12月31日尚未发生，通常更可能是什么事项？","调整事项","非调整事项","前期折旧","上年营业收入","B","","报表日后新发生的状况通常属于非调整事项，重大时还需考虑披露。","","","","",""
"c25-q3","25","资产负债表日后事项","多选","辨析","判断日后事项需要关注哪些时间或事实？","资产负债表日","报表批准报出日","相关状况在资产负债表日是否已存在","董事长喜欢的颜色","A、B、C","","判断期间和报表日是否已有相关状况，是区分调整与非调整的关键。","","","","",""
"c25-q4","25","资产负债表日后事项","简答","动手","企业12月31日有一笔客户欠款；次年报表批准报出前，客户破产且有证据显示年底已严重资不抵债。为什么可能需要调整上年报表？","","","","","","因为新的信息可能证实12月31日该应收款已存在减值状况，属于日后调整事项的判断线索。","后来的证据若指向年底已存在的问题，就要重新检查年底账面金额。","","","","",""
"c26-q1","26","企业合并","单选","认识","甲公司取得乙公司的控制权，乙公司原是独立企业，这通常要首先考虑哪一章？","企业合并","存货盘点","日常工资发放","固定资产折旧","A","","取得另一企业的控制权，是判断企业合并的常见起点。","","","","",""
"c26-q2","26","企业合并","单选","理解","判断企业合并会计处理时，一个关键问题是合并前后是否受同一方什么？","最终控制","日常广告影响","员工休假安排","同一银行开户","A","","合并前后是否受同一方最终控制，关系到同一控制下与非同一控制下的区分。","","","","",""
"c26-q3","26","企业合并","多选","辨析","企业合并入门需要区分哪些事项？","合并方或购买方","被合并方或被购买方","合并前后的控制关系","本月办公室照明费","A、B、C","","交易双方和控制关系决定后续处理的基本框架。","","","","",""
"c26-q4","26","企业合并","简答","动手","甲公司收购乙公司并取得控制权。请说明：为什么这与仅购买乙公司的一台机器不同？","","","","","","收购控制权意味着取得对乙公司相关活动的控制，可能涉及企业合并；仅购买一台机器通常只是资产购买。","判断的关键不是‘花了多少钱’，而是是否取得企业的控制权。","","","","",""
"c27-q1","27","合并财务报表","单选","认识","母公司控制子公司时，编制集团财务报表通常需要把谁纳入合并范围？","子公司","供应商","所有客户","所有竞争对手","A","","合并范围以控制为基础，受母公司控制的子公司通常纳入。","","","","",""
"c27-q2","27","合并财务报表","单选","理解","母公司欠子公司10万元，分别报表一方记应付、一方记应收。集团整体报表通常怎样处理？","把内部应收和应付抵销","再确认20万元收入","永久保留两笔对外余额","改为现金","A","","站在集团整体看，这是内部往来，不是对外债权债务，合并时通常抵销。","","","","",""
"c27-q3","27","合并财务报表","多选","辨析","编制合并报表时通常关注哪些内容？","合并范围","母子公司之间的内部交易","长期股权投资与子公司权益的抵销","集团每台电脑的颜色","A、B、C","","前三者是合并报表的重要工作。","","","","",""
"c27-q4","27","合并财务报表","简答","动手","母公司向子公司销售存货，期末子公司尚未对外售出。为什么集团报表要关注内部销售产生的未实现利润？","","","","","","集团整体尚未向外部客户实现该部分利润，因此合并报表通常需要抵销内部交易产生的未实现利润。","把母公司和子公司想成同一家企业的不同部门。","","","","",""
"c28-q1","28","每股收益","单选","认识","企业归属于普通股股东的净利润100万元，发行在外普通股加权平均股数100万股，基本每股收益是多少？","0.1元/股","1元/股","10元/股","100元/股","B","","基本每股收益＝100万元÷100万股＝1元/股。","","","","",""
"c28-q2","28","每股收益","单选","理解","计算基本每股收益时，分母通常使用哪项？","发行在外普通股加权平均股数","期末机器台数","营业收入","银行存款余额","A","","分母是发行在外普通股的加权平均股数，不是资产或收入。","","","","",""
"c28-q3","28","每股收益","多选","辨析","理解稀释每股收益时，可能涉及哪些潜在普通股？","可转换公司债券","认股权证","股份期权","固定资产折旧表","A、B、C","","前三者可能在一定条件下影响稀释每股收益；折旧表不是潜在普通股。","","","","",""
"c28-q4","28","每股收益","简答","动手","全年发行在外普通股始终为200万股，归属于普通股股东的净利润80万元，无其他调整。计算基本每股收益。","","","","","","80万元÷200万股＝0.40元/股。","股数全年不变时，加权平均股数就是200万股。","","","","",""
"c29-q1","29","公允价值计量","单选","认识","公允价值更接近下列哪项？","计量日市场参与者有序交易的价格","企业最初付的价格永不变化","老板随意写的数字","账簿页码","A","","公允价值着眼于计量日市场参与者之间有序交易的价格。","","","","",""
"c29-q2","29","公允价值计量","单选","理解","某股票在活跃市场中有计量日可观察的报价，进行公允价值计量时这通常是什么？","重要的市场证据","一定不能使用的信息","公司老板的私人估计","固定资产折旧","A","","相同资产在活跃市场的可观察报价是较直接的公允价值输入值。","","","","",""
"c29-q3","29","公允价值计量","多选","辨析","公允价值估计需要注意哪些因素？","计量日","市场参与者视角","估值技术与输入值","会计人员个人喜好","A、B、C","","前三项是公允价值计量的重要考虑。","","","","",""
"c29-q4","29","公允价值计量","简答","动手","一只相同股票在活跃市场的计量日报价为每股20元。企业持有100股，不考虑限制等其他因素，给出简单的公允价值估计。","","","","","","20×100＝2000元。实际会计处理仍需判断具体资产分类和计量规定。","这里只练‘市场报价×数量’的直观理解。","","","","",""
"c30-q1","30","政府及民间非营利组织会计","单选","认识","政府单位除了财务会计，通常还需要按规定进行哪类核算？","预算会计","商店库存盘点","股价预测","私人家庭账","A","","政府会计通常采用财务会计与预算会计相结合的核算模式。","","","","",""
"c30-q2","30","政府及民间非营利组织会计","单选","理解","某公益组织收到符合条件且不需偿还的捐赠款，首先可能需要考虑什么？","捐赠收入等相关会计处理","企业股东投资资本","银行借款本金","股份支付","A","","民间非营利组织需按相关准则判断捐赠交易的确认与限制条件。","","","","",""
"c30-q3","30","政府及民间非营利组织会计","多选","辨析","本章入门应分清哪些不同领域？","政府单位财务会计","政府单位预算会计","民间非营利组织会计","上市公司股票交易代码","A、B、C","","前三者是本章主要领域；股票代码不是会计核算领域。","","","","",""
"c30-q4","30","政府及民间非营利组织会计","简答","动手","政府单位收到一笔财政拨款。为什么不能把它简单照搬成普通企业销售商品收入？","","","","","","政府单位的预算与财务报告目标及适用准则不同，财政拨款应按政府会计相关规定判断和核算。","交易来源及主体性质不同，适用的会计规则也可能不同。","","","","",""
