题号,科目,学习模块,章,节,知识点,难度,题型,题目,A,B,C,D,答案,解析,教材页码,PDF页码,来源,来源链接,定位说明,题目批次,原题号
AUD-00001,审计,审计基础与职业道德,第1章 审计概述,第一节 审计的概念与保证程度,编报责任,零基础,单选,财务报表的编制和提供，主要是谁的责任？,所有客户,注册会计师代替管理层承担,证券购买者,被审计单位管理层,D,管理层负责财务报表；注册会计师执行审计并发表意见，两者责任不能混同。,3—5,14—16,2026年注册会计师全国统一考试辅导教材《审计》,,,原有起步题,audit-01-01
AUD-00002,审计,审计基础与职业道德,第1章 审计概述,第一节 审计的概念与保证程度,保证程度,零基础,单选,财务报表审计提供什么程度的保证？,保证企业永不亏损,保证查出全部错误,绝对保证,合理保证,D,合理保证是高水平保证，但审计存在固有限制，不能提供绝对保证。,3—5,14—16,2026年注册会计师全国统一考试辅导教材《审计》,,,原有起步题,audit-01-02
AUD-00003,审计,审计基础与职业道德,第1章 审计概述,第一节 审计的概念与保证程度,审计基本认识,零基础,多选,哪些表述正确？,可以保证每笔交易绝无错误,审计应保持独立性,需要专业胜任能力,最终通过审计报告传达意见,B、C、D,独立性和专业性是基础，审计报告传达意见，但不承诺零错误。,3—5,14—16,2026年注册会计师全国统一考试辅导教材《审计》,,,原有起步题,audit-01-03
AUD-00004,审计,审计基础与职业道德,第1章 审计概述,第一节 审计的概念与保证程度,审计与经营结果,零基础,简答应用,投资者说“有审计报告，公司今后就不会亏损”。这句话为什么不对？,,,,,审计针对财务报表发表意见，不保证企业未来经营盈利。,对财务信息的合理保证，与对未来投资回报的保证不是同一件事。,3—5,14—16,2026年注册会计师全国统一考试辅导教材《审计》,,,原有起步题,audit-01-04
AUD-00005,审计,审计基础与职业道德,第1章 审计概述,第一节 审计的概念与保证程度,合理保证,基础理解与应用,简答应用,财务报表审计提供绝对保证还是合理保证？,,,,,合理保证。,合理保证是高水平保证，但受审计固有限制影响，不能保证发现所有重大错报。,3—6,14—17,2026年注册会计师全国统一考试辅导教材《审计》,,标注为所属知识节的阅读范围，不是逐题精确页码。,逐节扩充题,audit-full-01-01-001
AUD-00006,审计,审计基础与职业道德,第1章 审计概述,第一节 审计的概念与保证程度,审计与审阅,基础理解与应用,简答应用,审计和审阅在保证程度及结论表达上有何基本区别？,,,,,审计提供合理保证并通常以积极方式发表意见；审阅提供有限保证并以消极方式提出结论。,保证程度、程序性质和结论形式相互对应。,3—6,14—17,2026年注册会计师全国统一考试辅导教材《审计》,,标注为所属知识节的阅读范围，不是逐题精确页码。,逐节扩充题,audit-full-01-01-002
AUD-00007,审计,审计基础与职业道德,第1章 审计概述,第二节 审计要素,三方关系,基础理解与应用,简答应用,财务报表审计的三方关系人通常是谁？,,,,,注册会计师、被审计单位管理层和预期使用者。,管理层负责财务报表，注册会计师对其发表意见，预期使用者利用报告。,7—10,18—21,2026年注册会计师全国统一考试辅导教材《审计》,,标注为所属知识节的阅读范围，不是逐题精确页码。,逐节扩充题,audit-full-01-02-001
AUD-00008,审计,审计基础与职业道德,第1章 审计概述,第二节 审计要素,鉴证对象与标准,基础理解与应用,简答应用,财务报表审计中，适用的财务报告编制基础主要发挥什么作用？,,,,,提供评价财务报表的标准。,评价标准须与鉴证对象信息区分。,7—10,18—21,2026年注册会计师全国统一考试辅导教材《审计》,,标注为所属知识节的阅读范围，不是逐题精确页码。,逐节扩充题,audit-full-01-02-002
AUD-00009,审计,审计基础与职业道德,第1章 审计概述,第三节 审计目标,认定与目标,基础理解与应用,简答应用,管理层认定和具体审计目标之间是什么关系？,,,,,审计目标以相关认定为基础，用于设计获取证据的程序。,目标不是凭审计人员个人偏好任意设定。,11—14,22—25,2026年注册会计师全国统一考试辅导教材《审计》,,标注为所属知识节的阅读范围，不是逐题精确页码。,逐节扩充题,audit-full-01-03-001
AUD-00010,审计,审计基础与职业道德,第1章 审计概述,第三节 审计目标,存在与完整性,基础理解与应用,简答应用,检查账面存货是否真实存在，与查找未入账存货，分别针对什么认定？,,,,,前者主要针对存在，后者主要针对完整性。,审计方向不同，不能相互替代。,11—14,22—25,2026年注册会计师全国统一考试辅导教材《审计》,,标注为所属知识节的阅读范围，不是逐题精确页码。,逐节扩充题,audit-full-01-03-002
AUD-00011,审计,审计基础与职业道德,第1章 审计概述,第三节 审计目标,截止认定,基础理解与应用,简答应用,12月销售计入次年1月，主要涉及哪类认定？,,,,,截止。,交易应计入恰当会计期间。,11—14,22—25,2026年注册会计师全国统一考试辅导教材《审计》,,标注为所属知识节的阅读范围，不是逐题精确页码。,逐节扩充题,audit-full-01-03-003
AUD-00012,审计,审计基础与职业道德,第1章 审计概述,第四节 审计基本要求,职业怀疑,基础理解与应用,简答应用,职业怀疑是否要求预先认定管理层不诚实？,,,,,不是。,应保持质疑态度、警觉矛盾证据并审慎评价，不轻信也不预设舞弊。,15—18,26—29,2026年注册会计师全国统一考试辅导教材《审计》,,标注为所属知识节的阅读范围，不是逐题精确页码。,逐节扩充题,audit-full-01-04-001
AUD-00013,审计,审计基础与职业道德,第1章 审计概述,第四节 审计基本要求,职业判断,基础理解与应用,简答应用,职业判断是否允许审计人员不取得证据便凭经验出具意见？,,,,,不允许。,判断须基于相关事实、证据、准则及经验。,15—18,26—29,2026年注册会计师全国统一考试辅导教材《审计》,,标注为所属知识节的阅读范围，不是逐题精确页码。,逐节扩充题,audit-full-01-04-002
AUD-00014,审计,审计基础与职业道德,第1章 审计概述,第五节 审计风险,审计风险模型,基础理解与应用,简答应用,审计风险、重大错报风险和检查风险的基本关系是什么？,,,,,审计风险=重大错报风险×检查风险。,重大错报风险越高，为维持既定审计风险，可接受检查风险越低。,19—21,30—32,2026年注册会计师全国统一考试辅导教材《审计》,,标注为所属知识节的阅读范围，不是逐题精确页码。,逐节扩充题,audit-full-01-05-001
AUD-00015,审计,审计基础与职业道德,第1章 审计概述,第五节 审计风险,固有风险与控制风险,基础理解与应用,简答应用,固有风险高是否意味着内部控制一定失效？,,,,,不是。,固有风险是在考虑控制前的易错报程度，控制风险另行评价。,19—21,30—32,2026年注册会计师全国统一考试辅导教材《审计》,,标注为所属知识节的阅读范围，不是逐题精确页码。,逐节扩充题,audit-full-01-05-002
AUD-00016,审计,审计基础与职业道德,第1章 审计概述,第五节 审计风险,检查风险,基础理解与应用,简答应用,增加适当审计程序能否直接把被审计单位的固有风险降为零？,,,,,不能。,审计程序主要降低检查风险，不能消除业务自身固有风险。,19—21,30—32,2026年注册会计师全国统一考试辅导教材《审计》,,标注为所属知识节的阅读范围，不是逐题精确页码。,逐节扩充题,audit-full-01-05-003
AUD-00017,审计,审计基础与职业道德,第1章 审计概述,第六节 审计过程,审计阶段,基础理解与应用,简答应用,风险评估完成后，是否无需在后续审计中重新考虑风险？,,,,,不是。,出现新证据或矛盾信息时应修正风险评估及计划。,22—23,33—34,2026年注册会计师全国统一考试辅导教材《审计》,,标注为所属知识节的阅读范围，不是逐题精确页码。,逐节扩充题,audit-full-01-06-001
AUD-00018,审计,审计基础与职业道德,第1章 审计概述,第六节 审计过程,审计证据闭环,基础理解与应用,简答应用,发现重大异常后，只在底稿记下异常是否足够？,,,,,不足够。,应追加调查、评价错报及其对意见的影响。,22—23,33—34,2026年注册会计师全国统一考试辅导教材《审计》,,标注为所属知识节的阅读范围，不是逐题精确页码。,逐节扩充题,audit-full-01-06-002
AUD-00019,审计,审计基础与职业道德,第1章 审计概述,第七节 注册会计师审计的执业责任,管理层与审计责任,基础理解与应用,简答应用,审计是否减轻管理层编制报表和维护内部控制的责任？,,,,,不减轻。,管理层与注册会计师承担不同责任。,24—27,35—38,2026年注册会计师全国统一考试辅导教材《审计》,,标注为所属知识节的阅读范围，不是逐题精确页码。,逐节扩充题,audit-full-01-07-001
AUD-00020,审计,审计基础与职业道德,第1章 审计概述,第七节 注册会计师审计的执业责任,未发现舞弊与过失,基础理解与应用,简答应用,事后发现舞弊，是否当然证明注册会计师未遵守审计准则？,,,,,不是。,需结合程序设计执行、证据和具体情形判断是否履行执业责任。,24—27,35—38,2026年注册会计师全国统一考试辅导教材《审计》,,标注为所属知识节的阅读范围，不是逐题精确页码。,逐节扩充题,audit-full-01-07-002
AUD-00021,审计,审计基础与职业道德,第2章 职业道德基本原则和解决职业道德问题的基本思路,第一节 职业道德基本原则,诚信,零基础,单选,明知报告含有误导性陈述却仍与之关联，首先违反哪项基本原则？,成本核算,资金筹集,诚信,提高效率,C,诚信要求正直、诚实可信，不能无视虚假或误导性信息。,28—30,39—41,2026年注册会计师全国统一考试辅导教材《审计》,,,原有起步题,audit-02-01
AUD-00022,审计,审计基础与职业道德,第2章 职业道德基本原则和解决职业道德问题的基本思路,第一节 职业道德基本原则,客观公正,零基础,单选,为了讨好客户而扭曲职业判断，违背哪项原则？,存货计价,客观公正,现金管理,收入配比,B,客观公正要求不因偏见、利益冲突或不当影响而损害判断。,28—30,39—41,2026年注册会计师全国统一考试辅导教材《审计》,,,原有起步题,audit-02-02
AUD-00023,审计,审计基础与职业道德,第2章 职业道德基本原则和解决职业道德问题的基本思路,第一节 职业道德基本原则,职业道德原则,零基础,多选,哪些属于教材列举的职业道德基本原则？,诚信,专业胜任能力和勤勉尽责,保密,无条件服从客户所有要求,A、B、C,服务客户仍要遵守职业道德，不能无条件服从不当要求。,28—30,39—41,2026年注册会计师全国统一考试辅导教材《审计》,,,原有起步题,audit-02-03
AUD-00024,审计,审计基础与职业道德,第2章 职业道德基本原则和解决职业道德问题的基本思路,第一节 职业道德基本原则,客户压力,零基础,简答应用,客户要求审计人员隐去会误导使用者的重要信息，审计人员应当只考虑留住客户吗？,,,,,不应。应遵守诚信和客观公正等职业要求，不能为保留业务而认可误导信息。,维护公众利益和职业判断独立性，不能被业务收入目标替代。,28—30,39—41,2026年注册会计师全国统一考试辅导教材《审计》,,,原有起步题,audit-02-04
AUD-00025,审计,审计基础与职业道德,第2章 职业道德基本原则和解决职业道德问题的基本思路,第一节 职业道德基本原则,诚信与客观公正,基础理解与应用,简答应用,客户要求隐瞒已知重大错误以便融资，注册会计师能否同意？,,,,,不能。,应遵守诚信与客观公正原则。,28—30,39—41,2026年注册会计师全国统一考试辅导教材《审计》,,标注为所属知识节的阅读范围，不是逐题精确页码。,逐节扩充题,audit-full-02-01-001
AUD-00026,审计,审计基础与职业道德,第2章 职业道德基本原则和解决职业道德问题的基本思路,第一节 职业道德基本原则,保密原则,基础理解与应用,简答应用,保密义务是否意味着任何情况下都不得依法披露客户信息？,,,,,不是。,依法披露或法律允许、授权披露等情形需具体判断。,28—30,39—41,2026年注册会计师全国统一考试辅导教材《审计》,,标注为所属知识节的阅读范围，不是逐题精确页码。,逐节扩充题,audit-full-02-01-002
AUD-00027,审计,审计基础与职业道德,第2章 职业道德基本原则和解决职业道德问题的基本思路,第一节 职业道德基本原则,专业胜任能力,基础理解与应用,简答应用,缺乏特殊行业经验的团队能否不采取补救措施就承接复杂业务？,,,,,不应如此。,应具备或取得必要胜任能力、时间和资源。,28—30,39—41,2026年注册会计师全国统一考试辅导教材《审计》,,标注为所属知识节的阅读范围，不是逐题精确页码。,逐节扩充题,audit-full-02-01-003
AUD-00028,审计,审计基础与职业道德,第2章 职业道德基本原则和解决职业道德问题的基本思路,第二节 职业道德概念框架,不利影响类别,基础理解与应用,简答应用,职业道德概念框架通常识别哪些不利影响？,,,,,自身利益、自我评价、过度推介、密切关系和外在压力。,应结合具体情境识别，而非只记标签。,31—32,42—43,2026年注册会计师全国统一考试辅导教材《审计》,,标注为所属知识节的阅读范围，不是逐题精确页码。,逐节扩充题,audit-full-02-02-001
AUD-00029,审计,审计基础与职业道德,第2章 职业道德基本原则和解决职业道德问题的基本思路,第二节 职业道德概念框架,概念框架应对,基础理解与应用,简答应用,已识别不利影响超过可接受水平，应如何处理？,,,,,消除产生影响的情形、采取有效防范措施，或拒绝、终止相关活动或业务。,不是所有影响都能靠形式上的复核解决。,31—32,42—43,2026年注册会计师全国统一考试辅导教材《审计》,,标注为所属知识节的阅读范围，不是逐题精确页码。,逐节扩充题,audit-full-02-02-002
AUD-00030,审计,审计基础与职业道德,第2章 职业道德基本原则和解决职业道德问题的基本思路,第三节 注册会计师对职业道德概念框架的具体运用,利益冲突,基础理解与应用,简答应用,同时为利益对立的两个客户服务，能否完全不识别和处理利益冲突？,,,,,不能。,应评价冲突、采取适当措施并按规定沟通或取得同意。,33—42,44—53,2026年注册会计师全国统一考试辅导教材《审计》,,标注为所属知识节的阅读范围，不是逐题精确页码。,逐节扩充题,audit-full-02-03-001
AUD-00031,审计,审计基础与职业道德,第2章 职业道德基本原则和解决职业道德问题的基本思路,第三节 注册会计师对职业道德概念框架的具体运用,第二次意见,基础理解与应用,简答应用,未了解原注册会计师掌握的事实就提供第二次意见，有何风险？,,,,,可能基于不完整信息形成失当专业结论。,需取得充分相关信息并考虑沟通要求。,33—42,44—53,2026年注册会计师全国统一考试辅导教材《审计》,,标注为所属知识节的阅读范围，不是逐题精确页码。,逐节扩充题,audit-full-02-03-002
AUD-00032,审计,审计基础与职业道德,第2章 职业道德基本原则和解决职业道德问题的基本思路,第三节 注册会计师对职业道德概念框架的具体运用,礼品与款待,基础理解与应用,简答应用,审计客户赠送高价值礼品，为什么不能简单视为私人交往？,,,,,可能产生自身利益、密切关系或外在压力等不利影响。,应评价性质、价值与意图并遵守禁限规定。,33—42,44—53,2026年注册会计师全国统一考试辅导教材《审计》,,标注为所属知识节的阅读范围，不是逐题精确页码。,逐节扩充题,audit-full-02-03-003
AUD-00033,审计,审计基础与职业道德,第2章 职业道德基本原则和解决职业道德问题的基本思路,第四节 非执业会员对职业道德概念框架的具体运用,非执业会员信息编制,基础理解与应用,简答应用,企业财务人员可否因上级要求而编制明知误导的信息？,,,,,不能。,非执业会员同样应遵守诚信、客观公正等原则。,43—49,54—60,2026年注册会计师全国统一考试辅导教材《审计》,,标注为所属知识节的阅读范围，不是逐题精确页码。,逐节扩充题,audit-full-02-04-001
AUD-00034,审计,审计基础与职业道德,第2章 职业道德基本原则和解决职业道德问题的基本思路,第四节 非执业会员对职业道德概念框架的具体运用,面临违反原则的压力,基础理解与应用,简答应用,企业员工被要求提前确认收入，应只服从领导吗？,,,,,不应。,应识别压力，适当沟通、咨询并采取维护职业道德的措施。,43—49,54—60,2026年注册会计师全国统一考试辅导教材《审计》,,标注为所属知识节的阅读范围，不是逐题精确页码。,逐节扩充题,audit-full-02-04-002
AUD-00035,审计,审计基础与职业道德,第3章 审计业务的独立性要求,第一节 基本概念和要求,独立性构成,零基础,单选,审计独立性包括哪两方面？,速度与数量,实质上的独立性和形式上的独立性,现金与存货,盈利与亏损,B,不仅要求实际作出独立判断，也要求在理性且充分知情的第三方看来独立。,50—52,61—63,2026年注册会计师全国统一考试辅导教材《审计》,,,原有起步题,audit-03-01
AUD-00036,审计,审计基础与职业道德,第3章 审计业务的独立性要求,第一节 基本概念和要求,形式独立性,零基础,单选,“理性且充分知情的第三方看来是否独立”，主要对应什么？,实质上的独立性,形式上的独立性,会计估计,审计抽样,B,形式独立性关注充分了解事实的合理第三方的判断，不只是审计人员自己声称独立。,50—52,61—63,2026年注册会计师全国统一考试辅导教材《审计》,,,原有起步题,audit-03-02
AUD-00037,审计,审计基础与职业道德,第3章 审计业务的独立性要求,第一节 基本概念和要求,不利影响因素,零基础,多选,哪些可能对独立性产生不利影响？,密切关系,外在压力,职业判断完全不受任何因素影响,自身利益,A、B、D,应识别和评价这些因素，必要时采取适当措施应对。,50—52,61—63,2026年注册会计师全国统一考试辅导教材《审计》,,,原有起步题,audit-03-03
AUD-00038,审计,审计基础与职业道德,第3章 审计业务的独立性要求,第一节 基本概念和要求,独立性判断,零基础,简答应用,审计人员说“我觉得自己很公正，所以无须考虑与客户的密切关系”。这样是否充分？,,,,,不充分。还要识别、评价该关系的不利影响，并考虑形式上的独立性。,个人信心不能替代对相关事实和第三方合理看法的评价。,50—52,61—63,2026年注册会计师全国统一考试辅导教材《审计》,,,原有起步题,audit-03-04
AUD-00039,审计,审计基础与职业道德,第3章 审计业务的独立性要求,第一节 基本概念和要求,实质与形式独立,基础理解与应用,简答应用,审计人员自认为判断客观，但合理第三方会认为其受客户控制，是否已满足独立性？,,,,,没有。,既要实质上的独立，也要形式上的独立。,50—56,61—67,2026年注册会计师全国统一考试辅导教材《审计》,,标注为所属知识节的阅读范围，不是逐题精确页码。,逐节扩充题,audit-full-03-01-001
AUD-00040,审计,审计基础与职业道德,第3章 审计业务的独立性要求,第一节 基本概念和要求,网络事务所,基础理解与应用,简答应用,与审计客户有关的独立性评价是否永远只限签字注册会计师个人？,,,,,不是。,应按规定考虑事务所、网络事务所、审计团队及相关人员。,50—56,61—67,2026年注册会计师全国统一考试辅导教材《审计》,,标注为所属知识节的阅读范围，不是逐题精确页码。,逐节扩充题,audit-full-03-01-002
AUD-00041,审计,审计基础与职业道德,第3章 审计业务的独立性要求,第一节 基本概念和要求,公众利益实体,基础理解与应用,简答应用,公众利益实体审计与普通客户审计的独立性要求是否可一概按较宽标准执行？,,,,,不可以。,公众利益实体涉及更严格的特别要求。,50—56,61—67,2026年注册会计师全国统一考试辅导教材《审计》,,标注为所属知识节的阅读范围，不是逐题精确页码。,逐节扩充题,audit-full-03-01-003
AUD-00042,审计,审计基础与职业道德,第3章 审计业务的独立性要求,第二节 收费,收费依赖,基础理解与应用,简答应用,某审计客户收费占事务所收入较大比例，会产生什么主要风险？,,,,,可能产生自身利益和外在压力不利影响。,应按客户类型、持续期间和比例等规定采取措施。,57—59,68—70,2026年注册会计师全国统一考试辅导教材《审计》,,标注为所属知识节的阅读范围，不是逐题精确页码。,逐节扩充题,audit-full-03-02-001
AUD-00043,审计,审计基础与职业道德,第3章 审计业务的独立性要求,第二节 收费,或有收费,基础理解与应用,简答应用,财务报表审计收费直接取决于客户是否获得贷款，是否适当？,,,,,不适当。,审计收费不得按可能损害独立性的或有方式安排。,57—59,68—70,2026年注册会计师全国统一考试辅导教材《审计》,,标注为所属知识节的阅读范围，不是逐题精确页码。,逐节扩充题,audit-full-03-02-002
AUD-00044,审计,审计基础与职业道德,第3章 审计业务的独立性要求,第三节 经济利益,直接经济利益,基础理解与应用,简答应用,审计项目组成员持有审计客户股票，应关注什么？,,,,,直接经济利益对独立性的影响及禁止性规定。,不能仅因金额较小便认定可接受。,60—63,71—74,2026年注册会计师全国统一考试辅导教材《审计》,,标注为所属知识节的阅读范围，不是逐题精确页码。,逐节扩充题,audit-full-03-03-001
AUD-00045,审计,审计基础与职业道德,第3章 审计业务的独立性要求,第三节 经济利益,间接经济利益,基础理解与应用,简答应用,通过投资工具持有客户权益，是否无需分析控制能力和重要性？,,,,,不是。,应判断属于直接还是间接利益及其重要性。,60—63,71—74,2026年注册会计师全国统一考试辅导教材《审计》,,标注为所属知识节的阅读范围，不是逐题精确页码。,逐节扩充题,audit-full-03-03-002
AUD-00046,审计,审计基础与职业道德,第3章 审计业务的独立性要求,第四节 贷款和担保以及商业关系、家庭和私人关系,贷款与担保,基础理解与应用,简答应用,从审计客户银行取得正常程序、正常条件的个人住房贷款，是否与向非金融审计客户借款完全相同？,,,,,不同。,应结合客户业务性质、贷款条款及适用禁限规定判断。,64—68,75—79,2026年注册会计师全国统一考试辅导教材《审计》,,标注为所属知识节的阅读范围，不是逐题精确页码。,逐节扩充题,audit-full-03-04-001
AUD-00047,审计,审计基础与职业道德,第3章 审计业务的独立性要求,第四节 贷款和担保以及商业关系、家庭和私人关系,商业关系,基础理解与应用,简答应用,项目组成员与客户共同经营重要商业项目，会产生什么独立性风险？,,,,,自身利益或外在压力等不利影响。,重要商业关系可能无法通过一般防范措施消除。,64—68,75—79,2026年注册会计师全国统一考试辅导教材《审计》,,标注为所属知识节的阅读范围，不是逐题精确页码。,逐节扩充题,audit-full-03-04-002
AUD-00048,审计,审计基础与职业道德,第3章 审计业务的独立性要求,第四节 贷款和担保以及商业关系、家庭和私人关系,家庭关系,基础理解与应用,简答应用,项目组成员近亲属担任客户财务总监，能否忽略？,,,,,不能。,应考虑亲属关系、职位及对财务报告的影响。,64—68,75—79,2026年注册会计师全国统一考试辅导教材《审计》,,标注为所属知识节的阅读范围，不是逐题精确页码。,逐节扩充题,audit-full-03-04-003
AUD-00049,审计,审计基础与职业道德,第3章 审计业务的独立性要求,第五节 与审计客户之间的人员交流,加入审计客户,基础理解与应用,简答应用,项目组成员拟到审计客户担任关键财务职位，应当只在入职后告知事务所吗？,,,,,不是。,应及时报告并按规定处理其审计参与和既往工作复核。,69—71,80—82,2026年注册会计师全国统一考试辅导教材《审计》,,标注为所属知识节的阅读范围，不是逐题精确页码。,逐节扩充题,audit-full-03-05-001
AUD-00050,审计,审计基础与职业道德,第3章 审计业务的独立性要求,第五节 与审计客户之间的人员交流,近期任职客户,基础理解与应用,简答应用,刚离任客户财务负责人即加入该客户审计团队，可能形成什么影响？,,,,,自我评价及密切关系等不利影响。,需遵守相关期间及角色限制。,69—71,80—82,2026年注册会计师全国统一考试辅导教材《审计》,,标注为所属知识节的阅读范围，不是逐题精确页码。,逐节扩充题,audit-full-03-05-002
AUD-00051,审计,审计基础与职业道德,第3章 审计业务的独立性要求,第六节 与审计客户长期存在业务关系,长期业务关系,基础理解与应用,简答应用,长期由同一关键审计合伙人服务同一客户，有何独立性风险？,,,,,密切关系和自身利益等不利影响。,应按客户类型和角色执行轮换、冷却期等要求。,72—75,83—86,2026年注册会计师全国统一考试辅导教材《审计》,,标注为所属知识节的阅读范围，不是逐题精确页码。,逐节扩充题,audit-full-03-06-001
AUD-00052,审计,审计基础与职业道德,第3章 审计业务的独立性要求,第六节 与审计客户长期存在业务关系,轮换与冷却期,基础理解与应用,简答应用,轮换离任后可否立即以其他名义继续实质主导同一审计？,,,,,不可以借此规避规定。,冷却期对参与和影响审计有相应限制。,72—75,83—86,2026年注册会计师全国统一考试辅导教材《审计》,,标注为所属知识节的阅读范围，不是逐题精确页码。,逐节扩充题,audit-full-03-06-002
AUD-00053,审计,审计基础与职业道德,第3章 审计业务的独立性要求,第七节 为审计客户提供非鉴证服务,承担管理层职责,基础理解与应用,简答应用,事务所能否替审计客户批准会计分录、决定经营政策？,,,,,不能承担客户管理层职责。,客户应作决策并对结果负责，审计服务不能替代管理。,76—84,87—95,2026年注册会计师全国统一考试辅导教材《审计》,,标注为所属知识节的阅读范围，不是逐题精确页码。,逐节扩充题,audit-full-03-07-001
AUD-00054,审计,审计基础与职业道德,第3章 审计业务的独立性要求,第七节 为审计客户提供非鉴证服务,自我评价服务,基础理解与应用,简答应用,先替客户作出重大会计估计，再审计该估计，会产生何种不利影响？,,,,,自我评价不利影响。,应结合服务性质、客户类别判断是否禁止及能否采取措施。,76—84,87—95,2026年注册会计师全国统一考试辅导教材《审计》,,标注为所属知识节的阅读范围，不是逐题精确页码。,逐节扩充题,audit-full-03-07-002
AUD-00055,审计,审计基础与职业道德,第3章 审计业务的独立性要求,第七节 为审计客户提供非鉴证服务,非鉴证服务判断,基础理解与应用,简答应用,客户同意事务所提供某项服务，是否足以证明该服务不损害独立性？,,,,,不足以。,客户同意不能替代独立性要求。,76—84,87—95,2026年注册会计师全国统一考试辅导教材《审计》,,标注为所属知识节的阅读范围，不是逐题精确页码。,逐节扩充题,audit-full-03-07-003
AUD-00056,审计,审计基础与职业道德,第3章 审计业务的独立性要求,第八节 影响独立性的其他事项,诉讼与独立性,基础理解与应用,简答应用,事务所与客户正发生重大诉讼，会如何影响独立性？,,,,,可能产生自身利益和外在压力不利影响。,应评价诉讼性质、重要性及对合作关系的影响。,85,96,2026年注册会计师全国统一考试辅导教材《审计》,,标注为所属知识节的阅读范围，不是逐题精确页码。,逐节扩充题,audit-full-03-08-001
AUD-00057,审计,审计基础与职业道德,第3章 审计业务的独立性要求,第八节 影响独立性的其他事项,兼任董事,基础理解与应用,简答应用,审计合伙人可否同时担任同一审计客户董事？,,,,,不可以。,承担客户治理或管理角色与审计独立性相冲突。,85,96,2026年注册会计师全国统一考试辅导教材《审计》,,标注为所属知识节的阅读范围，不是逐题精确页码。,逐节扩充题,audit-full-03-08-002
AUD-00058,审计,审计基础与职业道德,第3章 审计业务的独立性要求,第九节 违反独立性要求时会计师事务所应当采取的措施,违反独立性后的处理,基础理解与应用,简答应用,发现独立性违规后，是否只需补签一份声明即可继续原计划？,,,,,不是。,应及时消除违规、评价严重程度及影响、沟通并决定是否还能继续业务。,86—89,97—100,2026年注册会计师全国统一考试辅导教材《审计》,,标注为所属知识节的阅读范围，不是逐题精确页码。,逐节扩充题,audit-full-03-09-001
AUD-00059,审计,审计基础与职业道德,第3章 审计业务的独立性要求,第九节 违反独立性要求时会计师事务所应当采取的措施,违规记录,基础理解与应用,简答应用,独立性违规已得到补救，是否可不留记录？,,,,,不能。,应记录事实、评价、措施及相关沟通。,86—89,97—100,2026年注册会计师全国统一考试辅导教材《审计》,,标注为所属知识节的阅读范围，不是逐题精确页码。,逐节扩充题,audit-full-03-09-002
AUD-00060,审计,证据与抽样,第4章 审计证据,第一节 审计证据的性质,审计证据,零基础,单选,审计证据主要用于什么？,支持审计结论和意见,替企业决定产品售价,保证股票上涨,代替全部经营管理,A,证据是形成合理审计结论、发表审计意见的基础。,90—92,101—103,2026年注册会计师全国统一考试辅导教材《审计》,,,原有起步题,audit-04-01
AUD-00061,审计,证据与抽样,第4章 审计证据,第一节 审计证据的性质,适当性,零基础,单选,审计证据的适当性主要衡量什么？,证据质量,报告封面颜色,项目人数,证据文件厚度,A,适当性关注相关性和可靠性，是质量方面的要求。,90—92,101—103,2026年注册会计师全国统一考试辅导教材《审计》,,,原有起步题,audit-04-02
AUD-00062,审计,证据与抽样,第4章 审计证据,第一节 审计证据的性质,证据质量,零基础,多选,评价证据时，哪些认识正确？,更多证据未必能弥补质量缺陷,只要数量多就可以忽略质量,应考虑相关性,应考虑可靠性,A、C、D,数量与质量相互联系，但不能只用数量代替质量。,90—92,101—103,2026年注册会计师全国统一考试辅导教材《审计》,,,原有起步题,audit-04-03
AUD-00063,审计,证据与抽样,第4章 审计证据,第一节 审计证据的性质,证据与目标,零基础,简答应用,为了判断是否漏记应付账款，只检查已入账清单，为什么可能不够？,,,,,漏记项目本来就未列入清单，还应考虑与发现漏记相关的其他资料和程序。,程序要与目标相匹配。教材举例包括期后支出、未支付发票、供应商结算单等。,90—92,101—103,2026年注册会计师全国统一考试辅导教材《审计》,,,原有起步题,audit-04-04
AUD-00064,审计,证据与抽样,第4章 审计证据,第一节 审计证据的性质,充分性与适当性,基础理解与应用,简答应用,审计证据的数量和质量分别对应什么概念？,,,,,充分性对应数量；适当性对应相关性和可靠性。,大量低质量证据不能必然弥补质量缺陷。,90—94,101—105,2026年注册会计师全国统一考试辅导教材《审计》,,标注为所属知识节的阅读范围，不是逐题精确页码。,逐节扩充题,audit-full-04-01-001
AUD-00065,审计,证据与抽样,第4章 审计证据,第一节 审计证据的性质,证据可靠性,基础理解与应用,简答应用,外部独立来源的直接书面证据是否通常比内部口头说明可靠？,,,,,通常更可靠，但需结合具体情况。,证据真实性、控制条件及来源仍须评价。,90—94,101—105,2026年注册会计师全国统一考试辅导教材《审计》,,标注为所属知识节的阅读范围，不是逐题精确页码。,逐节扩充题,audit-full-04-01-002
AUD-00066,审计,证据与抽样,第4章 审计证据,第一节 审计证据的性质,矛盾证据,基础理解与应用,简答应用,两项证据互相矛盾，应选择更符合预期的一项吗？,,,,,不应。,应调查矛盾并考虑是否追加或修改程序。,90—94,101—105,2026年注册会计师全国统一考试辅导教材《审计》,,标注为所属知识节的阅读范围，不是逐题精确页码。,逐节扩充题,audit-full-04-01-003
AUD-00067,审计,证据与抽样,第4章 审计证据,第二节 审计程序,程序类型,基础理解与应用,简答应用,检查、观察、询问、重新计算、重新执行和分析程序能否取得完全相同的证据？,,,,,不能。,各程序服务于不同目标并具有不同局限。,95—96,106—107,2026年注册会计师全国统一考试辅导教材《审计》,,标注为所属知识节的阅读范围，不是逐题精确页码。,逐节扩充题,audit-full-04-02-001
AUD-00068,审计,证据与抽样,第4章 审计证据,第二节 审计程序,询问的局限,基础理解与应用,简答应用,仅询问管理层“控制是否执行”能否充分证明控制运行有效？,,,,,通常不能。,应结合观察、检查或重新执行等程序。,95—96,106—107,2026年注册会计师全国统一考试辅导教材《审计》,,标注为所属知识节的阅读范围，不是逐题精确页码。,逐节扩充题,audit-full-04-02-002
AUD-00069,审计,证据与抽样,第4章 审计证据,第二节 审计程序,观察的时点性,基础理解与应用,简答应用,观察到盘点当天执行了某控制，能否直接证明全年每天都如此？,,,,,不能。,观察受时点及被观察者行为变化影响。,95—96,106—107,2026年注册会计师全国统一考试辅导教材《审计》,,标注为所属知识节的阅读范围，不是逐题精确页码。,逐节扩充题,audit-full-04-02-003
AUD-00070,审计,证据与抽样,第4章 审计证据,第三节 函证,函证控制,基础理解与应用,简答应用,审计人员应否控制询证函的选择、发送及回函接收？,,,,,应当。,防止被审计单位截留、篡改或替代回函。,97—107,108—118,2026年注册会计师全国统一考试辅导教材《审计》,,标注为所属知识节的阅读范围，不是逐题精确页码。,逐节扩充题,audit-full-04-03-001
AUD-00071,审计,证据与抽样,第4章 审计证据,第三节 函证,积极与消极函证,基础理解与应用,简答应用,积极式函证与消极式函证，是否都要求被询证者在所有情况下回函？,,,,,不是。,积极式要求回复；消极式通常仅在不同意信息时回复，可靠性较低且适用受限。,97—107,108—118,2026年注册会计师全国统一考试辅导教材《审计》,,标注为所属知识节的阅读范围，不是逐题精确页码。,逐节扩充题,audit-full-04-03-002
AUD-00072,审计,证据与抽样,第4章 审计证据,第三节 函证,不符事项,基础理解与应用,简答应用,收到金额不一致的回函，是否立即认定账面金额全错？,,,,,不是。,应调查差异原因，区分时间差异和错报。,97—107,108—118,2026年注册会计师全国统一考试辅导教材《审计》,,标注为所属知识节的阅读范围，不是逐题精确页码。,逐节扩充题,audit-full-04-03-003
AUD-00073,审计,证据与抽样,第4章 审计证据,第三节 函证,未回函替代程序,基础理解与应用,简答应用,应收账款积极式函证未回函，是否可直接视为余额正确？,,,,,不能。,应实施适当替代程序；特定情况下回函是必要证据，替代程序不足。,97—107,108—118,2026年注册会计师全国统一考试辅导教材《审计》,,标注为所属知识节的阅读范围，不是逐题精确页码。,逐节扩充题,audit-full-04-03-004
AUD-00074,审计,证据与抽样,第4章 审计证据,第四节 分析程序,分析程序阶段,基础理解与应用,简答应用,风险评估和临近审计结束总体复核时，是否都需要运用分析程序？,,,,,是。,实质性分析程序是否采用则根据认定和风险等判断。,108—113,119—124,2026年注册会计师全国统一考试辅导教材《审计》,,标注为所属知识节的阅读范围，不是逐题精确页码。,逐节扩充题,audit-full-04-04-001
AUD-00075,审计,证据与抽样,第4章 审计证据,第四节 分析程序,预期值精确度,基础理解与应用,简答应用,用来发现重大错报的预期值非常粗略，分析程序是否仍必然有效？,,,,,不是。,预期值精确度应足以识别可能的重大错报。,108—113,119—124,2026年注册会计师全国统一考试辅导教材《审计》,,标注为所属知识节的阅读范围，不是逐题精确页码。,逐节扩充题,audit-full-04-04-002
AUD-00076,审计,证据与抽样,第4章 审计证据,第四节 分析程序,异常差异调查,基础理解与应用,简答应用,管理层给出一个听起来合理的异常差异解释，能否立即结案？,,,,,不能仅凭解释。,需获取支持证据，并按需要实施其他程序。,108—113,119—124,2026年注册会计师全国统一考试辅导教材《审计》,,标注为所属知识节的阅读范围，不是逐题精确页码。,逐节扩充题,audit-full-04-04-003
AUD-00077,审计,证据与抽样,第5章 审计抽样方法,第一节 审计抽样的相关概念,总体,零基础,单选,审计抽样中的“总体”指什么？,只指已经抽出的项目,全体审计人员,所有企业,从中选样并拟作出结论的整个数据集合,D,总体是拟推断的完整集合，样本只是其中一部分。,114—116,125—127,2026年注册会计师全国统一考试辅导教材《审计》,,,原有起步题,audit-05-01
AUD-00078,审计,证据与抽样,第5章 审计抽样方法,第一节 审计抽样的相关概念,样本与总体,零基础,单选,抽样主要是为了对什么形成结论？,有关总体,仅对审计人员能力,只对样本文件颜色,与业务无关的企业,A,抽样测试样本，是为了给针对总体的结论提供合理基础。,114—116,125—127,2026年注册会计师全国统一考试辅导教材《审计》,,,原有起步题,audit-05-02
AUD-00079,审计,证据与抽样,第5章 审计抽样方法,第一节 审计抽样的相关概念,审计抽样特征,零基础,多选,审计抽样应具备哪些特征？,只测试特定大额项目且不推断总体,测试低于总体百分之百的项目,所有抽样单元均有被选机会,可据样本结果推断总体,B、C、D,单独选特定项目测试而不推断总体，不属于这里的审计抽样。,114—116,125—127,2026年注册会计师全国统一考试辅导教材《审计》,,,原有起步题,audit-05-03
AUD-00080,审计,证据与抽样,第5章 审计抽样方法,第一节 审计抽样的相关概念,特定项目测试,零基础,简答应用,审计人员只选三笔特定重大交易检查，并明确不把结果推断到其他交易。是不是审计抽样？,,,,,不是，这是选取特定项目进行测试。,审计抽样的关键不只是“没有查完全部”，还包括据样本推断总体。,114—116,125—127,2026年注册会计师全国统一考试辅导教材《审计》,,,原有起步题,audit-05-04
AUD-00081,审计,证据与抽样,第5章 审计抽样方法,第一节 审计抽样的相关概念,抽样与全选,基础理解与应用,简答应用,对某类交易全部项目实施程序，属于审计抽样吗？,,,,,不属于。,审计抽样针对低于百分之百的项目，并使抽样单元有被选取机会。,114—117,125—128,2026年注册会计师全国统一考试辅导教材《审计》,,标注为所属知识节的阅读范围，不是逐题精确页码。,逐节扩充题,audit-full-05-01-001
AUD-00082,审计,证据与抽样,第5章 审计抽样方法,第一节 审计抽样的相关概念,抽样与非抽样风险,基础理解与应用,简答应用,选用不适当程序导致错误结论，属于抽样风险吗？,,,,,属于非抽样风险。,抽样风险来自样本结论与总体结论可能不同。,114—117,125—128,2026年注册会计师全国统一考试辅导教材《审计》,,标注为所属知识节的阅读范围，不是逐题精确页码。,逐节扩充题,audit-full-05-01-002
AUD-00083,审计,证据与抽样,第5章 审计抽样方法,第一节 审计抽样的相关概念,统计与非统计抽样,基础理解与应用,简答应用,统计抽样是否只是使用计算机选样？,,,,,不是。,统计抽样具有随机选样并运用概率论评价结果等特征。,114—117,125—128,2026年注册会计师全国统一考试辅导教材《审计》,,标注为所属知识节的阅读范围，不是逐题精确页码。,逐节扩充题,audit-full-05-01-003
AUD-00084,审计,证据与抽样,第5章 审计抽样方法,第二节 审计抽样在控制测试中的应用,信赖过度风险,基础理解与应用,简答应用,控制实际无效却因样本认定有效，会产生什么风险？,,,,,信赖过度风险，影响审计效果。,可能导致实质性程序不足。,118—131,129—142,2026年注册会计师全国统一考试辅导教材《审计》,,标注为所属知识节的阅读范围，不是逐题精确页码。,逐节扩充题,audit-full-05-02-001
AUD-00085,审计,证据与抽样,第5章 审计抽样方法,第二节 审计抽样在控制测试中的应用,信赖不足风险,基础理解与应用,简答应用,控制实际有效却认定无效，主要影响什么？,,,,,主要影响审计效率。,可能增加不必要的实质性程序。,118—131,129—142,2026年注册会计师全国统一考试辅导教材《审计》,,标注为所属知识节的阅读范围，不是逐题精确页码。,逐节扩充题,audit-full-05-02-002
AUD-00086,审计,证据与抽样,第5章 审计抽样方法,第二节 审计抽样在控制测试中的应用,控制样本量方向,基础理解与应用,简答应用,其他条件不变，可容忍偏差率降低，通常如何影响样本量？,,,,,样本量增加。,要求更严格，需要更多证据支持。,118—131,129—142,2026年注册会计师全国统一考试辅导教材《审计》,,标注为所属知识节的阅读范围，不是逐题精确页码。,逐节扩充题,audit-full-05-02-003
AUD-00087,审计,证据与抽样,第5章 审计抽样方法,第二节 审计抽样在控制测试中的应用,控制偏差评价,基础理解与应用,简答应用,样本发现偏差后，只看数量不看原因和性质是否足够？,,,,,不够。,舞弊、系统性偏差等可能影响控制风险评估。,118—131,129—142,2026年注册会计师全国统一考试辅导教材《审计》,,标注为所属知识节的阅读范围，不是逐题精确页码。,逐节扩充题,audit-full-05-02-004
AUD-00088,审计,证据与抽样,第5章 审计抽样方法,第三节 审计抽样在细节测试中的应用,误受与误拒,基础理解与应用,简答应用,账面实际有重大错报却被接受，与账面无重大错报却被拒绝，分别是什么风险？,,,,,误受风险与误拒风险。,误受影响效果；误拒通常影响效率。,132—150,143—161,2026年注册会计师全国统一考试辅导教材《审计》,,标注为所属知识节的阅读范围，不是逐题精确页码。,逐节扩充题,audit-full-05-03-001
AUD-00089,审计,证据与抽样,第5章 审计抽样方法,第三节 审计抽样在细节测试中的应用,细节测试样本量,基础理解与应用,简答应用,预计总体错报增加或可容忍错报降低，样本量通常如何变化？,,,,,通常增加。,需取得更有力证据把抽样风险降至可接受水平。,132—150,143—161,2026年注册会计师全国统一考试辅导教材《审计》,,标注为所属知识节的阅读范围，不是逐题精确页码。,逐节扩充题,audit-full-05-03-002
AUD-00090,审计,证据与抽样,第5章 审计抽样方法,第三节 审计抽样在细节测试中的应用,错报推断,基础理解与应用,简答应用,发现样本错报时，可否只调整样本金额而完全不考虑总体？,,,,,不可以。,应按适当方法推断总体错报并评价抽样风险。,132—150,143—161,2026年注册会计师全国统一考试辅导教材《审计》,,标注为所属知识节的阅读范围，不是逐题精确页码。,逐节扩充题,audit-full-05-03-003
AUD-00091,审计,证据与抽样,第5章 审计抽样方法,第三节 审计抽样在细节测试中的应用,分层,基础理解与应用,简答应用,将总体按金额等特征分层有何作用？,,,,,减少层内差异，提高抽样效率。,各层结果须正确推断和汇总，不能随意混用。,132—150,143—161,2026年注册会计师全国统一考试辅导教材《审计》,,标注为所属知识节的阅读范围，不是逐题精确页码。,逐节扩充题,audit-full-05-03-004
AUD-00092,审计,风险导向审计,第6章 审计计划,第一节 初步业务活动,计划的持续性,零基础,单选,审计计划是否在开工时写完就永远不再调整？,只在报告发出后制定,只在发生诉讼时制定,是,不是，它是持续的过程,D,审计计划贯穿审计过程，随新情况可能需要更新。,151—153,162—164,2026年注册会计师全国统一考试辅导教材《审计》,,,原有起步题,audit-06-01
AUD-00093,审计,风险导向审计,第6章 审计计划,第一节 初步业务活动,业务约定,零基础,单选,开始业务前就审计条款达成一致，主要有什么作用？,免除全部审计程序,避免双方对业务约定产生误解,保证审计费用无限增加,取消管理层责任,B,明确条款有助于双方理解业务性质和责任，不替代实际审计工作。,151—153,162—164,2026年注册会计师全国统一考试辅导教材《审计》,,,原有起步题,audit-06-02
AUD-00094,审计,风险导向审计,第6章 审计计划,第一节 初步业务活动,初步业务活动,零基础,多选,初步业务活动包括哪些？,评价相关职业道德要求遵守情况,实施客户关系和业务保持的质量管理程序,就业务约定条款达成一致,不考虑自身是否具备能力,A、B、C,独立性、专业能力与业务约定等，应在开始业务时妥善考虑。,151—153,162—164,2026年注册会计师全国统一考试辅导教材《审计》,,,原有起步题,audit-06-03
AUD-00095,审计,风险导向审计,第6章 审计计划,第一节 初步业务活动,计划更新,零基础,简答应用,审计中发现此前未知的重要业务变化，能否只因计划已签字就不考虑调整？,,,,,不能，应评估新情况对计划和审计程序的影响。,计划服务于审计目标，是动态安排而不是机械执行的固定清单。,151—153,162—164,2026年注册会计师全国统一考试辅导教材《审计》,,,原有起步题,audit-06-04
AUD-00096,审计,风险导向审计,第6章 审计计划,第一节 初步业务活动,业务接受前提,基础理解与应用,简答应用,管理层不认可其财务报表责任且拒绝提供必要资料，是否仍可照常承接审计？,,,,,不应照常承接。,应评价审计前提条件及业务接受限制。,151—155,162—166,2026年注册会计师全国统一考试辅导教材《审计》,,标注为所属知识节的阅读范围，不是逐题精确页码。,逐节扩充题,audit-full-06-01-001
AUD-00097,审计,风险导向审计,第6章 审计计划,第一节 初步业务活动,审计业务约定书,基础理解与应用,简答应用,约定书是否只需写审计收费？,,,,,不是。,还应明确目标与范围、双方责任、编制基础及预期报告等。,151—155,162—166,2026年注册会计师全国统一考试辅导教材《审计》,,标注为所属知识节的阅读范围，不是逐题精确页码。,逐节扩充题,audit-full-06-01-002
AUD-00098,审计,风险导向审计,第6章 审计计划,第一节 初步业务活动,连续审计,基础理解与应用,简答应用,连续审计是否永远无需重新考虑业务约定条款？,,,,,不是。,情况变化时应修订或提醒原条款。,151—155,162—166,2026年注册会计师全国统一考试辅导教材《审计》,,标注为所属知识节的阅读范围，不是逐题精确页码。,逐节扩充题,audit-full-06-01-003
AUD-00099,审计,风险导向审计,第6章 审计计划,第二节 总体审计策略和具体审计计划,策略与计划,基础理解与应用,简答应用,总体审计策略和具体审计计划的侧重点有何不同？,,,,,策略确定范围、时间、方向和资源；计划明确风险评估及进一步程序等具体安排。,两者互相关联并可随审计推进调整。,156—160,167—171,2026年注册会计师全国统一考试辅导教材《审计》,,标注为所属知识节的阅读范围，不是逐题精确页码。,逐节扩充题,audit-full-06-02-001
AUD-00100,审计,风险导向审计,第6章 审计计划,第二节 总体审计策略和具体审计计划,计划变更记录,基础理解与应用,简答应用,审计中大幅变更程序，是否无需说明原因？,,,,,应记录重大变更及其原因。,便于理解判断和复核执行情况。,156—160,167—171,2026年注册会计师全国统一考试辅导教材《审计》,,标注为所属知识节的阅读范围，不是逐题精确页码。,逐节扩充题,audit-full-06-02-002
AUD-00101,审计,风险导向审计,第6章 审计计划,第三节 重要性,整体与实际执行重要性,基础理解与应用,简答应用,实际执行的重要性为什么通常低于财务报表整体重要性？,,,,,降低未更正错报和未发现错报合计超过整体重要性的可能性。,不是给已知错报设置自动豁免。,161—171,172—182,2026年注册会计师全国统一考试辅导教材《审计》,,标注为所属知识节的阅读范围，不是逐题精确页码。,逐节扩充题,audit-full-06-03-001
AUD-00102,审计,风险导向审计,第6章 审计计划,第三节 重要性,特定类别重要性,基础理解与应用,简答应用,某事项金额小于整体重要性，是否永远不会影响使用者决策？,,,,,不是。,特定交易、余额或披露可能需要较低重要性水平。,161—171,172—182,2026年注册会计师全国统一考试辅导教材《审计》,,标注为所属知识节的阅读范围，不是逐题精确页码。,逐节扩充题,audit-full-06-03-002
AUD-00103,审计,风险导向审计,第6章 审计计划,第三节 重要性,明显微小错报,基础理解与应用,简答应用,“明显微小”是否与“不重大”完全同义？,,,,,不是。,明显微小在规模、性质和情境上均属很小范围，阈值通常更低。,161—171,172—182,2026年注册会计师全国统一考试辅导教材《审计》,,标注为所属知识节的阅读范围，不是逐题精确页码。,逐节扩充题,audit-full-06-03-003
AUD-00104,审计,风险导向审计,第6章 审计计划,第三节 重要性,重要性修订,基础理解与应用,简答应用,取得新信息表明原重要性过高，是否应调整并考虑对已执行程序的影响？,,,,,应当。,重要性是动态判断，应重新评价证据是否充分。,161—171,172—182,2026年注册会计师全国统一考试辅导教材《审计》,,标注为所属知识节的阅读范围，不是逐题精确页码。,逐节扩充题,audit-full-06-03-004
AUD-00105,审计,风险导向审计,第7章 风险评估,第一节 风险识别和评估概述,风险识别,零基础,单选,在风险评估中，“识别”主要是做什么？,替代经营管理,找出可能存在的重大错报风险,直接写完报告,保证所有风险为零,B,识别是找出风险，评估进一步考虑发生可能性和后果。,172—174,183—185,2026年注册会计师全国统一考试辅导教材《审计》,,,原有起步题,audit-07-01
AUD-00106,审计,风险导向审计,第7章 风险评估,第一节 风险识别和评估概述,风险评估用途,零基础,单选,了解企业及其环境，主要为何提供依据？,确定员工福利,设计进一步审计程序,取消全部证据,决定企业必然盈利,B,了解和风险评估帮助有针对性地设计审计程序。,172—174,183—185,2026年注册会计师全国统一考试辅导教材《审计》,,,原有起步题,audit-07-02
AUD-00107,审计,风险导向审计,第7章 风险评估,第一节 风险识别和评估概述,风险层次,零基础,多选,哪些表述符合教材？,应识别认定层次风险,了解企业是持续动态的过程,只能关注支持既有观点的信息,应识别财务报表层次风险,A、B、D,风险评估不能只搜集支持性信息，应关注相矛盾的证据。,172—174,183—185,2026年注册会计师全国统一考试辅导教材《审计》,,,原有起步题,audit-07-03
AUD-00108,审计,风险导向审计,第7章 风险评估,第一节 风险识别和评估概述,相矛盾的信息,零基础,简答应用,管理层解释与合同记录不一致，能为了维持原风险判断而忽略合同吗？,,,,,不能，应质疑和进一步了解矛盾，并评价是否需要修正风险判断。,职业怀疑要求认真处理相矛盾的信息。,172—174,183—185,2026年注册会计师全国统一考试辅导教材《审计》,,,原有起步题,audit-07-04
AUD-00109,审计,风险导向审计,第7章 风险评估,第一节 风险识别和评估概述,风险评估目的,基础理解与应用,简答应用,风险评估程序的目的是否仅为了解企业背景？,,,,,不是。,主要是识别和评估财务报表及认定层次的重大错报风险。,172,183,2026年注册会计师全国统一考试辅导教材《审计》,,标注为所属知识节的阅读范围，不是逐题精确页码。,逐节扩充题,audit-full-07-01-001
AUD-00110,审计,风险导向审计,第7章 风险评估,第一节 风险识别和评估概述,风险评估局限,基础理解与应用,简答应用,只完成风险评估程序，能否直接支持无保留意见？,,,,,通常不能。,还须执行应对风险的进一步审计程序。,172,183,2026年注册会计师全国统一考试辅导教材《审计》,,标注为所属知识节的阅读范围，不是逐题精确页码。,逐节扩充题,audit-full-07-01-002
AUD-00111,审计,风险导向审计,第7章 风险评估,第二节 风险评估程序、信息来源以及项目组内部的讨论,风险评估程序组合,基础理解与应用,简答应用,风险评估常用哪些程序？,,,,,询问、分析程序、观察和检查。,不同来源信息应相互印证。,173—177,184—188,2026年注册会计师全国统一考试辅导教材《审计》,,标注为所属知识节的阅读范围，不是逐题精确页码。,逐节扩充题,audit-full-07-02-001
AUD-00112,审计,风险导向审计,第7章 风险评估,第二节 风险评估程序、信息来源以及项目组内部的讨论,项目组讨论,基础理解与应用,简答应用,团队讨论舞弊风险时，是否可以因管理层过往诚信而排除舞弊可能？,,,,,不可以。,讨论应保持职业怀疑并分享风险信息。,173—177,184—188,2026年注册会计师全国统一考试辅导教材《审计》,,标注为所属知识节的阅读范围，不是逐题精确页码。,逐节扩充题,audit-full-07-02-002
AUD-00113,审计,风险导向审计,第7章 风险评估,第三节 了解被审计单位及其环境和适用的财务报告编制基础,业务风险与错报风险,基础理解与应用,简答应用,企业面临的任何经营风险是否都自动等同于重大错报风险？,,,,,不是。,需分析经营风险如何影响交易、余额或披露。,178—188,189—199,2026年注册会计师全国统一考试辅导教材《审计》,,标注为所属知识节的阅读范围，不是逐题精确页码。,逐节扩充题,audit-full-07-03-001
AUD-00114,审计,风险导向审计,第7章 风险评估,第三节 了解被审计单位及其环境和适用的财务报告编制基础,会计政策理解,基础理解与应用,简答应用,了解企业会计政策时，是否只抄写制度名称即可？,,,,,不是。,应评价政策选择、应用、变更及是否适合业务和编制基础。,178—188,189—199,2026年注册会计师全国统一考试辅导教材《审计》,,标注为所属知识节的阅读范围，不是逐题精确页码。,逐节扩充题,audit-full-07-03-002
AUD-00115,审计,风险导向审计,第7章 风险评估,第四节 了解被审计单位内部控制体系各要素,内部控制五要素,基础理解与应用,简答应用,内部控制体系通常包括哪些要素？,,,,,控制环境、被审计单位风险评估过程、对内部控制体系的监督过程、信息系统与沟通、控制活动。,了解各要素及其相互作用，不能只关注审批签字。,189—213,200—224,2026年注册会计师全国统一考试辅导教材《审计》,,标注为所属知识节的阅读范围，不是逐题精确页码。,逐节扩充题,audit-full-07-04-001
AUD-00116,审计,风险导向审计,第7章 风险评估,第四节 了解被审计单位内部控制体系各要素,设计与执行,基础理解与应用,简答应用,发现控制设计合理，是否等于已经证实其得到执行并运行有效？,,,,,不是。,设计、得到执行和运行有效性是不同层面。,189—213,200—224,2026年注册会计师全国统一考试辅导教材《审计》,,标注为所属知识节的阅读范围，不是逐题精确页码。,逐节扩充题,audit-full-07-04-002
AUD-00117,审计,风险导向审计,第7章 风险评估,第四节 了解被审计单位内部控制体系各要素,穿行测试,基础理解与应用,简答应用,追踪一笔交易从发生到财务报表的全过程，主要帮助了解什么？,,,,,流程、信息系统和相关控制的设计及执行。,单笔穿行通常不能替代整个期间的控制测试。,189—213,200—224,2026年注册会计师全国统一考试辅导教材《审计》,,标注为所属知识节的阅读范围，不是逐题精确页码。,逐节扩充题,audit-full-07-04-003
AUD-00118,审计,风险导向审计,第7章 风险评估,第五节 识别和评估重大错报风险,特别风险,基础理解与应用,简答应用,复杂重大会计估计、重大非常规交易为何可能成为特别风险？,,,,,相关固有风险可能很高，需要特别审计考虑。,应依据准则和具体事实评价，不能只按金额机械划分。,214—224,225—235,2026年注册会计师全国统一考试辅导教材《审计》,,标注为所属知识节的阅读范围，不是逐题精确页码。,逐节扩充题,audit-full-07-05-001
AUD-00119,审计,风险导向审计,第7章 风险评估,第五节 识别和评估重大错报风险,财报层次风险,基础理解与应用,简答应用,管理层凌驾控制或控制环境薄弱，为什么可能影响财报层次？,,,,,影响可能广泛涉及多项认定。,应设计总体应对，而非只测试一个科目。,214—224,225—235,2026年注册会计师全国统一考试辅导教材《审计》,,标注为所属知识节的阅读范围，不是逐题精确页码。,逐节扩充题,audit-full-07-05-002
AUD-00120,审计,风险导向审计,第7章 风险评估,第五节 识别和评估重大错报风险,风险修正,基础理解与应用,简答应用,实质性程序发现与原低风险判断矛盾的重大错报，应如何处理？,,,,,修正相关风险评估并调整后续程序。,风险评估不能在计划阶段一经确定就冻结。,214—224,225—235,2026年注册会计师全国统一考试辅导教材《审计》,,标注为所属知识节的阅读范围，不是逐题精确页码。,逐节扩充题,audit-full-07-05-003
AUD-00121,审计,风险导向审计,第8章 风险应对,第一节 针对财务报表层次重大错报风险的总体应对措施,风险与应对,零基础,单选,已评估重大错报风险后，下一步通常是什么？,只归档风险清单,设计并实施适当应对措施,直接保证报表无错,停止一切程序,B,识别和评估风险是为了据此安排应对，不能停留在清单。,225—227,236—238,2026年注册会计师全国统一考试辅导教材《审计》,,,原有起步题,audit-08-01
AUD-00122,审计,风险导向审计,第8章 风险应对,第一节 针对财务报表层次重大错报风险的总体应对措施,人员安排,零基础,单选,面对较高风险，哪项更符合总体应对思路？,减少必要监督,忽略复杂事项,取消职业怀疑,派更有经验或有特殊技能的人员,D,增加适合的经验和技能，有助于有效应对较高风险。,225—227,236—238,2026年注册会计师全国统一考试辅导教材《审计》,,,原有起步题,audit-08-02
AUD-00123,审计,风险导向审计,第8章 风险应对,第一节 针对财务报表层次重大错报风险的总体应对措施,总体应对措施,零基础,多选,哪些属于教材列举的总体应对措施？,在程序中融入不可预见因素,完全照抄上年程序而不评价,强调职业怀疑,加强指导监督及复核,A、C、D,应根据风险调整工作，不能机械照抄原方案。,225—227,236—238,2026年注册会计师全国统一考试辅导教材《审计》,,,原有起步题,audit-08-03
AUD-00124,审计,风险导向审计,第8章 风险应对,第一节 针对财务报表层次重大错报风险的总体应对措施,不可预见性,零基础,简答应用,为什么审计程序不宜每年完全固定，让客户事先知道全部测试安排？,,,,,过于可预见可能被利用来规避检查，适当增加不可预见性有助于应对风险。,不可预见性是风险应对的一种考虑，仍需合理设计并记录程序。,225—227,236—238,2026年注册会计师全国统一考试辅导教材《审计》,,,原有起步题,audit-08-04
AUD-00125,审计,风险导向审计,第8章 风险应对,第一节 针对财务报表层次重大错报风险的总体应对措施,总体应对,基础理解与应用,简答应用,面对财务报表层次高风险，可采用哪些总体应对？,,,,,加强职业怀疑，安排更有经验人员，强化督导复核并增加程序不可预见性等。,总体应对影响整体审计安排。,225—227,236—238,2026年注册会计师全国统一考试辅导教材《审计》,,标注为所属知识节的阅读范围，不是逐题精确页码。,逐节扩充题,audit-full-08-01-001
AUD-00126,审计,风险导向审计,第8章 风险应对,第一节 针对财务报表层次重大错报风险的总体应对措施,不可预见性,基础理解与应用,简答应用,每年完全固定同一天、同一账户执行相同程序，有何不足？,,,,,易被预见，可能降低对隐瞒舞弊的应对效果。,适当改变时间、地点或选取项目有助提高不可预见性。,225—227,236—238,2026年注册会计师全国统一考试辅导教材《审计》,,标注为所属知识节的阅读范围，不是逐题精确页码。,逐节扩充题,audit-full-08-01-002
AUD-00127,审计,风险导向审计,第8章 风险应对,第二节 针对认定层次重大错报风险的进一步审计程序,程序性质时间范围,基础理解与应用,简答应用,风险上升时，是否只增加样本量就足以应对全部风险？,,,,,不是。,还须考虑程序性质、实施时间及证据可靠性。,228—232,239—243,2026年注册会计师全国统一考试辅导教材《审计》,,标注为所属知识节的阅读范围，不是逐题精确页码。,逐节扩充题,audit-full-08-02-001
AUD-00128,审计,风险导向审计,第8章 风险应对,第二节 针对认定层次重大错报风险的进一步审计程序,仅实质性方案,基础理解与应用,简答应用,是否所有审计都必须依赖内部控制？,,,,,不是。,某些情形可采取主要或仅实质性方案，但仍需了解相关内部控制。,228—232,239—243,2026年注册会计师全国统一考试辅导教材《审计》,,标注为所属知识节的阅读范围，不是逐题精确页码。,逐节扩充题,audit-full-08-02-002
AUD-00129,审计,风险导向审计,第8章 风险应对,第三节 控制测试,控制测试必要情形,基础理解与应用,简答应用,什么情况下通常必须进行控制测试？,,,,,拟信赖控制，或仅实施实质性程序无法取得充分适当证据时。,了解控制并不等于已经测试运行有效性。,233—240,244—251,2026年注册会计师全国统一考试辅导教材《审计》,,标注为所属知识节的阅读范围，不是逐题精确页码。,逐节扩充题,audit-full-08-03-001
AUD-00130,审计,风险导向审计,第8章 风险应对,第三节 控制测试,期中控制证据,基础理解与应用,简答应用,期中测试控制有效，是否可不考虑剩余期间？,,,,,不能。,须取得剩余期间控制运行的补充证据。,233—240,244—251,2026年注册会计师全国统一考试辅导教材《审计》,,标注为所属知识节的阅读范围，不是逐题精确页码。,逐节扩充题,audit-full-08-03-002
AUD-00131,审计,风险导向审计,第8章 风险应对,第三节 控制测试,控制偏差应对,基础理解与应用,简答应用,测试发现偏差，应否考虑是否还能依赖该控制？,,,,,应当。,需分析原因、追加测试或修改实质性程序。,233—240,244—251,2026年注册会计师全国统一考试辅导教材《审计》,,标注为所属知识节的阅读范围，不是逐题精确页码。,逐节扩充题,audit-full-08-03-003
AUD-00132,审计,风险导向审计,第8章 风险应对,第四节 实质性程序,重大项目实质性程序,基础理解与应用,简答应用,即使重大错报风险评估较低，重大交易、余额和披露是否仍需要实质性程序？,,,,,需要。,控制及风险评估存在局限，不能完全取消实质性证据。,241—245,252—256,2026年注册会计师全国统一考试辅导教材《审计》,,标注为所属知识节的阅读范围，不是逐题精确页码。,逐节扩充题,audit-full-08-04-001
AUD-00133,审计,风险导向审计,第8章 风险应对,第四节 实质性程序,特别风险实质性应对,基础理解与应用,简答应用,对特别风险仅实施实质性程序时，是否可以只做实质性分析程序？,,,,,不可以。,应包括细节测试。,241—245,252—256,2026年注册会计师全国统一考试辅导教材《审计》,,标注为所属知识节的阅读范围，不是逐题精确页码。,逐节扩充题,audit-full-08-04-002
AUD-00134,审计,风险导向审计,第8章 风险应对,第四节 实质性程序,财务报表结账程序,基础理解与应用,简答应用,实质性程序是否应包括将报表与会计记录核对及检查重大调整分录？,,,,,应当。,这有助覆盖报表编制过程的错报风险。,241—245,252—256,2026年注册会计师全国统一考试辅导教材《审计》,,标注为所属知识节的阅读范围，不是逐题精确页码。,逐节扩充题,audit-full-08-04-003
AUD-00135,审计,风险导向审计,第9章 信息技术对审计的影响,第一节 信息技术对企业财务报告和内部控制的影响,信息系统影响,零基础,单选,企业已使用高度集成ERP系统，审计能否一概忽略信息技术？,不能，应在计划和执行中考虑,只要电脑新就可以,系统复杂就不用审计,可以，一律只看打印件,A,高度集成的信息系统会影响业务、财务报告和控制，需要审计关注。,246—248,257—259,2026年注册会计师全国统一考试辅导教材《审计》,,,原有起步题,audit-09-01
AUD-00136,审计,风险导向审计,第9章 信息技术对审计的影响,第一节 信息技术对企业财务报告和内部控制的影响,信息技术概念,零基础,单选,下面哪项属于信息技术涉及的功能？,只决定工资高低,只确定产品颜色,获取、存储和处理信息,只决定办公桌形状,C,教材将获取、传递、存储、处理等信息功能纳入信息技术。,246—248,257—259,2026年注册会计师全国统一考试辅导教材《审计》,,,原有起步题,audit-09-02
AUD-00137,审计,风险导向审计,第9章 信息技术对审计的影响,第一节 信息技术对企业财务报告和内部控制的影响,集成系统,零基础,多选,企业综合信息系统可能连接哪些领域？,只与财务部门一台打印机有关,财务,供销,生产,B、C、D,集成系统往往跨越多个业务领域，财务信息是其中一部分。,246—248,257—259,2026年注册会计师全国统一考试辅导教材《审计》,,,原有起步题,audit-09-03
AUD-00138,审计,风险导向审计,第9章 信息技术对审计的影响,第一节 信息技术对企业财务报告和内部控制的影响,系统与报表,零基础,简答应用,为什么审计人员需要了解企业业务系统，而不仅是最后打印出来的报表？,,,,,业务系统参与信息生成和处理，并影响相关控制，可能影响报表可靠性。,了解信息形成过程有助于识别风险和选择有效的审计程序。,246—248,257—259,2026年注册会计师全国统一考试辅导教材《审计》,,,原有起步题,audit-09-04
AUD-00139,审计,风险导向审计,第9章 信息技术对审计的影响,第一节 信息技术对企业财务报告和内部控制的影响,自动化风险,基础理解与应用,简答应用,系统自动处理是否意味着交易不可能出现错误？,,,,,不是。,错误配置、访问权限或程序逻辑可能系统性影响大量交易。,246—249,257—260,2026年注册会计师全国统一考试辅导教材《审计》,,标注为所属知识节的阅读范围，不是逐题精确页码。,逐节扩充题,audit-full-09-01-001
AUD-00140,审计,风险导向审计,第9章 信息技术对审计的影响,第一节 信息技术对企业财务报告和内部控制的影响,信息技术依赖,基础理解与应用,简答应用,手工审批引用系统报表时，是否无需关注报表完整准确性？,,,,,不是。,控制依赖的信息必须可靠。,246—249,257—260,2026年注册会计师全国统一考试辅导教材《审计》,,标注为所属知识节的阅读范围，不是逐题精确页码。,逐节扩充题,audit-full-09-01-002
AUD-00141,审计,风险导向审计,第9章 信息技术对审计的影响,第二节 信息技术一般控制、信息处理控制和公司层面信息技术控制,一般与应用控制,基础理解与应用,简答应用,访问权限管理与订单录入价格校验，通常分别属于哪类控制？,,,,,前者通常为信息技术一般控制；后者为信息处理控制。,一般控制支持应用控制持续有效运行。,250—252,261—263,2026年注册会计师全国统一考试辅导教材《审计》,,标注为所属知识节的阅读范围，不是逐题精确页码。,逐节扩充题,audit-full-09-02-001
AUD-00142,审计,风险导向审计,第9章 信息技术对审计的影响,第二节 信息技术一般控制、信息处理控制和公司层面信息技术控制,职责分离,基础理解与应用,简答应用,开发人员同时可直接修改生产环境财务数据有何风险？,,,,,可能未经授权修改程序或数据并掩盖痕迹。,应关注权限、变更管理和职责分离。,250—252,261—263,2026年注册会计师全国统一考试辅导教材《审计》,,标注为所属知识节的阅读范围，不是逐题精确页码。,逐节扩充题,audit-full-09-02-002
AUD-00143,审计,风险导向审计,第9章 信息技术对审计的影响,第三节 信息技术对审计过程的影响,自动控制测试,基础理解与应用,简答应用,自动化控制本年未变化，是否可完全不评价支持它的一般控制？,,,,,不能。,自动控制持续可靠通常依赖有效的一般控制及相关条件。,253—256,264—267,2026年注册会计师全国统一考试辅导教材《审计》,,标注为所属知识节的阅读范围，不是逐题精确页码。,逐节扩充题,audit-full-09-03-001
AUD-00144,审计,风险导向审计,第9章 信息技术对审计的影响,第三节 信息技术对审计过程的影响,电子证据保存,基础理解与应用,简答应用,交易仅留下短期电子痕迹，会如何影响审计安排？,,,,,可能需要及时获取或保全数据，并调整程序时间。,证据消失后补做程序可能受限。,253—256,264—267,2026年注册会计师全国统一考试辅导教材《审计》,,标注为所属知识节的阅读范围，不是逐题精确页码。,逐节扩充题,audit-full-09-03-002
AUD-00145,审计,风险导向审计,第9章 信息技术对审计的影响,第四节 计算机辅助审计技术和电子表格的运用,计算机辅助审计,基础理解与应用,简答应用,利用程序对全量交易筛查异常，是否就不必核实数据来源及完整性？,,,,,不是。,分析结果取决于输入数据和测试逻辑可靠性。,257—258,268—269,2026年注册会计师全国统一考试辅导教材《审计》,,标注为所属知识节的阅读范围，不是逐题精确页码。,逐节扩充题,audit-full-09-04-001
AUD-00146,审计,风险导向审计,第9章 信息技术对审计的影响,第四节 计算机辅助审计技术和电子表格的运用,电子表格风险,基础理解与应用,简答应用,关键计提使用电子表格，重点可检查哪些风险？,,,,,公式错误、引用范围不全、版本混乱和未经授权修改。,应复核输入、逻辑与输出。,257—258,268—269,2026年注册会计师全国统一考试辅导教材《审计》,,标注为所属知识节的阅读范围，不是逐题精确页码。,逐节扩充题,audit-full-09-04-002
AUD-00147,审计,风险导向审计,第9章 信息技术对审计的影响,第五节 数据分析,数据分析异常,基础理解与应用,简答应用,数据分析标记100笔异常，是否表示100笔均已构成错报？,,,,,不是。,异常是进一步调查线索，应结合证据确认。,259—261,270—272,2026年注册会计师全国统一考试辅导教材《审计》,,标注为所属知识节的阅读范围，不是逐题精确页码。,逐节扩充题,audit-full-09-05-001
AUD-00148,审计,风险导向审计,第9章 信息技术对审计的影响,第五节 数据分析,数据可视化,基础理解与应用,简答应用,漂亮的图表能否代替对数据质量及分析目的的判断？,,,,,不能。,图表表达不等于证据充分适当。,259—261,270—272,2026年注册会计师全国统一考试辅导教材《审计》,,标注为所属知识节的阅读范围，不是逐题精确页码。,逐节扩充题,audit-full-09-05-002
AUD-00149,审计,风险导向审计,第9章 信息技术对审计的影响,第六节 不同信息技术环境下的信息管理,云服务控制,基础理解与应用,简答应用,企业使用云财务系统，能否把全部内部控制责任转移给云服务商？,,,,,不能。,仍须关注企业端控制、服务机构控制及其衔接。,262,273,2026年注册会计师全国统一考试辅导教材《审计》,,标注为所属知识节的阅读范围，不是逐题精确页码。,逐节扩充题,audit-full-09-06-001
AUD-00150,审计,风险导向审计,第9章 信息技术对审计的影响,第六节 不同信息技术环境下的信息管理,分布式系统,基础理解与应用,简答应用,多个系统数据接口不一致，可能产生什么财报风险？,,,,,遗漏、重复或错误传输导致完整性、准确性等错报。,应关注接口对账及异常处理。,262,273,2026年注册会计师全国统一考试辅导教材《审计》,,标注为所属知识节的阅读范围，不是逐题精确页码。,逐节扩充题,audit-full-09-06-002
AUD-00151,审计,风险导向审计,第9章 信息技术对审计的影响,第七节 运用信息技术识别与应对舞弊风险,舞弊数据线索,基础理解与应用,简答应用,筛查非工作时间、异常用户录入的分录能否直接证明舞弊？,,,,,不能直接证明。,可识别高风险项目，仍须调查业务理由和支持证据。,263—272,274—283,2026年注册会计师全国统一考试辅导教材《审计》,,标注为所属知识节的阅读范围，不是逐题精确页码。,逐节扩充题,audit-full-09-07-001
AUD-00152,审计,风险导向审计,第9章 信息技术对审计的影响,第七节 运用信息技术识别与应对舞弊风险,算法输出怀疑,基础理解与应用,简答应用,使用智能工具得出“低舞弊风险”，是否可放弃职业怀疑？,,,,,不可以。,工具结论须经专业评价，审计责任不转移。,263—272,274—283,2026年注册会计师全国统一考试辅导教材《审计》,,标注为所属知识节的阅读范围，不是逐题精确页码。,逐节扩充题,audit-full-09-07-002
AUD-00153,审计,业务循环审计,第10章 销售与收款循环的审计,第一节 销售与收款循环的特点,循环法,零基础,单选,将紧密联系的交易和账户余额归入同一循环实施审计，称为什么？,产品成本法,纯粹随机命名,循环法,按纸张大小分类,C,循环法与企业业务流程联系较紧密，便于组织控制测试和其他程序。,273—275,284—286,2026年注册会计师全国统一考试辅导教材《审计》,,,原有起步题,audit-10-01
AUD-00154,审计,业务循环审计,第10章 销售与收款循环的审计,第一节 销售与收款循环的特点,客户订购单,零基础,单选,客户提出书面购货要求，通常对应哪种单据？,固定资产折旧表,银行对账单,客户订购单,工资汇总表,C,客户订购单记录客户的购货要求，是销售流程的重要起点资料。,275,286,2026年注册会计师全国统一考试辅导教材《审计》,,,原有起步题,audit-10-02
AUD-00155,审计,业务循环审计,第10章 销售与收款循环的审计,第一节 销售与收款循环的特点,循环组织审计,零基础,多选,哪些认识符合教材？,相关交易和账户可归入同一循环,不同企业的循环划分可能不同,循环法有助于理解业务流程,所有企业循环必须完全相同,A、B、C,企业业务性质和规模不同，循环划分也可不同。,273—275,284—286,2026年注册会计师全国统一考试辅导教材《审计》,,,原有起步题,audit-10-03
AUD-00156,审计,业务循环审计,第10章 销售与收款循环的审计,第一节 销售与收款循环的特点,出库凭证,零基础,简答应用,审计人员想了解商品是否已经出库发运，可以先关注什么单据？,,,,,出库单等相关发运资料。,出库单记录仓库确认的出库发运情况；仍需结合目标核实资料真实性及其他证据。,275,286,2026年注册会计师全国统一考试辅导教材《审计》,,,原有起步题,audit-10-04
AUD-00157,审计,业务循环审计,第10章 销售与收款循环的审计,第一节 销售与收款循环的特点,收入与应收账款,基础理解与应用,简答应用,虚构赊销通常同时影响哪些报表项目？,,,,,营业收入和应收账款，可能还涉及税费及成本。,应把循环中的相关科目联动考虑。,275—276,286—287,2026年注册会计师全国统一考试辅导教材《审计》,,标注为所属知识节的阅读范围，不是逐题精确页码。,逐节扩充题,audit-full-10-01-001
AUD-00158,审计,业务循环审计,第10章 销售与收款循环的审计,第一节 销售与收款循环的特点,销售截止,基础理解与应用,简答应用,年末发货次年入账，应重点检查哪种风险？,,,,,收入及相关成本、应收账款的截止风险。,需根据控制权转移等确认条件判断应属期间。,275—276,286—287,2026年注册会计师全国统一考试辅导教材《审计》,,标注为所属知识节的阅读范围，不是逐题精确页码。,逐节扩充题,audit-full-10-01-002
AUD-00159,审计,业务循环审计,第10章 销售与收款循环的审计,第二节 销售与收款循环的主要业务活动和相关内部控制,信用审批与发货,基础理解与应用,简答应用,销售人员自行批准赊销额度并负责收款记录有何控制不足？,,,,,不相容职责可能未适当分离。,信用审批、发货、开票、记账及收款应合理分工。,277—281,288—292,2026年注册会计师全国统一考试辅导教材《审计》,,标注为所属知识节的阅读范围，不是逐题精确页码。,逐节扩充题,audit-full-10-02-001
AUD-00160,审计,业务循环审计,第10章 销售与收款循环的审计,第二节 销售与收款循环的主要业务活动和相关内部控制,对账控制,基础理解与应用,简答应用,定期与客户对账主要有助于发现什么？,,,,,账款差异、遗漏或异常冲销等。,应有差异调查及跟进，不能仅发送对账单。,277—281,288—292,2026年注册会计师全国统一考试辅导教材《审计》,,标注为所属知识节的阅读范围，不是逐题精确页码。,逐节扩充题,audit-full-10-02-002
AUD-00161,审计,业务循环审计,第10章 销售与收款循环的审计,第三节 销售与收款循环的重大错报风险,收入舞弊假定,基础理解与应用,简答应用,注册会计师是否通常应假定收入确认存在舞弊风险？,,,,,是，并评价哪些收入类型、交易或认定产生该风险。,如判定不适用，应记录理由。,282—290,293—301,2026年注册会计师全国统一考试辅导教材《审计》,,标注为所属知识节的阅读范围，不是逐题精确页码。,逐节扩充题,audit-full-10-03-001
AUD-00162,审计,业务循环审计,第10章 销售与收款循环的审计,第三节 销售与收款循环的重大错报风险,应收减值风险,基础理解与应用,简答应用,客户长期逾期但仍按全额可收回处理，主要涉及什么认定？,,,,,准确性、计价和分摊。,应评价信用风险、回款情况及减值估计。,282—290,293—301,2026年注册会计师全国统一考试辅导教材《审计》,,标注为所属知识节的阅读范围，不是逐题精确页码。,逐节扩充题,audit-full-10-03-002
AUD-00163,审计,业务循环审计,第10章 销售与收款循环的审计,第四节 销售与收款循环的控制测试,信用审批控制测试,基础理解与应用,简答应用,如何测试赊销审批控制是否运行？,,,,,检查样本授信审批记录、授权及是否在发货前执行，并按需要追踪例外。,仅询问销售经理不足以证明持续运行。,291—294,302—305,2026年注册会计师全国统一考试辅导教材《审计》,,标注为所属知识节的阅读范围，不是逐题精确页码。,逐节扩充题,audit-full-10-04-001
AUD-00164,审计,业务循环审计,第10章 销售与收款循环的审计,第四节 销售与收款循环的控制测试,销售序号完整性,基础理解与应用,简答应用,检查销售单据连续编号及缺号调查，主要支持什么控制目标？,,,,,交易完整记录及防止遗漏。,缺号可能有合理原因，应调查而非直接认定错报。,291—294,302—305,2026年注册会计师全国统一考试辅导教材《审计》,,标注为所属知识节的阅读范围，不是逐题精确页码。,逐节扩充题,audit-full-10-04-002
AUD-00165,审计,业务循环审计,第10章 销售与收款循环的审计,第五节 销售与收款循环的实质性程序,收入测试方向,基础理解与应用,简答应用,从账簿追查发货凭证，与从发货凭证追查账簿，分别更侧重什么？,,,,,前者侧重发生；后者侧重完整性。,选取起点决定程序主要覆盖的认定。,295—307,306—318,2026年注册会计师全国统一考试辅导教材《审计》,,标注为所属知识节的阅读范围，不是逐题精确页码。,逐节扩充题,audit-full-10-05-001
AUD-00166,审计,业务循环审计,第10章 销售与收款循环的审计,第五节 销售与收款循环的实质性程序,应收替代程序,基础理解与应用,简答应用,未回函应收账款可考虑哪些替代程序？,,,,,检查期后收款、销售合同、发运及签收等支持资料。,证据须对应被审计余额且可靠。,295—307,306—318,2026年注册会计师全国统一考试辅导教材《审计》,,标注为所属知识节的阅读范围，不是逐题精确页码。,逐节扩充题,audit-full-10-05-002
AUD-00167,审计,业务循环审计,第10章 销售与收款循环的审计,第五节 销售与收款循环的实质性程序,收入截止证据,基础理解与应用,简答应用,只看开票日期能否确定收入应确认期间？,,,,,不能。,须结合合同、控制权转移和交付等事实。,295—307,306—318,2026年注册会计师全国统一考试辅导教材《审计》,,标注为所属知识节的阅读范围，不是逐题精确页码。,逐节扩充题,audit-full-10-05-003
AUD-00168,审计,业务循环审计,第11章 采购与付款循环的审计,第一节 采购与付款循环的特点,采购循环范围,零基础,单选,购买原材料并支付相应应付账款，主要属于哪个循环？,仅股权投资,销售与收款,采购与付款,利润分配,C,原材料采购和相应货款结算，是采购与付款循环的典型业务。,308—310,319—321,2026年注册会计师全国统一考试辅导教材《审计》,,,原有起步题,audit-11-01
AUD-00169,审计,业务循环审计,第11章 采购与付款循环的审计,第一节 采购与付款循环的特点,采购流程,零基础,单选,通常在订货之后、付款之前核对是否收到货物的环节是什么？,验收,股利分配,利润结转,股份回购,A,采购通常经过请购、订货、验收、付款，验收帮助确认收货情况。,308—310,319—321,2026年注册会计师全国统一考试辅导教材《审计》,,,原有起步题,audit-11-02
AUD-00170,审计,业务循环审计,第11章 采购与付款循环的审计,第一节 采购与付款循环的特点,采购与支出,零基础,多选,哪些与采购与付款循环相关？,购买服务,应付账款的支付,客户向企业支付销售款,购买商品,A、B、D,客户支付销售款主要属于销售与收款，不是采购付款。,308—310,319—321,2026年注册会计师全国统一考试辅导教材《审计》,,,原有起步题,audit-11-03
AUD-00171,审计,业务循环审计,第11章 采购与付款循环的审计,第一节 采购与付款循环的特点,行业差异,零基础,简答应用,医院与制造企业的采购支出是否必然完全相同？为什么？,,,,,不相同。行业和经营性质不同，会产生不同的商品、服务和费用支出。,审计应结合企业业务特点理解采购，不能照搬一张固定清单。,308—310,319—321,2026年注册会计师全国统一考试辅导教材《审计》,,,原有起步题,audit-11-04
AUD-00172,审计,业务循环审计,第11章 采购与付款循环的审计,第一节 采购与付款循环的特点,采购循环账户,基础理解与应用,简答应用,采购未及时入账可能同时影响哪些项目？,,,,,存货或费用、应付账款等。,应关注负债及费用低估。,308—309,319—320,2026年注册会计师全国统一考试辅导教材《审计》,,标注为所属知识节的阅读范围，不是逐题精确页码。,逐节扩充题,audit-full-11-01-001
AUD-00173,审计,业务循环审计,第11章 采购与付款循环的审计,第一节 采购与付款循环的特点,采购截止,基础理解与应用,简答应用,年末已验收入库但发票未到，是否当然可不确认相关负债？,,,,,不是。,应按实际义务及会计处理规则判断。,308—309,319—320,2026年注册会计师全国统一考试辅导教材《审计》,,标注为所属知识节的阅读范围，不是逐题精确页码。,逐节扩充题,audit-full-11-01-002
AUD-00174,审计,业务循环审计,第11章 采购与付款循环的审计,第二节 采购与付款循环的主要业务活动和相关内部控制,采购三单核对,基础理解与应用,简答应用,付款前核对采购订单、验收单与供应商发票，主要目的是什么？,,,,,确保采购经批准、货物已收且付款金额合理。,应设置差异处理与授权程序。,310—311,321—322,2026年注册会计师全国统一考试辅导教材《审计》,,标注为所属知识节的阅读范围，不是逐题精确页码。,逐节扩充题,audit-full-11-02-001
AUD-00175,审计,业务循环审计,第11章 采购与付款循环的审计,第二节 采购与付款循环的主要业务活动和相关内部控制,供应商主数据,基础理解与应用,简答应用,任意员工可新增供应商并修改收款账户，会产生什么风险？,,,,,虚假供应商、资金被转移及舞弊支付风险。,需权限控制和独立复核。,310—311,321—322,2026年注册会计师全国统一考试辅导教材《审计》,,标注为所属知识节的阅读范围，不是逐题精确页码。,逐节扩充题,audit-full-11-02-002
AUD-00176,审计,业务循环审计,第11章 采购与付款循环的审计,第三节 采购与付款循环的重大错报风险,未记录负债,基础理解与应用,简答应用,应付账款为何通常更关注完整性而非只关注存在？,,,,,企业可能通过遗漏负债和费用粉饰财务状况、利润。,风险侧重不代表其他认定无需考虑。,312—314,323—325,2026年注册会计师全国统一考试辅导教材《审计》,,标注为所属知识节的阅读范围，不是逐题精确页码。,逐节扩充题,audit-full-11-03-001
AUD-00177,审计,业务循环审计,第11章 采购与付款循环的审计,第三节 采购与付款循环的重大错报风险,关联采购,基础理解与应用,简答应用,向关联方采购价格异常，是否只有金额计算风险？,,,,,不是。,还可能涉及商业实质、关联方披露及舞弊风险。,312—314,323—325,2026年注册会计师全国统一考试辅导教材《审计》,,标注为所属知识节的阅读范围，不是逐题精确页码。,逐节扩充题,audit-full-11-03-002
AUD-00178,审计,业务循环审计,第11章 采购与付款循环的审计,第四节 采购与付款循环的控制测试,付款授权测试,基础理解与应用,简答应用,检查付款审批时，仅有签名但权限不符是否足以证明控制有效？,,,,,不足以。,应检查审批人权限、时点及证据内容。,315—317,326—328,2026年注册会计师全国统一考试辅导教材《审计》,,标注为所属知识节的阅读范围，不是逐题精确页码。,逐节扩充题,audit-full-11-04-001
AUD-00179,审计,业务循环审计,第11章 采购与付款循环的审计,第四节 采购与付款循环的控制测试,采购控制例外,基础理解与应用,简答应用,发现付款绕过订单与验收匹配，应做什么？,,,,,调查原因、评价偏差及对依赖程度和后续程序的影响。,不能用一次补签自动消除历史偏差。,315—317,326—328,2026年注册会计师全国统一考试辅导教材《审计》,,标注为所属知识节的阅读范围，不是逐题精确页码。,逐节扩充题,audit-full-11-04-002
AUD-00180,审计,业务循环审计,第11章 采购与付款循环的审计,第五节 采购与付款循环的实质性程序,查找未入账负债,基础理解与应用,简答应用,检查期后付款并追查年末前货物或服务，有助于哪个目标？,,,,,发现年末未记录负债。,应判断义务发生时点，而非只看付款日。,318—320,329—331,2026年注册会计师全国统一考试辅导教材《审计》,,标注为所属知识节的阅读范围，不是逐题精确页码。,逐节扩充题,audit-full-11-05-001
AUD-00181,审计,业务循环审计,第11章 采购与付款循环的审计,第五节 采购与付款循环的实质性程序,应付函证选样,基础理解与应用,简答应用,应付账款函证是否只能选择账面余额最大的供应商？,,,,,不是。,交易频繁但余额小或零的供应商也可能存在未入账负债。,318—320,329—331,2026年注册会计师全国统一考试辅导教材《审计》,,标注为所属知识节的阅读范围，不是逐题精确页码。,逐节扩充题,audit-full-11-05-002
AUD-00182,审计,业务循环审计,第12章 生产与存货循环的审计,第一节 生产与存货循环的特点,存在认定,零基础,单选,账上列有100件存货，审计想确认是否真实存在，主要对应什么认定？,存在,收入截止,借款利率,股利分配,A,存在关注已列示资产是否真实存在。,321—323,332—334,2026年注册会计师全国统一考试辅导教材《审计》,,,原有起步题,audit-12-01
AUD-00183,审计,业务循环审计,第12章 生产与存货循环的审计,第一节 生产与存货循环的特点,权利和义务,零基础,单选,仓库里的货物是否属于被审计单位，主要对应什么认定？,权利和义务,员工人数,销售预算,存在即可替代一切,A,实物在仓库不等于归企业所有，需单独考虑权属。,321—323,332—334,2026年注册会计师全国统一考试辅导教材《审计》,,,原有起步题,audit-12-02
AUD-00184,审计,业务循环审计,第12章 生产与存货循环的审计,第一节 生产与存货循环的特点,存货相关认定,零基础,多选,存货审计需关注哪些问题？,计价是否准确,只看包装是否整齐,已记录存货是否存在,应记录存货是否完整记录,A、C、D,实物存在、完整性及计价都是不同审计关注点。,321—323,332—334,2026年注册会计师全国统一考试辅导教材《审计》,,,原有起步题,audit-12-03
AUD-00185,审计,业务循环审计,第12章 生产与存货循环的审计,第一节 生产与存货循环的特点,存在与所有权,零基础,简答应用,仓库中代客户保管的商品确实存在，是否足以认定为企业自己的存货？,,,,,不足以。还要判断权利归属，实物存在不能替代权利和义务的判断。,不同认定需要相应证据，不能用一个事实覆盖所有目标。,321—323,332—334,2026年注册会计师全国统一考试辅导教材《审计》,,,原有起步题,audit-12-04
AUD-00186,审计,业务循环审计,第12章 生产与存货循环的审计,第一节 生产与存货循环的特点,存货循环风险,基础理解与应用,简答应用,存货数量正确是否就保证存货账面金额正确？,,,,,不是。,还应评价成本归集、计价和跌价等。,321—322,332—333,2026年注册会计师全国统一考试辅导教材《审计》,,标注为所属知识节的阅读范围，不是逐题精确页码。,逐节扩充题,audit-full-12-01-001
AUD-00187,审计,业务循环审计,第12章 生产与存货循环的审计,第一节 生产与存货循环的特点,成本流转,基础理解与应用,简答应用,生产领料、在产品及产成品之间的记录为何需衔接？,,,,,避免成本遗漏、重复或错误分配。,循环各环节会共同影响存货与营业成本。,321—322,332—333,2026年注册会计师全国统一考试辅导教材《审计》,,标注为所属知识节的阅读范围，不是逐题精确页码。,逐节扩充题,audit-full-12-01-002
AUD-00188,审计,业务循环审计,第12章 生产与存货循环的审计,第二节 生产与存货循环的主要业务活动和相关内部控制,存货保管与记录,基础理解与应用,简答应用,保管人员同时独立负责盘点记录和账面调整，有何不足？,,,,,缺乏职责分离与独立复核。,可能掩盖短缺或未经授权出库。,323—326,334—337,2026年注册会计师全国统一考试辅导教材《审计》,,标注为所属知识节的阅读范围，不是逐题精确页码。,逐节扩充题,audit-full-12-02-001
AUD-00189,审计,业务循环审计,第12章 生产与存货循环的审计,第二节 生产与存货循环的主要业务活动和相关内部控制,成本分配控制,基础理解与应用,简答应用,制造费用分配基础变更为何应审批和复核？,,,,,可能影响产品成本、存货及利润。,应确保基础合理并一致应用。,323—326,334—337,2026年注册会计师全国统一考试辅导教材《审计》,,标注为所属知识节的阅读范围，不是逐题精确页码。,逐节扩充题,audit-full-12-02-002
AUD-00190,审计,业务循环审计,第12章 生产与存货循环的审计,第三节 生产与存货循环的重大错报风险,存货减值风险,基础理解与应用,简答应用,库龄长、毁损或售价下降的存货主要提示什么风险？,,,,,存货跌价及计价错报风险。,应结合可变现净值等会计要求评价。,327—328,338—339,2026年注册会计师全国统一考试辅导教材《审计》,,标注为所属知识节的阅读范围，不是逐题精确页码。,逐节扩充题,audit-full-12-03-001
AUD-00191,审计,业务循环审计,第12章 生产与存货循环的审计,第三节 生产与存货循环的重大错报风险,异地存货风险,基础理解与应用,简答应用,存货分散于多个第三方仓库，为何影响审计？,,,,,增加数量、权属和证据获取风险。,应据风险确定地点及程序。,327—328,338—339,2026年注册会计师全国统一考试辅导教材《审计》,,标注为所属知识节的阅读范围，不是逐题精确页码。,逐节扩充题,audit-full-12-03-002
AUD-00192,审计,业务循环审计,第12章 生产与存货循环的审计,第四节 生产与存货循环的控制测试,盘点控制测试,基础理解与应用,简答应用,测试企业盘点控制时，只查盘点制度文本是否足够？,,,,,不够。,还应观察实际执行、检查差异处理及复核。,329—330,340—341,2026年注册会计师全国统一考试辅导教材《审计》,,标注为所属知识节的阅读范围，不是逐题精确页码。,逐节扩充题,audit-full-12-04-001
AUD-00193,审计,业务循环审计,第12章 生产与存货循环的审计,第四节 生产与存货循环的控制测试,领料控制测试,基础理解与应用,简答应用,领料单无授权且可由车间自行改数量，提示什么？,,,,,授权及记录准确性控制可能有缺陷。,应评价对成本和存货的影响。,329—330,340—341,2026年注册会计师全国统一考试辅导教材《审计》,,标注为所属知识节的阅读范围，不是逐题精确页码。,逐节扩充题,audit-full-12-04-002
AUD-00194,审计,业务循环审计,第12章 生产与存货循环的审计,第五节 生产与存货循环的实质性程序,监盘双向抽查,基础理解与应用,简答应用,从盘点表追到实物与从实物追到盘点表，分别侧重什么？,,,,,前者侧重存在；后者侧重完整性。,双向抽查目标不同。,331—342,342—353,2026年注册会计师全国统一考试辅导教材《审计》,,标注为所属知识节的阅读范围，不是逐题精确页码。,逐节扩充题,audit-full-12-05-001
AUD-00195,审计,业务循环审计,第12章 生产与存货循环的审计,第五节 生产与存货循环的实质性程序,监盘与权属,基础理解与应用,简答应用,看到仓库中有实物，是否已证明企业拥有这些存货？,,,,,没有。,代管、寄售等存货可能不属于企业。,331—342,342—353,2026年注册会计师全国统一考试辅导教材《审计》,,标注为所属知识节的阅读范围，不是逐题精确页码。,逐节扩充题,audit-full-12-05-002
AUD-00196,审计,业务循环审计,第12章 生产与存货循环的审计,第五节 生产与存货循环的实质性程序,非年末监盘,基础理解与应用,简答应用,在非资产负债表日监盘，是否不必检查盘点日至年末的变动？,,,,,不是。,应测试期间变动以支持年末数量。,331—342,342—353,2026年注册会计师全国统一考试辅导教材《审计》,,标注为所属知识节的阅读范围，不是逐题精确页码。,逐节扩充题,audit-full-12-05-003
AUD-00197,审计,业务循环审计,第12章 生产与存货循环的审计,第五节 生产与存货循环的实质性程序,不能监盘,基础理解与应用,简答应用,因不可行不能实施监盘，且替代程序也无法取得证据，应考虑什么？,,,,,审计范围受限及对意见的影响。,应按可能影响的重大性和广泛性决定意见。,331—342,342—353,2026年注册会计师全国统一考试辅导教材《审计》,,标注为所属知识节的阅读范围，不是逐题精确页码。,逐节扩充题,audit-full-12-05-004
AUD-00198,审计,业务循环审计,第13章 货币资金的审计,第一节 货币资金审计概述,货币资金分类,零基础,单选,下列哪项属于货币资金？,生产设备,商标权,库存商品,银行存款,D,银行存款属于货币资金，设备、商标和商品属于其他资产。,343—345,354—356,2026年注册会计师全国统一考试辅导教材《审计》,,,原有起步题,audit-13-01
AUD-00199,审计,业务循环审计,第13章 货币资金的审计,第一节 货币资金审计概述,业务循环联系,零基础,单选,货币资金是否只与销售收款有关？,只与折旧有关,只与存货数量有关,是，其他业务无关,不是，与多个循环相关,D,采购付款、筹资、投资和销售收款等都可能引起货币资金变动。,343—345,354—356,2026年注册会计师全国统一考试辅导教材《审计》,,,原有起步题,audit-13-02
AUD-00200,审计,业务循环审计,第13章 货币资金的审计,第一节 货币资金审计概述,审计资料,零基础,多选,货币资金审计可能涉及哪些资料？,与交易无关的私人聊天,银行对账单,银行存款余额调节表,有关记账凭证,B、C、D,这些记录帮助理解和核实资金情况，但仍需评价可靠性。,343—345,354—356,2026年注册会计师全国统一考试辅导教材《审计》,,,原有起步题,audit-13-03
AUD-00201,审计,业务循环审计,第13章 货币资金的审计,第一节 货币资金审计概述,资金流入流出,零基础,简答应用,取得银行借款和支付供应商货款，是否都会影响货币资金？,,,,,都会。借款通常带来资金流入，付款带来资金流出。,这说明资金与筹资、采购等多个循环联系紧密。,343—345,354—356,2026年注册会计师全国统一考试辅导教材《审计》,,,原有起步题,audit-13-04
AUD-00202,审计,业务循环审计,第13章 货币资金的审计,第一节 货币资金审计概述,货币资金目标,基础理解与应用,简答应用,审计银行存款只核对总账和明细账是否足够？,,,,,不够。,还需评价余额真实性、完整性、权利及受限情况等。,343—347,354—358,2026年注册会计师全国统一考试辅导教材《审计》,,标注为所属知识节的阅读范围，不是逐题精确页码。,逐节扩充题,audit-full-13-01-001
AUD-00203,审计,业务循环审计,第13章 货币资金的审计,第一节 货币资金审计概述,银行账户完整性,基础理解与应用,简答应用,仅获取企业提供的已入账账户清单，有何局限？,,,,,可能漏掉未入账账户或业务。,应结合开户资料、资金流水等获取完整性证据。,343—347,354—358,2026年注册会计师全国统一考试辅导教材《审计》,,标注为所属知识节的阅读范围，不是逐题精确页码。,逐节扩充题,audit-full-13-01-002
AUD-00204,审计,业务循环审计,第13章 货币资金的审计,第二节 货币资金的重大错报风险,资金受限风险,基础理解与应用,简答应用,定期存款用于质押但未披露，主要产生什么问题？,,,,,资金权利受限及相关列报披露可能错报。,账面余额存在不等于可自由使用。,348—350,359—361,2026年注册会计师全国统一考试辅导教材《审计》,,标注为所属知识节的阅读范围，不是逐题精确页码。,逐节扩充题,audit-full-13-02-001
AUD-00205,审计,业务循环审计,第13章 货币资金的审计,第二节 货币资金的重大错报风险,异常资金流水,基础理解与应用,简答应用,大额资金短期转入又转出，是否仅看年末余额即可忽略？,,,,,不能。,可能涉及循环资金、关联交易或舞弊。,348—350,359—361,2026年注册会计师全国统一考试辅导教材《审计》,,标注为所属知识节的阅读范围，不是逐题精确页码。,逐节扩充题,audit-full-13-02-002
AUD-00206,审计,业务循环审计,第13章 货币资金的审计,第三节 货币资金的控制测试,支付职责分离,基础理解与应用,简答应用,出纳独自保管全部支付印鉴并编制、批准付款，有何风险？,,,,,授权、执行和保管职责未适当分离。,易发生未经授权支付并掩盖记录。,351,362,2026年注册会计师全国统一考试辅导教材《审计》,,标注为所属知识节的阅读范围，不是逐题精确页码。,逐节扩充题,audit-full-13-03-001
AUD-00207,审计,业务循环审计,第13章 货币资金的审计,第三节 货币资金的控制测试,银行对账控制,基础理解与应用,简答应用,编制银行余额调节表但从不清理长期未达项，是否控制已充分有效？,,,,,不是。,应及时调查未达项及异常差异。,351,362,2026年注册会计师全国统一考试辅导教材《审计》,,标注为所属知识节的阅读范围，不是逐题精确页码。,逐节扩充题,audit-full-13-03-002
AUD-00208,审计,业务循环审计,第13章 货币资金的审计,第四节 货币资金的实质性程序,现金盘点,基础理解与应用,简答应用,库存现金盘点应否关注盘点时点并核对至报表日？,,,,,应当。,必要时根据收支记录倒推或顺推余额。,352—366,363—377,2026年注册会计师全国统一考试辅导教材《审计》,,标注为所属知识节的阅读范围，不是逐题精确页码。,逐节扩充题,audit-full-13-04-001
AUD-00209,审计,业务循环审计,第13章 货币资金的审计,第四节 货币资金的实质性程序,银行函证范围,基础理解与应用,简答应用,银行函证是否只关注账面存款余额？,,,,,不是。,还应根据适用要求关注借款、担保、质押及其他银行业务信息。,352—366,363—377,2026年注册会计师全国统一考试辅导教材《审计》,,标注为所属知识节的阅读范围，不是逐题精确页码。,逐节扩充题,audit-full-13-04-002
AUD-00210,审计,业务循环审计,第13章 货币资金的审计,第四节 货币资金的实质性程序,未达账项测试,基础理解与应用,简答应用,银行余额调节表形式上相符是否足够？,,,,,不够。,应核查未达项真实性、期后结算及截止。,352—366,363—377,2026年注册会计师全国统一考试辅导教材《审计》,,标注为所属知识节的阅读范围，不是逐题精确页码。,逐节扩充题,audit-full-13-04-003
AUD-00211,审计,特殊事项,第14章 对舞弊和法律法规的考虑,第一节 财务报表审计中与舞弊相关的责任,舞弊特征,零基础,单选,舞弊区别于非故意差错的重要特征是什么？,涉及的金额必然很小,一定由外部人员实施,文件使用电子格式,故意使用欺骗手段,D,舞弊是为获取不当或非法利益而故意实施的行为。,367—369,378—380,2026年注册会计师全国统一考试辅导教材《审计》,,,原有起步题,audit-14-01
AUD-00212,审计,特殊事项,第14章 对舞弊和法律法规的考虑,第一节 财务报表审计中与舞弊相关的责任,虚假报告,零基础,单选,管理层故意虚构收入以夸大业绩，更接近哪类舞弊？,常规盘点,编制虚假财务报告,正常更正错误,合法利润分配,B,故意虚构收入误导财务报表使用者，属于虚假财务报告的典型情形。,367—369,378—380,2026年注册会计师全国统一考试辅导教材《审计》,,,原有起步题,audit-14-02
AUD-00213,审计,特殊事项,第14章 对舞弊和法律法规的考虑,第一节 财务报表审计中与舞弊相关的责任,舞弊导致错报,零基础,多选,哪些可能属于舞弊行为？,故意伪造会计记录,故意遗漏重要交易信息,侵占企业资产并掩饰,无意中抄错一个数字,A、B、C,前三项具有故意性；无意抄错属于差错，不能仅凭错误就认定舞弊。,367—369,378—380,2026年注册会计师全国统一考试辅导教材《审计》,,,原有起步题,audit-14-03
AUD-00214,审计,特殊事项,第14章 对舞弊和法律法规的考虑,第一节 财务报表审计中与舞弊相关的责任,动机与错误,零基础,简答应用,一个数字写错了，是否只凭结果就能断定发生舞弊？,,,,,不能，还要判断是否存在故意欺骗等情况。,错报可能由舞弊或错误导致，故意性是重要区别。,367—369,378—380,2026年注册会计师全国统一考试辅导教材《审计》,,,原有起步题,audit-14-04
AUD-00215,审计,特殊事项,第14章 对舞弊和法律法规的考虑,第一节 财务报表审计中与舞弊相关的责任,舞弊与错误,基础理解与应用,简答应用,舞弊与错误的关键区别是什么？,,,,,导致错报的行为是否故意。,舞弊可表现为编制虚假财务报告或侵占资产。,367—392,378—403,2026年注册会计师全国统一考试辅导教材《审计》,,标注为所属知识节的阅读范围，不是逐题精确页码。,逐节扩充题,audit-full-14-01-001
AUD-00216,审计,特殊事项,第14章 对舞弊和法律法规的考虑,第一节 财务报表审计中与舞弊相关的责任,舞弊风险因素,基础理解与应用,简答应用,舞弊三角通常包括哪些因素？,,,,,动机或压力、机会、态度或借口。,识别因素不等于认定舞弊已发生。,367—392,378—403,2026年注册会计师全国统一考试辅导教材《审计》,,标注为所属知识节的阅读范围，不是逐题精确页码。,逐节扩充题,audit-full-14-01-002
AUD-00217,审计,特殊事项,第14章 对舞弊和法律法规的考虑,第一节 财务报表审计中与舞弊相关的责任,管理层凌驾控制,基础理解与应用,简答应用,企业控制设计完善，是否就可不应对管理层凌驾控制的风险？,,,,,不可以。,该风险存在于所有被审计单位，需实施规定的应对程序。,367—392,378—403,2026年注册会计师全国统一考试辅导教材《审计》,,标注为所属知识节的阅读范围，不是逐题精确页码。,逐节扩充题,audit-full-14-01-003
AUD-00218,审计,特殊事项,第14章 对舞弊和法律法规的考虑,第一节 财务报表审计中与舞弊相关的责任,分录测试,基础理解与应用,简答应用,为应对凌驾控制，应如何考虑会计分录？,,,,,测试总账分录及报表编制调整的适当性，关注异常特征并考虑整个期间。,不能只看正常日常凭证。,367—392,378—403,2026年注册会计师全国统一考试辅导教材《审计》,,标注为所属知识节的阅读范围，不是逐题精确页码。,逐节扩充题,audit-full-14-01-004
AUD-00219,审计,特殊事项,第14章 对舞弊和法律法规的考虑,第一节 财务报表审计中与舞弊相关的责任,估计偏向,基础理解与应用,简答应用,各项估计单看均在合理区间，但全部向增加利润方向选择，应关注什么？,,,,,可能存在管理层偏向和舞弊风险。,需整体评价并适当追溯复核以前估计。,367—392,378—403,2026年注册会计师全国统一考试辅导教材《审计》,,标注为所属知识节的阅读范围，不是逐题精确页码。,逐节扩充题,audit-full-14-01-005
AUD-00220,审计,特殊事项,第14章 对舞弊和法律法规的考虑,第一节 财务报表审计中与舞弊相关的责任,异常重大交易,基础理解与应用,简答应用,没有明显商业理由的重大非常规交易，应重点评价什么？,,,,,商业理由及是否为虚假财务报告或侵占资产而安排。,形式合法不必然表示有合理经济实质。,367—392,378—403,2026年注册会计师全国统一考试辅导教材《审计》,,标注为所属知识节的阅读范围，不是逐题精确页码。,逐节扩充题,audit-full-14-01-006
AUD-00221,审计,特殊事项,第14章 对舞弊和法律法规的考虑,第二节 财务报表审计中对法律法规的考虑,法律法规分类,基础理解与应用,简答应用,对直接影响报表金额的法律法规，与其他影响经营的法规，审计责任是否完全相同？,,,,,不同。,应按类别履行获取证据、询问检查及保持警觉等责任。,393—398,404—409,2026年注册会计师全国统一考试辅导教材《审计》,,标注为所属知识节的阅读范围，不是逐题精确页码。,逐节扩充题,audit-full-14-02-001
AUD-00222,审计,特殊事项,第14章 对舞弊和法律法规的考虑,第二节 财务报表审计中对法律法规的考虑,涉嫌违法应对,基础理解与应用,简答应用,发现涉嫌违法行为，应否仅因金额暂不明确就忽略？,,,,,不应。,应了解性质与情形、沟通、考虑法律咨询及报表和报告影响。,393—398,404—409,2026年注册会计师全国统一考试辅导教材《审计》,,标注为所属知识节的阅读范围，不是逐题精确页码。,逐节扩充题,audit-full-14-02-002
AUD-00223,审计,特殊事项,第14章 对舞弊和法律法规的考虑,第二节 财务报表审计中对法律法规的考虑,对外报告义务,基础理解与应用,简答应用,客户要求保密，是否必然排除注册会计师依法向监管部门报告的义务？,,,,,不是。,应按法律、职业道德及具体事实判断。,393—398,404—409,2026年注册会计师全国统一考试辅导教材《审计》,,标注为所属知识节的阅读范围，不是逐题精确页码。,逐节扩充题,audit-full-14-02-003
AUD-00224,审计,特殊事项,第15章 审计沟通,第一节 注册会计师与治理层的沟通,管理与治理,零基础,单选,通常负责企业日常经营管理的经理，主要属于哪一层？,税收机关,管理层,所有外部投资者,必然是独立审计机构,B,经理的主要职责是经营管理，属于管理层；有些人员可能同时承担治理职责。,399—401,410—412,2026年注册会计师全国统一考试辅导教材《审计》,,,原有起步题,audit-15-01
AUD-00225,审计,特殊事项,第15章 审计沟通,第一节 注册会计师与治理层的沟通,治理监督,零基础,单选,对财务报告编制和披露过程承担监督职责的主要是哪一层？,客户服务部,治理层,全部供应商,任何社会公众,B,治理层对财务报告过程负有监督职责，管理层负责具体编制。,399—401,410—412,2026年注册会计师全国统一考试辅导教材《审计》,,,原有起步题,audit-15-02
AUD-00226,审计,特殊事项,第15章 审计沟通,第一节 注册会计师与治理层的沟通,治理层职责,零基础,多选,治理层的相关监督职责可涉及哪些？,财务报告与披露程序,与财务报告相关的内部控制,把所有日常记账工作转交审计人员,重大会计政策,A、B、D,治理监督不意味着转移管理层的编报责任。,399—401,410—412,2026年注册会计师全国统一考试辅导教材《审计》,,,原有起步题,audit-15-03
AUD-00227,审计,特殊事项,第15章 审计沟通,第一节 注册会计师与治理层的沟通,沟通对象,零基础,简答应用,审计人员发现重要财务报告问题，为什么需要辨认谁是管理层、谁承担治理职责？,,,,,因为各层职责不同，恰当沟通需要识别相应负责和监督的人员。,沟通对象应结合企业治理结构确定，不能只按职位名称机械判断。,399—401,410—412,2026年注册会计师全国统一考试辅导教材《审计》,,,原有起步题,audit-15-04
AUD-00228,审计,特殊事项,第15章 审计沟通,第一节 注册会计师与治理层的沟通,治理层沟通对象,基础理解与应用,简答应用,治理层与管理层不完全相同，审计沟通是否可以一律只找财务经理？,,,,,不能。,应识别具有适当职责的治理层人员。,399—411,410—422,2026年注册会计师全国统一考试辅导教材《审计》,,标注为所属知识节的阅读范围，不是逐题精确页码。,逐节扩充题,audit-full-15-01-001
AUD-00229,审计,特殊事项,第15章 审计沟通,第一节 注册会计师与治理层的沟通,沟通内容,基础理解与应用,简答应用,审计计划范围时间、重大审计发现和独立性等，是否可能属于治理层沟通事项？,,,,,是。,应依据适用要求选择适当形式并及时沟通。,399—411,410—422,2026年注册会计师全国统一考试辅导教材《审计》,,标注为所属知识节的阅读范围，不是逐题精确页码。,逐节扩充题,audit-full-15-01-002
AUD-00230,审计,特殊事项,第15章 审计沟通,第一节 注册会计师与治理层的沟通,沟通与责任,基础理解与应用,简答应用,与治理层讨论重大问题后，是否可把审计判断责任转移给治理层？,,,,,不能。,沟通不减轻注册会计师职责。,399—411,410—422,2026年注册会计师全国统一考试辅导教材《审计》,,标注为所属知识节的阅读范围，不是逐题精确页码。,逐节扩充题,audit-full-15-01-003
AUD-00231,审计,特殊事项,第15章 审计沟通,第二节 前任注册会计师和后任注册会计师的沟通,接受前沟通,基础理解与应用,简答应用,接受后任审计业务前，为什么通常需与前任沟通？,,,,,了解更换原因、管理层诚信及可能影响接受业务的事项。,应取得客户适当授权并遵守保密要求。,412—416,423—427,2026年注册会计师全国统一考试辅导教材《审计》,,标注为所属知识节的阅读范围，不是逐题精确页码。,逐节扩充题,audit-full-15-02-001
AUD-00232,审计,特殊事项,第15章 审计沟通,第二节 前任注册会计师和后任注册会计师的沟通,客户拒绝沟通,基础理解与应用,简答应用,客户拒绝允许前后任沟通，后任应如何考虑？,,,,,询问原因并评价其对接受业务及风险的影响。,不能视作无关事项。,412—416,423—427,2026年注册会计师全国统一考试辅导教材《审计》,,标注为所属知识节的阅读范围，不是逐题精确页码。,逐节扩充题,audit-full-15-02-002
AUD-00233,审计,特殊事项,第15章 审计沟通,第二节 前任注册会计师和后任注册会计师的沟通,查阅前任底稿,基础理解与应用,简答应用,查阅前任底稿后，后任是否可免除自己获取充分适当证据的责任？,,,,,不能。,前任工作可提供信息，但不能替代后任判断与责任。,412—416,423—427,2026年注册会计师全国统一考试辅导教材《审计》,,标注为所属知识节的阅读范围，不是逐题精确页码。,逐节扩充题,audit-full-15-02-003
AUD-00234,审计,特殊事项,第16章 注册会计师利用他人的工作,第一节 利用内部审计人员的工作,意见责任,零基础,单选,利用内部审计工作后，谁仍对注册会计师发表的审计意见负责？,注册会计师,内部审计自动承担全部责任,任何企业员工,客户供应商,A,利用他人工作不改变注册会计师独自承担审计意见责任。,417—419,428—430,2026年注册会计师全国统一考试辅导教材《审计》,,,原有起步题,audit-16-01
AUD-00235,审计,特殊事项,第16章 注册会计师利用他人的工作,第一节 利用内部审计人员的工作,利用工作的意义,零基础,单选,恰当利用可信赖的内部审计工作，主要可能带来什么？,减少不必要重复劳动,保证绝对无风险,取消审计准则,免除全部判断,A,合理利用可提高效率，但仍需了解、评价并履行自身责任。,417—419,428—430,2026年注册会计师全国统一考试辅导教材《审计》,,,原有起步题,audit-16-02
AUD-00236,审计,特殊事项,第16章 注册会计师利用他人的工作,第一节 利用内部审计人员的工作,内部审计关注,零基础,多选,内部审计可能评价和改进哪些领域？,内部控制,保证所有股票获利,治理,风险管理,A、C、D,内部审计可执行鉴证和咨询活动，帮助改进治理、风险管理和内部控制。,417—419,428—430,2026年注册会计师全国统一考试辅导教材《审计》,,,原有起步题,audit-16-03
AUD-00237,审计,特殊事项,第16章 注册会计师利用他人的工作,第一节 利用内部审计人员的工作,避免责任转移,零基础,简答应用,注册会计师说“这是内部审计检查的，所以我不用评价结果”。请纠正。,,,,,仍需评价能否利用及其适当性，并对自身审计意见承担责任。,利用工作不是直接照单全收，更不是责任转移。,417—419,428—430,2026年注册会计师全国统一考试辅导教材《审计》,,,原有起步题,audit-16-04
AUD-00238,审计,特殊事项,第16章 注册会计师利用他人的工作,第一节 利用内部审计人员的工作,内部审计评价,基础理解与应用,简答应用,拟利用内部审计工作，应评价哪些方面？,,,,,客观性、胜任能力及是否采用系统规范方法等。,内部审计的组织地位和质量控制影响可利用程度。,417—421,428—432,2026年注册会计师全国统一考试辅导教材《审计》,,标注为所属知识节的阅读范围，不是逐题精确页码。,逐节扩充题,audit-full-16-01-001
AUD-00239,审计,特殊事项,第16章 注册会计师利用他人的工作,第一节 利用内部审计人员的工作,内部审计责任界限,基础理解与应用,简答应用,利用内部审计工作，能否减少外部注册会计师对审计意见的责任？,,,,,不能。,外部审计人员仍独立负责意见。,417—421,428—432,2026年注册会计师全国统一考试辅导教材《审计》,,标注为所属知识节的阅读范围，不是逐题精确页码。,逐节扩充题,audit-full-16-01-002
AUD-00240,审计,特殊事项,第16章 注册会计师利用他人的工作,第一节 利用内部审计人员的工作,重大判断,基础理解与应用,简答应用,是否可以把重大错报风险和最终审计意见等关键判断全部交给内部审计？,,,,,不可以。,关键审计判断应由注册会计师作出。,417—421,428—432,2026年注册会计师全国统一考试辅导教材《审计》,,标注为所属知识节的阅读范围，不是逐题精确页码。,逐节扩充题,audit-full-16-01-003
AUD-00241,审计,特殊事项,第16章 注册会计师利用他人的工作,第二节 利用专家的工作,专家评价,基础理解与应用,简答应用,利用估值专家前，主要应评价专家的哪些条件？,,,,,胜任能力、专业素质和客观性，并了解其专业领域。,还应约定工作范围及沟通安排。,422—428,433—439,2026年注册会计师全国统一考试辅导教材《审计》,,标注为所属知识节的阅读范围，不是逐题精确页码。,逐节扩充题,audit-full-16-02-001
AUD-00242,审计,特殊事项,第16章 注册会计师利用他人的工作,第二节 利用专家的工作,专家工作适当性,基础理解与应用,简答应用,拿到专家报告即可原样接受其结论吗？,,,,,不能。,应评价方法、重要假设、来源数据及结论是否适当。,422—428,433—439,2026年注册会计师全国统一考试辅导教材《审计》,,标注为所属知识节的阅读范围，不是逐题精确页码。,逐节扩充题,audit-full-16-02-002
AUD-00243,审计,特殊事项,第16章 注册会计师利用他人的工作,第二节 利用专家的工作,专家与意见责任,基础理解与应用,简答应用,无保留意见中提及专家，是否能减轻审计责任？,,,,,不能。,利用专家不改变注册会计师责任。,422—428,433—439,2026年注册会计师全国统一考试辅导教材《审计》,,标注为所属知识节的阅读范围，不是逐题精确页码。,逐节扩充题,audit-full-16-02-003
AUD-00244,审计,特殊事项,第17章 对集团财务报表审计的特殊考虑,第一节 与集团财务报表审计相关的概念,组成部分,零基础,单选,集团审计中的组成部分，可以是什么？,只能是独立上市公司,只能是母公司,只是一张空白表格,某实体或业务活动,D,组成部分的财务信息由管理层编制并应包括在集团财务报表中。,429—431,440—442,2026年注册会计师全国统一考试辅导教材《审计》,,,原有起步题,audit-17-01
AUD-00245,审计,特殊事项,第17章 对集团财务报表审计的特殊考虑,第一节 与集团财务报表审计相关的概念,集团财务信息,零基础,单选,识别组成部分时，应关注其财务信息是否怎样？,一定用外币编制,必须单独上市,被所有员工背诵,应包括在集团财务报表中,D,集团结构和财务报告系统影响组成部分的识别。,429—431,440—442,2026年注册会计师全国统一考试辅导教材《审计》,,,原有起步题,audit-17-02
AUD-00246,审计,特殊事项,第17章 对集团财务报表审计的特殊考虑,第一节 与集团财务报表审计相关的概念,集团审计关注,零基础,多选,集团审计还需要考虑哪些问题？,只查集团名称即可完成,集团项目组与组成部分注册会计师配合,对合并过程获取证据,重要性如何运用,B、C、D,集团审计存在跨组成部分协调及合并过程等特殊考虑。,429—431,440—442,2026年注册会计师全国统一考试辅导教材《审计》,,,原有起步题,audit-17-03
AUD-00247,审计,特殊事项,第17章 对集团财务报表审计的特殊考虑,第一节 与集团财务报表审计相关的概念,组成部分识别,零基础,简答应用,集团按地区编制财务信息并纳入集团报表，地区业务是否可能成为组成部分？,,,,,可能。组成部分并不限于单独法人，也可能是地区等业务活动。,应结合组织结构和财务报告系统具体识别。,429—431,440—442,2026年注册会计师全国统一考试辅导教材《审计》,,,原有起步题,audit-17-04
AUD-00248,审计,特殊事项,第17章 对集团财务报表审计的特殊考虑,第一节 与集团财务报表审计相关的概念,集团与组成部分,基础理解与应用,简答应用,集团财务报表是否只包括母公司个别财务报表？,,,,,不是。,集团报表纳入多个实体或业务活动信息并经过合并过程。,429—430,440—441,2026年注册会计师全国统一考试辅导教材《审计》,,标注为所属知识节的阅读范围，不是逐题精确页码。,逐节扩充题,audit-full-17-01-001
AUD-00249,审计,特殊事项,第17章 对集团财务报表审计的特殊考虑,第一节 与集团财务报表审计相关的概念,组成部分注册会计师,基础理解与应用,简答应用,集团审计中其他注册会计师执行组成部分工作，是否自动成为集团意见的共同签发者？,,,,,不是。,其工作与集团审计意见责任应分别理解。,429—430,440—441,2026年注册会计师全国统一考试辅导教材《审计》,,标注为所属知识节的阅读范围，不是逐题精确页码。,逐节扩充题,audit-full-17-01-002
AUD-00250,审计,特殊事项,第17章 对集团财务报表审计的特殊考虑,第二节 集团审计中的责任设定和注册会计师的目标,集团意见责任,基础理解与应用,简答应用,集团项目组是否可因组成部分已单独审计而不再对集团意见负责？,,,,,不可以。,集团项目合伙人及项目组须按规定承担集团审计责任。,431,442,2026年注册会计师全国统一考试辅导教材《审计》,,标注为所属知识节的阅读范围，不是逐题精确页码。,逐节扩充题,audit-full-17-02-001
AUD-00251,审计,特殊事项,第17章 对集团财务报表审计的特殊考虑,第二节 集团审计中的责任设定和注册会计师的目标,集团审计目标,基础理解与应用,简答应用,集团项目组使用组成部分工作，核心仍需取得什么？,,,,,支持集团审计意见的充分、适当审计证据。,单独报告数量多不等于证据充分。,431,442,2026年注册会计师全国统一考试辅导教材《审计》,,标注为所属知识节的阅读范围，不是逐题精确页码。,逐节扩充题,audit-full-17-02-002
AUD-00252,审计,特殊事项,第17章 对集团财务报表审计的特殊考虑,第三节 集团审计业务的接受与保持,接受集团业务,基础理解与应用,简答应用,预计无法接触关键组成部分资料且无其他取证途径，应考虑什么？,,,,,是否能接受或保持业务以及潜在范围限制。,应在接受阶段评价获得证据的可能性。,432—433,443—444,2026年注册会计师全国统一考试辅导教材《审计》,,标注为所属知识节的阅读范围，不是逐题精确页码。,逐节扩充题,audit-full-17-03-001
AUD-00253,审计,特殊事项,第17章 对集团财务报表审计的特殊考虑,第三节 集团审计业务的接受与保持,接触限制变化,基础理解与应用,简答应用,集团管理层在审计中新增重大资料限制，应否重新评价业务及报告影响？,,,,,应当。,接受时可取证不代表后续限制可以忽略。,432—433,443—444,2026年注册会计师全国统一考试辅导教材《审计》,,标注为所属知识节的阅读范围，不是逐题精确页码。,逐节扩充题,audit-full-17-03-002
AUD-00254,审计,特殊事项,第17章 对集团财务报表审计的特殊考虑,第四节 了解集团及其环境、集团组成部分及其环境,集团层面了解,基础理解与应用,简答应用,集团统一政策、集中财务系统和内部交易，为何需要整体了解？,,,,,影响重大错报风险、合并过程和程序设计。,只分别了解单家子公司可能漏掉集团层面风险。,434—435,445—446,2026年注册会计师全国统一考试辅导教材《审计》,,标注为所属知识节的阅读范围，不是逐题精确页码。,逐节扩充题,audit-full-17-04-001
AUD-00255,审计,特殊事项,第17章 对集团财务报表审计的特殊考虑,第四节 了解集团及其环境、集团组成部分及其环境,组成部分风险,基础理解与应用,简答应用,组成部分规模不大但有重大复杂交易，是否可仅因规模小而忽略？,,,,,不可。,性质、风险及对集团报表影响同样重要。,434—435,445—446,2026年注册会计师全国统一考试辅导教材《审计》,,标注为所属知识节的阅读范围，不是逐题精确页码。,逐节扩充题,audit-full-17-04-002
AUD-00256,审计,特殊事项,第17章 对集团财务报表审计的特殊考虑,第五节 了解组成部分注册会计师,组成部分审计师评价,基础理解与应用,简答应用,评价组成部分注册会计师时，是否只看其事务所知名度？,,,,,不是。,应考虑职业道德尤其独立性、胜任能力、监管环境及合作程度等。,436,447,2026年注册会计师全国统一考试辅导教材《审计》,,标注为所属知识节的阅读范围，不是逐题精确页码。,逐节扩充题,audit-full-17-05-001
AUD-00257,审计,特殊事项,第17章 对集团财务报表审计的特殊考虑,第五节 了解组成部分注册会计师,独立性不足,基础理解与应用,简答应用,组成部分注册会计师不符合相关独立性要求，能否只增加复核就当然弥补？,,,,,不能当然弥补。,应按准则判断能否利用及采用其他取证安排。,436,447,2026年注册会计师全国统一考试辅导教材《审计》,,标注为所属知识节的阅读范围，不是逐题精确页码。,逐节扩充题,audit-full-17-05-002
AUD-00258,审计,特殊事项,第17章 对集团财务报表审计的特殊考虑,第六节 重要性,组成部分重要性,基础理解与应用,简答应用,组成部分重要性是否应机械等于集团整体重要性？,,,,,不应。,通常应低于集团整体重要性，以应对汇总风险。,437,448,2026年注册会计师全国统一考试辅导教材《审计》,,标注为所属知识节的阅读范围，不是逐题精确页码。,逐节扩充题,audit-full-17-06-001
AUD-00259,审计,特殊事项,第17章 对集团财务报表审计的特殊考虑,第六节 重要性,错报通报门槛,基础理解与应用,简答应用,集团项目组为何需向组成部分明确错报通报门槛？,,,,,确保可能影响集团报表的错报及时汇总评价。,不应让各组成部分各自任意确定通报范围。,437,448,2026年注册会计师全国统一考试辅导教材《审计》,,标注为所属知识节的阅读范围，不是逐题精确页码。,逐节扩充题,audit-full-17-06-002
AUD-00260,审计,特殊事项,第17章 对集团财务报表审计的特殊考虑,第七节 针对评估的风险采取的应对措施,集团风险应对,基础理解与应用,简答应用,所有组成部分是否无论风险都必须执行完全相同的工作？,,,,,不是。,应根据集团风险、组成部分特征和所需证据设计工作。,438—441,449—452,2026年注册会计师全国统一考试辅导教材《审计》,,标注为所属知识节的阅读范围，不是逐题精确页码。,逐节扩充题,audit-full-17-07-001
AUD-00261,审计,特殊事项,第17章 对集团财务报表审计的特殊考虑,第七节 针对评估的风险采取的应对措施,参与组成部分工作,基础理解与应用,简答应用,集团项目组仅收取最终审计报告是否总能满足参与要求？,,,,,不能。,需按风险适当参与、指导、沟通和评价工作。,438—441,449—452,2026年注册会计师全国统一考试辅导教材《审计》,,标注为所属知识节的阅读范围，不是逐题精确页码。,逐节扩充题,audit-full-17-07-002
AUD-00262,审计,特殊事项,第17章 对集团财务报表审计的特殊考虑,第八节 合并过程及期后事项,合并抵销,基础理解与应用,简答应用,集团内部销售已在各公司正确记账，是否无需审计合并抵销？,,,,,不是。,个别报表正确不等于合并报表抵销、调整正确。,442,453,2026年注册会计师全国统一考试辅导教材《审计》,,标注为所属知识节的阅读范围，不是逐题精确页码。,逐节扩充题,audit-full-17-08-001
AUD-00263,审计,特殊事项,第17章 对集团财务报表审计的特殊考虑,第八节 合并过程及期后事项,集团期后事项,基础理解与应用,简答应用,组成部分审计完成后到集团报告日之间的重大事项是否可以忽略？,,,,,不能。,应安排识别和沟通相关期后事项的程序。,442,453,2026年注册会计师全国统一考试辅导教材《审计》,,标注为所属知识节的阅读范围，不是逐题精确页码。,逐节扩充题,audit-full-17-08-002
AUD-00264,审计,特殊事项,第17章 对集团财务报表审计的特殊考虑,第九节 与组成部分注册会计师的沟通,双向沟通,基础理解与应用,简答应用,集团对组成部分下达指令后，是否只需单向通知即可？,,,,,不是。,应明确工作要求并及时获取发现、错报、困难等反馈。,443—444,454—455,2026年注册会计师全国统一考试辅导教材《审计》,,标注为所属知识节的阅读范围，不是逐题精确页码。,逐节扩充题,audit-full-17-09-001
AUD-00265,审计,特殊事项,第17章 对集团财务报表审计的特殊考虑,第九节 与组成部分注册会计师的沟通,沟通内容,基础理解与应用,简答应用,组成部分发现重大舞弊或内控缺陷，是否只需留在自己的底稿？,,,,,不是。,应按要求及时向集团项目组沟通。,443—444,454—455,2026年注册会计师全国统一考试辅导教材《审计》,,标注为所属知识节的阅读范围，不是逐题精确页码。,逐节扩充题,audit-full-17-09-002
AUD-00266,审计,特殊事项,第17章 对集团财务报表审计的特殊考虑,第十节 评价审计证据的充分性和适当性,集团证据不足,基础理解与应用,简答应用,某关键组成部分证据不足，其他组成部分证据很多能否自动弥补？,,,,,不能。,证据必须覆盖相关重大风险和认定。,445,456,2026年注册会计师全国统一考试辅导教材《审计》,,标注为所属知识节的阅读范围，不是逐题精确页码。,逐节扩充题,audit-full-17-10-001
AUD-00267,审计,特殊事项,第17章 对集团财务报表审计的特殊考虑,第十节 评价审计证据的充分性和适当性,集团错报汇总,基础理解与应用,简答应用,各组成部分错报均小于各自重要性，集团是否无需汇总？,,,,,仍需汇总评价。,汇总错报可能对集团整体重大。,445,456,2026年注册会计师全国统一考试辅导教材《审计》,,标注为所属知识节的阅读范围，不是逐题精确页码。,逐节扩充题,audit-full-17-10-002
AUD-00268,审计,特殊事项,第17章 对集团财务报表审计的特殊考虑,第十一节 与集团管理层和集团治理层的沟通,集团治理层沟通,基础理解与应用,简答应用,集团审计发现重要组成部分取证受限，应否向集团治理层沟通？,,,,,应按规定沟通。,事项可能影响审计范围及意见。,445—446,456—457,2026年注册会计师全国统一考试辅导教材《审计》,,标注为所属知识节的阅读范围，不是逐题精确页码。,逐节扩充题,audit-full-17-11-001
AUD-00269,审计,特殊事项,第17章 对集团财务报表审计的特殊考虑,第十一节 与集团管理层和集团治理层的沟通,组成部分管理层舞弊,基础理解与应用,简答应用,发现涉及组成部分管理层的重大舞弊，是否只与涉嫌舞弊者沟通即可？,,,,,不够。,应考虑适当层级的集团管理层、治理层等沟通对象。,445—446,456—457,2026年注册会计师全国统一考试辅导教材《审计》,,标注为所属知识节的阅读范围，不是逐题精确页码。,逐节扩充题,audit-full-17-11-002
AUD-00270,审计,特殊事项,第18章 其他特殊项目的审计,第一节 审计会计估计和相关披露,会计估计,零基础,单选,下列哪项通常涉及会计估计？,办公室地址,银行账号字符串,存货跌价准备,固定的文件编号,C,跌价准备需要分析现有资料和未来情况，涉及估计不确定性。,447—449,458—460,2026年注册会计师全国统一考试辅导教材《审计》,,,原有起步题,audit-18-01
AUD-00271,审计,特殊事项,第18章 其他特殊项目的审计,第一节 审计会计估计和相关披露,估计责任,零基础,单选,财务报表中的会计估计主要由谁负责作出？,无需任何人负责,外部投资者,被审计单位管理层,所有客户,C,管理层对作出的会计估计负责，审计人员获取证据并评价合理性。,447—449,458—460,2026年注册会计师全国统一考试辅导教材《审计》,,,原有起步题,audit-18-02
AUD-00272,审计,特殊事项,第18章 其他特殊项目的审计,第一节 审计会计估计和相关披露,估计例子,零基础,多选,哪些可能涉及会计估计？,固定资产折旧,金融工具估值,产品质量保证义务,员工姓名拼写,A、B、C,这些项目可能涉及寿命、价值或未来支出等不确定因素。,447—449,458—460,2026年注册会计师全国统一考试辅导教材《审计》,,,原有起步题,audit-18-03
AUD-00273,审计,特殊事项,第18章 其他特殊项目的审计,第一节 审计会计估计和相关披露,估计不确定性,零基础,简答应用,某项金额需要估计，是否就意味着可以完全不提供依据？,,,,,不是。管理层要有合理估计依据，审计人员仍需获取充分、适当证据。,不确定性增加判断需求，不会取消证据要求。,447—449,458—460,2026年注册会计师全国统一考试辅导教材《审计》,,,原有起步题,audit-18-04
AUD-00274,审计,特殊事项,第18章 其他特殊项目的审计,第一节 审计会计估计和相关披露,估计不确定性,基础理解与应用,简答应用,高度估计不确定性是否必然意味着会计估计有重大错报？,,,,,不是。,不确定性增加风险，但应评价方法、假设、数据及披露的合理性。,447—461,458—472,2026年注册会计师全国统一考试辅导教材《审计》,,标注为所属知识节的阅读范围，不是逐题精确页码。,逐节扩充题,audit-full-18-01-001
AUD-00275,审计,特殊事项,第18章 其他特殊项目的审计,第一节 审计会计估计和相关披露,会计估计应对途径,基础理解与应用,简答应用,审计会计估计常见哪些取证途径？,,,,,考虑期后事项、测试管理层估计过程、作出点估计或区间估计等。,选择应回应评估的风险。,447—461,458—472,2026年注册会计师全国统一考试辅导教材《审计》,,标注为所属知识节的阅读范围，不是逐题精确页码。,逐节扩充题,audit-full-18-01-002
AUD-00276,审计,特殊事项,第18章 其他特殊项目的审计,第一节 审计会计估计和相关披露,区间估计,基础理解与应用,简答应用,注册会计师区间估计过宽，是否仍可证明任何管理层估计都合理？,,,,,不能。,区间应仅包含由充分适当证据支持的合理结果。,447—461,458—472,2026年注册会计师全国统一考试辅导教材《审计》,,标注为所属知识节的阅读范围，不是逐题精确页码。,逐节扩充题,audit-full-18-01-003
AUD-00277,审计,特殊事项,第18章 其他特殊项目的审计,第一节 审计会计估计和相关披露,估计披露,基础理解与应用,简答应用,金额合理但未披露重大估计不确定性，是否可能存在错报？,,,,,可能。,会计估计审计包括相关披露。,447—461,458—472,2026年注册会计师全国统一考试辅导教材《审计》,,标注为所属知识节的阅读范围，不是逐题精确页码。,逐节扩充题,audit-full-18-01-004
AUD-00278,审计,特殊事项,第18章 其他特殊项目的审计,第二节 关联方的审计,关联方识别,基础理解与应用,简答应用,管理层提供关联方名单后，审计人员是否无需保持警觉？,,,,,不是。,应结合合同、会议记录等寻找未披露关联方及交易。,462—469,473—480,2026年注册会计师全国统一考试辅导教材《审计》,,标注为所属知识节的阅读范围，不是逐题精确页码。,逐节扩充题,audit-full-18-02-001
AUD-00279,审计,特殊事项,第18章 其他特殊项目的审计,第二节 关联方的审计,非正常关联交易,基础理解与应用,简答应用,重大关联方交易超出正常经营范围，应重点评价什么？,,,,,商业理由、授权批准、会计处理和披露等。,交易形式可能掩盖融资、利益输送或舞弊。,462—469,473—480,2026年注册会计师全国统一考试辅导教材《审计》,,标注为所属知识节的阅读范围，不是逐题精确页码。,逐节扩充题,audit-full-18-02-002
AUD-00280,审计,特殊事项,第18章 其他特殊项目的审计,第二节 关联方的审计,公平交易声明,基础理解与应用,简答应用,管理层声称关联交易“与独立交易相同”，是否可不取得支持证据？,,,,,不能。,这种披露需要充分适当证据支持。,462—469,473—480,2026年注册会计师全国统一考试辅导教材《审计》,,标注为所属知识节的阅读范围，不是逐题精确页码。,逐节扩充题,audit-full-18-02-003
AUD-00281,审计,特殊事项,第18章 其他特殊项目的审计,第三节 考虑持续经营假设,持续经营评估,基础理解与应用,简答应用,管理层与注册会计师对持续经营分别做什么？,,,,,管理层评估并编报披露；注册会计师评价相关基础及重大不确定性。,审计不能保证企业未来必然持续经营。,470—477,481—488,2026年注册会计师全国统一考试辅导教材《审计》,,标注为所属知识节的阅读范围，不是逐题精确页码。,逐节扩充题,audit-full-18-03-001
AUD-00282,审计,特殊事项,第18章 其他特殊项目的审计,第三节 考虑持续经营假设,重大不确定性披露充分,基础理解与应用,简答应用,持续经营基础适当、存在重大不确定性且披露充分，通常如何报告？,,,,,发表无保留意见，并增加与持续经营相关的重大不确定性部分。,不是简单用强调事项段替代。,470—477,481—488,2026年注册会计师全国统一考试辅导教材《审计》,,标注为所属知识节的阅读范围，不是逐题精确页码。,逐节扩充题,audit-full-18-03-002
AUD-00283,审计,特殊事项,第18章 其他特殊项目的审计,第三节 考虑持续经营假设,持续经营基础不适当,基础理解与应用,简答应用,管理层仍采用不适当的持续经营基础编报，应发表何种意见？,,,,,否定意见。,问题涉及财务报表编制基础不适当。,470—477,481—488,2026年注册会计师全国统一考试辅导教材《审计》,,标注为所属知识节的阅读范围，不是逐题精确页码。,逐节扩充题,audit-full-18-03-003
AUD-00284,审计,特殊事项,第18章 其他特殊项目的审计,第四节 首次接受委托时对期初余额的审计,期初余额目标,基础理解与应用,简答应用,首次审计为何需要对期初余额实施程序？,,,,,判断是否含有重大影响本期报表的错报，以及会计政策是否恰当一贯应用。,前期不是本期审计对象并不意味着期初可忽略。,478—484,489—495,2026年注册会计师全国统一考试辅导教材《审计》,,标注为所属知识节的阅读范围，不是逐题精确页码。,逐节扩充题,audit-full-18-04-001
AUD-00285,审计,特殊事项,第18章 其他特殊项目的审计,第四节 首次接受委托时对期初余额的审计,期初余额证据,基础理解与应用,简答应用,前任出具无保留意见，能否完全替代后任对期初余额的工作？,,,,,不能。,应结合查阅底稿及本期程序等取得自己的证据。,478—484,489—495,2026年注册会计师全国统一考试辅导教材《审计》,,标注为所属知识节的阅读范围，不是逐题精确页码。,逐节扩充题,audit-full-18-04-002
AUD-00286,审计,特殊事项,第18章 其他特殊项目的审计,第四节 首次接受委托时对期初余额的审计,期初范围限制,基础理解与应用,简答应用,无法取得期初存货证据且可能重大影响本期损益，应考虑什么？,,,,,可能的范围限制及非无保留意见。,需按影响项目、重大性和广泛性判断。,478—484,489—495,2026年注册会计师全国统一考试辅导教材《审计》,,标注为所属知识节的阅读范围，不是逐题精确页码。,逐节扩充题,audit-full-18-04-003
AUD-00287,审计,完成审计与报告,第19章 完成审计工作,第一节 完成审计工作概述,完成审计工作,零基础,单选,各账户测试做完后，能否不汇总评价就直接发报告？,只需客户签收,可以,不能，还需综合评价审计结果,只需换封面,C,完成阶段需要汇总测试结果、复核并考虑重大事项等。,485—487,496—498,2026年注册会计师全国统一考试辅导教材《审计》,,,原有起步题,audit-19-01
AUD-00288,审计,完成审计与报告,第19章 完成审计工作,第一节 完成审计工作概述,矛盾信息,零基础,单选,存在与最终结论相矛盾的信息时，应如何处理？,忽略不利信息,只保留支持结论的信息,纳入综合评价,把信息直接删除,C,相矛盾或不一致的信息属于完成阶段需要考虑的重要事项。,485—487,496—498,2026年注册会计师全国统一考试辅导教材《审计》,,,原有起步题,audit-19-02
AUD-00289,审计,完成审计与报告,第19章 完成审计工作,第一节 完成审计工作概述,完成阶段工作,零基础,多选,哪些属于教材介绍的相关工作？,复核底稿和财务报表,关注期后事项,只看已收审计费金额,评价发现的错报,A、B、D,完成阶段是综合评价，不是单纯整理文件或收费。,485—487,496—498,2026年注册会计师全国统一考试辅导教材《审计》,,,原有起步题,audit-19-03
AUD-00290,审计,完成审计与报告,第19章 完成审计工作,第一节 完成审计工作概述,整体评价,零基础,简答应用,两个项目组成员分别完成应收款和收入测试，为什么还需汇总结果？,,,,,各项目结果可能相互影响，必须结合整体报表和重大事项形成结论。,单项测试完成不等于整体审计结论已充分形成。,485—487,496—498,2026年注册会计师全国统一考试辅导教材《审计》,,,原有起步题,audit-19-04
AUD-00291,审计,完成审计与报告,第19章 完成审计工作,第一节 完成审计工作概述,错报累计,基础理解与应用,简答应用,除明显微小错报外，发现错报是否应累计？,,,,,应当。,累计便于管理层更正及最终评价。,485—490,496—501,2026年注册会计师全国统一考试辅导教材《审计》,,标注为所属知识节的阅读范围，不是逐题精确页码。,逐节扩充题,audit-full-19-01-001
AUD-00292,审计,完成审计与报告,第19章 完成审计工作,第一节 完成审计工作概述,未更正错报,基础理解与应用,简答应用,评价未更正错报时只看合计金额是否小于重要性就够吗？,,,,,不够。,还应考虑性质、具体情境和以前期间错报影响。,485—490,496—501,2026年注册会计师全国统一考试辅导教材《审计》,,标注为所属知识节的阅读范围，不是逐题精确页码。,逐节扩充题,audit-full-19-01-002
AUD-00293,审计,完成审计与报告,第19章 完成审计工作,第一节 完成审计工作概述,最终分析程序,基础理解与应用,简答应用,临近结束实施分析程序，主要目的是什么？,,,,,帮助形成财务报表是否与对企业的了解一致的总体结论。,可能揭示未识别风险并促使追加程序。,485—490,496—501,2026年注册会计师全国统一考试辅导教材《审计》,,标注为所属知识节的阅读范围，不是逐题精确页码。,逐节扩充题,audit-full-19-01-003
AUD-00294,审计,完成审计与报告,第19章 完成审计工作,第二节 期后事项,期后事项期间,基础理解与应用,简答应用,报表日至审计报告日之间，审计人员是否有主动实施程序识别期后事项的责任？,,,,,有。,须识别需要调整或披露的事项。,491—496,502—507,2026年注册会计师全国统一考试辅导教材《审计》,,标注为所属知识节的阅读范围，不是逐题精确页码。,逐节扩充题,audit-full-19-02-001
AUD-00295,审计,完成审计与报告,第19章 完成审计工作,第二节 期后事项,报告日后知悉事实,基础理解与应用,简答应用,审计报告日后知悉可能使原报告改变的事实，是否一概无需行动？,,,,,不是。,应与管理层讨论，判断是否需修改报表及报告并采取相应措施。,491—496,502—507,2026年注册会计师全国统一考试辅导教材《审计》,,标注为所属知识节的阅读范围，不是逐题精确页码。,逐节扩充题,audit-full-19-02-002
AUD-00296,审计,完成审计与报告,第19章 完成审计工作,第二节 期后事项,调整与非调整事项,基础理解与应用,简答应用,期后发现年末已存在状况，与期后新出现状况，处理是否相同？,,,,,不同。,前者可能需调整，后者通常考虑披露，须按编制基础判断。,491—496,502—507,2026年注册会计师全国统一考试辅导教材《审计》,,标注为所属知识节的阅读范围，不是逐题精确页码。,逐节扩充题,audit-full-19-02-003
AUD-00297,审计,完成审计与报告,第19章 完成审计工作,第三节 书面声明,书面声明作用,基础理解与应用,简答应用,管理层书面声明能否替代本可取得的其他审计证据？,,,,,不能。,声明是必要证据之一，但单独不足以支持相关事项。,497—501,508—512,2026年注册会计师全国统一考试辅导教材《审计》,,标注为所属知识节的阅读范围，不是逐题精确页码。,逐节扩充题,audit-full-19-03-001
AUD-00298,审计,完成审计与报告,第19章 完成审计工作,第三节 书面声明,声明日期,基础理解与应用,简答应用,书面声明日期通常应与审计报告日有什么关系？,,,,,尽量接近审计报告日，但不得晚于该日。,声明应覆盖所审计的报表期间和事项。,497—501,508—512,2026年注册会计师全国统一考试辅导教材《审计》,,标注为所属知识节的阅读范围，不是逐题精确页码。,逐节扩充题,audit-full-19-03-002
AUD-00299,审计,完成审计与报告,第19章 完成审计工作,第三节 书面声明,拒绝核心声明,基础理解与应用,简答应用,管理层拒绝提供关于履行编报责任及提供全部信息等必要声明，通常会导致什么意见？,,,,,无法表示意见。,涉及关键证据缺失并可能影响管理层诚信评价。,497—501,508—512,2026年注册会计师全国统一考试辅导教材《审计》,,标注为所属知识节的阅读范围，不是逐题精确页码。,逐节扩充题,audit-full-19-03-003
AUD-00300,审计,完成审计与报告,第20章 审计报告,第一节 审计报告概述,报告形式,零基础,单选,审计报告应采用什么形式？,仅口头承诺,书面形式,仅私人聊天,无需形成记录,B,审计报告是注册会计师对财务报表发表审计意见的书面文件。,502—504,513—515,2026年注册会计师全国统一考试辅导教材《审计》,,,原有起步题,audit-20-01
AUD-00301,审计,完成审计与报告,第20章 审计报告,第一节 审计报告概述,出具基础,零基础,单选,注册会计师应在什么基础上出具审计报告？,只依据客户愿望,只依据收费高低,只依据企业广告,执行审计工作并据证据形成结论,D,意见需要实际工作和审计证据支撑，不能只凭客户要求。,502—504,513—515,2026年注册会计师全国统一考试辅导教材《审计》,,,原有起步题,audit-20-02
AUD-00302,审计,完成审计与报告,第20章 审计报告,第一节 审计报告概述,报告基本认识,零基础,多选,哪些表述符合教材？,应清楚表达审计意见,不需要实施审计程序,报告传达对财务报表的意见,签名盖章表明对出具的报告负责,A、C、D,审计报告是审计工作的最终产品，不能脱离审计工作。,502—504,513—515,2026年注册会计师全国统一考试辅导教材《审计》,,,原有起步题,audit-20-03
AUD-00303,审计,完成审计与报告,第20章 审计报告,第一节 审计报告概述,报告与报表,零基础,简答应用,为什么审计报告应与其所针对的已审计财务报表相联系？,,,,,便于使用者明确意见针对的报表，并防止报表被替换或更改后造成误解。,审计意见有明确对象，不能脱离对应财务报表任意使用。,502—504,513—515,2026年注册会计师全国统一考试辅导教材《审计》,,,原有起步题,audit-20-04
AUD-00304,审计,完成审计与报告,第20章 审计报告,第一节 审计报告概述,审计报告作用,基础理解与应用,简答应用,无保留意见是否是对公司投资价值或未来盈利的保证？,,,,,不是。,意见针对财务报表是否按适用基础在所有重大方面编制。,502,513,2026年注册会计师全国统一考试辅导教材《审计》,,标注为所属知识节的阅读范围，不是逐题精确页码。,逐节扩充题,audit-full-20-01-001
AUD-00305,审计,完成审计与报告,第20章 审计报告,第一节 审计报告概述,报告使用者,基础理解与应用,简答应用,审计报告应否清楚识别所审计报表及相关期间？,,,,,应当。,避免使用者误解意见涵盖范围。,502,513,2026年注册会计师全国统一考试辅导教材《审计》,,标注为所属知识节的阅读范围，不是逐题精确页码。,逐节扩充题,audit-full-20-01-002
AUD-00306,审计,完成审计与报告,第20章 审计报告,第二节 审计意见的形成,意见形成,基础理解与应用,简答应用,形成意见前，是否需评价证据充分适当及未更正错报的影响？,,,,,需要。,还应评价会计政策、估计、披露和整体列报等。,503—505,514—516,2026年注册会计师全国统一考试辅导教材《审计》,,标注为所属知识节的阅读范围，不是逐题精确页码。,逐节扩充题,audit-full-20-02-001
AUD-00307,审计,完成审计与报告,第20章 审计报告,第二节 审计意见的形成,公允列报,基础理解与应用,简答应用,报表逐项遵循具体条款，是否就无需考虑整体公允列报？,,,,,不是。,在公允列报框架下还需作整体评价。,503—505,514—516,2026年注册会计师全国统一考试辅导教材《审计》,,标注为所属知识节的阅读范围，不是逐题精确页码。,逐节扩充题,audit-full-20-02-002
AUD-00308,审计,完成审计与报告,第20章 审计报告,第三节 审计报告的基本内容,报告基本结构,基础理解与应用,简答应用,标准审计报告是否只包括一句“无保留意见”？,,,,,不是。,还包括形成意见的基础、相关责任、签署和报告日等必要内容。,506—512,517—523,2026年注册会计师全国统一考试辅导教材《审计》,,标注为所属知识节的阅读范围，不是逐题精确页码。,逐节扩充题,audit-full-20-03-001
AUD-00309,审计,完成审计与报告,第20章 审计报告,第三节 审计报告的基本内容,审计报告日,基础理解与应用,简答应用,报告日可否早于获取充分适当证据及有权人员认可财务报表的日期？,,,,,不可以。,日期体现审计责任和证据获取的时间界限。,506—512,517—523,2026年注册会计师全国统一考试辅导教材《审计》,,标注为所属知识节的阅读范围，不是逐题精确页码。,逐节扩充题,audit-full-20-03-002
AUD-00310,审计,完成审计与报告,第20章 审计报告,第四节 在审计报告中沟通关键审计事项,关键审计事项选择,基础理解与应用,简答应用,关键审计事项从什么事项中选取？,,,,,从与治理层沟通过且审计中重点关注的事项中，确定对本期审计最为重要的事项。,不是把所有重大科目机械列为关键事项。,513—520,524—531,2026年注册会计师全国统一考试辅导教材《审计》,,标注为所属知识节的阅读范围，不是逐题精确页码。,逐节扩充题,audit-full-20-04-001
AUD-00311,审计,完成审计与报告,第20章 审计报告,第四节 在审计报告中沟通关键审计事项,关键审计事项替代限制,基础理解与应用,简答应用,关键审计事项段能否代替应发表的保留或否定意见？,,,,,不能。,也不能替代管理层应有披露或持续经营专门报告要求。,513—520,524—531,2026年注册会计师全国统一考试辅导教材《审计》,,标注为所属知识节的阅读范围，不是逐题精确页码。,逐节扩充题,audit-full-20-04-002
AUD-00312,审计,完成审计与报告,第20章 审计报告,第四节 在审计报告中沟通关键审计事项,关键审计事项内容,基础理解与应用,简答应用,描述关键审计事项通常需说明什么？,,,,,为何重要、审计如何应对，并索引相关披露（如有）。,不是对单个事项单独发表审计意见。,513—520,524—531,2026年注册会计师全国统一考试辅导教材《审计》,,标注为所属知识节的阅读范围，不是逐题精确页码。,逐节扩充题,audit-full-20-04-003
AUD-00313,审计,完成审计与报告,第20章 审计报告,第五节 非无保留意见审计报告,错报意见矩阵,基础理解与应用,简答应用,已取得证据且存在重大错报：影响不广泛与广泛，分别发表什么意见？,,,,,不广泛为保留意见；广泛为否定意见。,关键是已确认错报及其影响范围。,521—534,532—545,2026年注册会计师全国统一考试辅导教材《审计》,,标注为所属知识节的阅读范围，不是逐题精确页码。,逐节扩充题,audit-full-20-05-001
AUD-00314,审计,完成审计与报告,第20章 审计报告,第五节 非无保留意见审计报告,范围限制意见矩阵,基础理解与应用,简答应用,无法取得证据：可能影响重大但不广泛与重大且广泛，分别发表什么意见？,,,,,前者保留意见；后者无法表示意见。,范围限制与已知错报对应不同意见类型。,521—534,532—545,2026年注册会计师全国统一考试辅导教材《审计》,,标注为所属知识节的阅读范围，不是逐题精确页码。,逐节扩充题,audit-full-20-05-002
AUD-00315,审计,完成审计与报告,第20章 审计报告,第五节 非无保留意见审计报告,广泛性,基础理解与应用,简答应用,“广泛”是否仅指错报金额特别大？,,,,,不是。,还涉及影响不限于特定项目、虽局限但占重大部分，或披露对理解报表至关重要等。,521—534,532—545,2026年注册会计师全国统一考试辅导教材《审计》,,标注为所属知识节的阅读范围，不是逐题精确页码。,逐节扩充题,audit-full-20-05-003
AUD-00316,审计,完成审计与报告,第20章 审计报告,第六节 在审计报告中增加强调事项段和其他事项段,强调事项段,基础理解与应用,简答应用,已在报表恰当列报披露且对理解报表至关重要的事项，可如何提醒使用者？,,,,,符合条件时增加强调事项段。,强调事项不改变意见，也不替代应有非无保留意见。,535—539,546—550,2026年注册会计师全国统一考试辅导教材《审计》,,标注为所属知识节的阅读范围，不是逐题精确页码。,逐节扩充题,audit-full-20-06-001
AUD-00317,审计,完成审计与报告,第20章 审计报告,第六节 在审计报告中增加强调事项段和其他事项段,其他事项段,基础理解与应用,简答应用,强调事项段与其他事项段的对象有何不同？,,,,,前者涉及报表已列报披露事项；后者涉及报表之外但与理解审计、审计责任或报告有关的事项。,应遵守准则的适用条件。,535—539,546—550,2026年注册会计师全国统一考试辅导教材《审计》,,标注为所属知识节的阅读范围，不是逐题精确页码。,逐节扩充题,audit-full-20-06-002
AUD-00318,审计,完成审计与报告,第20章 审计报告,第七节 比较信息,对应数据与比较报表,基础理解与应用,简答应用,对应数据与比较财务报表的报告方式是否完全一样？,,,,,不同。,意见涵盖期间及对前期事项的处理有不同要求。,540—552,551—563,2026年注册会计师全国统一考试辅导教材《审计》,,标注为所属知识节的阅读范围，不是逐题精确页码。,逐节扩充题,audit-full-20-07-001
AUD-00319,审计,完成审计与报告,第20章 审计报告,第七节 比较信息,前期非无保留意见,基础理解与应用,简答应用,前期问题本期仍未解决且影响重大，应否考虑本期报告影响？,,,,,应当。,不能因为问题始于以前年度就忽略。,540—552,551—563,2026年注册会计师全国统一考试辅导教材《审计》,,标注为所属知识节的阅读范围，不是逐题精确页码。,逐节扩充题,audit-full-20-07-002
AUD-00320,审计,完成审计与报告,第20章 审计报告,第七节 比较信息,前任审计报告,基础理解与应用,简答应用,比较信息由前任审计时，后任是否可直接把前任意见写成自己的意见？,,,,,不可以。,应按比较信息准则处理说明及相关责任。,540—552,551—563,2026年注册会计师全国统一考试辅导教材《审计》,,标注为所属知识节的阅读范围，不是逐题精确页码。,逐节扩充题,audit-full-20-07-003
AUD-00321,审计,完成审计与报告,第20章 审计报告,第八节 注册会计师对其他信息的责任,其他信息责任,基础理解与应用,简答应用,年报中经营讨论属于其他信息时，注册会计师是否必然对其提供与财报相同保证？,,,,,不是。,通常负有阅读并考虑重大不一致或重大错报等责任。,553—558,564—569,2026年注册会计师全国统一考试辅导教材《审计》,,标注为所属知识节的阅读范围，不是逐题精确页码。,逐节扩充题,audit-full-20-08-001
AUD-00322,审计,完成审计与报告,第20章 审计报告,第八节 注册会计师对其他信息的责任,其他信息矛盾,基础理解与应用,简答应用,其他信息与经审计报表重大矛盾，能否不调查就忽略？,,,,,不能。,应调查、沟通并依规定要求更正或作相应报告。,553—558,564—569,2026年注册会计师全国统一考试辅导教材《审计》,,标注为所属知识节的阅读范围，不是逐题精确页码。,逐节扩充题,audit-full-20-08-002
AUD-00323,审计,完成审计与报告,第21章 审计工作底稿,第一节 审计工作底稿概述,工作底稿,零基础,单选,下列哪项最符合审计工作底稿的含义？,只有客户宣传册,只有审计收费单,企业全部私人资料,审计计划、程序、证据和结论的记录,D,底稿反映整个审计过程，是审计证据的载体。,559—561,570—572,2026年注册会计师全国统一考试辅导教材《审计》,,,原有起步题,audit-21-01
AUD-00324,审计,完成审计与报告,第21章 审计工作底稿,第一节 审计工作底稿概述,编制时点,零基础,单选,工作底稿应如何编制？,发生诉讼后才凭记忆补写,只在客户要求时写,尽量不留记录,及时编制,D,及时记录有助于准确反映工作并支持复核与结论。,559—561,570—572,2026年注册会计师全国统一考试辅导教材《审计》,,,原有起步题,audit-21-02
AUD-00325,审计,完成审计与报告,第21章 审计工作底稿,第一节 审计工作底稿概述,底稿作用,零基础,多选,底稿可以用于哪些目的？,代替所有实际审计程序,支持审计结论,证明按规定计划和执行工作,方便质量复核和检查,B、C、D,记录能证明和支持工作，但写记录不能替代真正执行程序。,559—561,570—572,2026年注册会计师全国统一考试辅导教材《审计》,,,原有起步题,audit-21-03
AUD-00326,审计,完成审计与报告,第21章 审计工作底稿,第一节 审计工作底稿概述,记录价值,零基础,简答应用,审计人员只说“我检查过，没有问题”，为什么不如适当底稿充分？,,,,,仅口头表述难以展示检查了什么、取得何种证据及如何形成结论。,底稿应使工作过程与结论具有可理解、可复核的依据。,559—561,570—572,2026年注册会计师全国统一考试辅导教材《审计》,,,原有起步题,audit-21-04
AUD-00327,审计,完成审计与报告,第21章 审计工作底稿,第一节 审计工作底稿概述,底稿目的,基础理解与应用,简答应用,审计工作底稿只是为了向客户交差吗？,,,,,不是。,记录支持审计结论的依据，并证明依准则计划和执行了工作。,559—560,570—571,2026年注册会计师全国统一考试辅导教材《审计》,,标注为所属知识节的阅读范围，不是逐题精确页码。,逐节扩充题,audit-full-21-01-001
AUD-00328,审计,完成审计与报告,第21章 审计工作底稿,第一节 审计工作底稿概述,经验丰富审计人员标准,基础理解与应用,简答应用,底稿记录应使谁能够理解审计工作和判断？,,,,,此前未接触该项目的有经验审计人员。,应能理解程序、结果、证据及重大事项判断。,559—560,570—571,2026年注册会计师全国统一考试辅导教材《审计》,,标注为所属知识节的阅读范围，不是逐题精确页码。,逐节扩充题,audit-full-21-01-002
AUD-00329,审计,完成审计与报告,第21章 审计工作底稿,第二节 审计工作底稿的格式、要素和范围,底稿识别要素,基础理解与应用,简答应用,抽查凭证时，只写“已检查若干笔”是否充分？,,,,,不充分。,应记录项目识别特征、执行及复核人员和日期等。,561—566,572—577,2026年注册会计师全国统一考试辅导教材《审计》,,标注为所属知识节的阅读范围，不是逐题精确页码。,逐节扩充题,audit-full-21-02-001
AUD-00330,审计,完成审计与报告,第21章 审计工作底稿,第二节 审计工作底稿的格式、要素和范围,重大判断记录,基础理解与应用,简答应用,口头解释能否单独替代重大判断的适当书面记录？,,,,,不能。,口头说明可解释底稿，不能弥补本应记录的证据缺失。,561—566,572—577,2026年注册会计师全国统一考试辅导教材《审计》,,标注为所属知识节的阅读范围，不是逐题精确页码。,逐节扩充题,audit-full-21-02-002
AUD-00331,审计,完成审计与报告,第21章 审计工作底稿,第三节 审计工作底稿的归档,归档期限,基础理解与应用,简答应用,财务报表审计最终档案通常应在审计报告日后多长时间内完成归档？,,,,,60天内。,归档是行政整理过程，不是补做应在报告日前完成的取证。,567—572,578—583,2026年注册会计师全国统一考试辅导教材《审计》,,标注为所属知识节的阅读范围，不是逐题精确页码。,逐节扩充题,audit-full-21-03-001
AUD-00332,审计,完成审计与报告,第21章 审计工作底稿,第三节 审计工作底稿的归档,保存期限,基础理解与应用,简答应用,审计工作底稿通常至少保存多久？,,,,,自审计报告日起至少10年；未完成业务按中止日等适用规定计算。,如法律法规要求更长，应遵守更长要求。,567—572,578—583,2026年注册会计师全国统一考试辅导教材《审计》,,标注为所属知识节的阅读范围，不是逐题精确页码。,逐节扩充题,audit-full-21-03-002
AUD-00333,审计,完成审计与报告,第21章 审计工作底稿,第三节 审计工作底稿的归档,归档后修改,基础理解与应用,简答应用,归档后因必要原因修改底稿，能否无痕覆盖原记录？,,,,,不能。,应记录修改原因、时间、人员及复核等信息。,567—572,578—583,2026年注册会计师全国统一考试辅导教材《审计》,,标注为所属知识节的阅读范围，不是逐题精确页码。,逐节扩充题,audit-full-21-03-003
AUD-00334,审计,内控与可持续信息鉴证,第22章 企业内部控制审计,第一节 内部控制审计的概念,内部控制参与者,零基础,单选,内部控制是否只是财务部门一人的工作？,只属于外部客户,只属于注册会计师,是,不是，涉及治理层、管理层和全体员工,D,内部控制是多层人员共同实施的过程，不能只归到一个岗位。,573—575,584—586,2026年注册会计师全国统一考试辅导教材《审计》,,,原有起步题,audit-22-01
AUD-00335,审计,内控与可持续信息鉴证,第22章 企业内部控制审计,第一节 内部控制审计的概念,控制目标,零基础,单选,判断是否属于财务报告内部控制，关键看与什么目标相关？,员工通勤距离,办公室大小,产品广告时长,财务报告可靠性,D,财务报告内部控制围绕财务报告及相关信息真实、完整等目标。,573—575,584—586,2026年注册会计师全国统一考试辅导教材《审计》,,,原有起步题,audit-22-02
AUD-00336,审计,内控与可持续信息鉴证,第22章 企业内部控制审计,第一节 内部控制审计的概念,内部控制目标,零基础,多选,内部控制的目标包括哪些？,合理保证资产安全,合理保证经营合法合规,提高经营效率和效果,保证所有经营结果绝对成功,A、B、C,内部控制提供合理保证，不能消除所有不确定性。,573—575,584—586,2026年注册会计师全国统一考试辅导教材《审计》,,,原有起步题,audit-22-03
AUD-00337,审计,内控与可持续信息鉴证,第22章 企业内部控制审计,第一节 内部控制审计的概念,授权控制,零基础,简答应用,企业要求重要资金支出经过适当授权，这与财务报告内部控制可能有什么联系？,,,,,有助于合理保证支出经授权，并防止或发现影响财务报表的未经授权事项。,是否归入财务报告内部控制，应结合其控制目标和对报表可靠性的影响判断。,573—575,584—586,2026年注册会计师全国统一考试辅导教材《审计》,,,原有起步题,audit-22-04
AUD-00338,审计,内控与可持续信息鉴证,第22章 企业内部控制审计,第一节 内部控制审计的概念,内部控制审计对象,基础理解与应用,简答应用,内部控制审计意见通常针对企业哪一方面、哪一时点的有效性？,,,,,特定基准日财务报告内部控制的有效性。,应区分财报内控与非财报内控。,573—575,584—586,2026年注册会计师全国统一考试辅导教材《审计》,,标注为所属知识节的阅读范围，不是逐题精确页码。,逐节扩充题,audit-full-22-01-001
AUD-00339,审计,内控与可持续信息鉴证,第22章 企业内部控制审计,第一节 内部控制审计的概念,整合审计,基础理解与应用,简答应用,整合审计中，财务报表审计与内部控制审计目标是否相同？,,,,,不同但相互关联。,程序可以协调，仍须分别满足各自证据和报告要求。,573—575,584—586,2026年注册会计师全国统一考试辅导教材《审计》,,标注为所属知识节的阅读范围，不是逐题精确页码。,逐节扩充题,audit-full-22-01-002
AUD-00340,审计,内控与可持续信息鉴证,第22章 企业内部控制审计,第二节 计划内部控制审计工作,内控审计计划,基础理解与应用,简答应用,内部控制审计是否无需考虑企业规模、复杂程度和风险？,,,,,需要考虑。,这些因素影响重点、资源和测试安排。,576—578,587—589,2026年注册会计师全国统一考试辅导教材《审计》,,标注为所属知识节的阅读范围，不是逐题精确页码。,逐节扩充题,audit-full-22-02-001
AUD-00341,审计,内控与可持续信息鉴证,第22章 企业内部控制审计,第二节 计划内部控制审计工作,舞弊风险与计划,基础理解与应用,简答应用,管理层舞弊风险为何影响内控审计计划？,,,,,可能削弱控制环境并影响多个控制有效性。,应关注凌驾控制及相关反舞弊控制。,576—578,587—589,2026年注册会计师全国统一考试辅导教材《审计》,,标注为所属知识节的阅读范围，不是逐题精确页码。,逐节扩充题,audit-full-22-02-002
AUD-00342,审计,内控与可持续信息鉴证,第22章 企业内部控制审计,第三节 自上而下的方法,自上而下方法,基础理解与应用,简答应用,自上而下的内控审计思路通常从哪里开始？,,,,,从财务报表层次及企业层面控制出发，识别重要账户披露和相关认定，再选择控制测试。,不意味着所有基层控制均可省略。,579—583,590—594,2026年注册会计师全国统一考试辅导教材《审计》,,标注为所属知识节的阅读范围，不是逐题精确页码。,逐节扩充题,audit-full-22-03-001
AUD-00343,审计,内控与可持续信息鉴证,第22章 企业内部控制审计,第三节 自上而下的方法,控制选择,基础理解与应用,简答应用,流程中所有控制是否都必须逐一测试？,,,,,不是。,选择足以应对相关认定重大错报风险的关键控制。,579—583,590—594,2026年注册会计师全国统一考试辅导教材《审计》,,标注为所属知识节的阅读范围，不是逐题精确页码。,逐节扩充题,audit-full-22-03-002
AUD-00344,审计,内控与可持续信息鉴证,第22章 企业内部控制审计,第四节 测试控制的有效性,设计与运行有效,基础理解与应用,简答应用,控制设计合理但从未执行，能否认定内控有效？,,,,,不能。,须同时考虑设计有效性和运行有效性。,584—591,595—602,2026年注册会计师全国统一考试辅导教材《审计》,,标注为所属知识节的阅读范围，不是逐题精确页码。,逐节扩充题,audit-full-22-04-001
AUD-00345,审计,内控与可持续信息鉴证,第22章 企业内部控制审计,第四节 测试控制的有效性,控制测试性质,基础理解与应用,简答应用,仅凭管理层声明控制全年有效是否足够？,,,,,不够。,应取得询问以外的适当证据。,584—591,595—602,2026年注册会计师全国统一考试辅导教材《审计》,,标注为所属知识节的阅读范围，不是逐题精确页码。,逐节扩充题,audit-full-22-04-002
AUD-00346,审计,内控与可持续信息鉴证,第22章 企业内部控制审计,第四节 测试控制的有效性,整改后测试,基础理解与应用,简答应用,企业在基准日前整改缺陷，能否不测试整改后的控制就认定问题解决？,,,,,不能。,需充分运行期间及相应证据支持整改有效性。,584—591,595—602,2026年注册会计师全国统一考试辅导教材《审计》,,标注为所属知识节的阅读范围，不是逐题精确页码。,逐节扩充题,audit-full-22-04-003
AUD-00347,审计,内控与可持续信息鉴证,第22章 企业内部控制审计,第五节 企业层面控制的测试,企业层面控制,基础理解与应用,简答应用,董事会监督、反舞弊机制等为何可能影响多个流程？,,,,,企业层面控制对整体控制环境和风险应对具有广泛影响。,应评价其精确度及对具体风险的作用。,592—601,603—612,2026年注册会计师全国统一考试辅导教材《审计》,,标注为所属知识节的阅读范围，不是逐题精确页码。,逐节扩充题,audit-full-22-05-001
AUD-00348,审计,内控与可持续信息鉴证,第22章 企业内部控制审计,第五节 企业层面控制的测试,管理层监督控制,基础理解与应用,简答应用,只看到管理层收到报表，能否证明其实施了有效监督？,,,,,不能。,需证据表明分析、调查和纠正措施实际执行。,592—601,603—612,2026年注册会计师全国统一考试辅导教材《审计》,,标注为所属知识节的阅读范围，不是逐题精确页码。,逐节扩充题,audit-full-22-05-002
AUD-00349,审计,内控与可持续信息鉴证,第22章 企业内部控制审计,第六节 业务流程、应用系统或交易层面的控制的测试,业务流程控制,基础理解与应用,简答应用,销售控制测试是否只关注是否有流程图？,,,,,不是。,要验证控制是否针对相关风险、是否执行并持续有效。,602—612,613—623,2026年注册会计师全国统一考试辅导教材《审计》,,标注为所属知识节的阅读范围，不是逐题精确页码。,逐节扩充题,audit-full-22-06-001
AUD-00350,审计,内控与可持续信息鉴证,第22章 企业内部控制审计,第六节 业务流程、应用系统或交易层面的控制的测试,自动与人工依赖,基础理解与应用,简答应用,人工复核依赖系统计算结果，应如何考虑证据？,,,,,同时评价人工复核的精确度及系统信息完整准确性。,某一环节有效不能自动保证整条控制有效。,602—612,613—623,2026年注册会计师全国统一考试辅导教材《审计》,,标注为所属知识节的阅读范围，不是逐题精确页码。,逐节扩充题,audit-full-22-06-002
AUD-00351,审计,内控与可持续信息鉴证,第22章 企业内部控制审计,第七节 信息技术控制的测试,信息技术内控测试,基础理解与应用,简答应用,程序变更未经测试直接上线，会影响什么？,,,,,应用处理准确性和自动化控制可靠性。,应测试变更授权、测试、批准及迁移控制。,613—615,624—626,2026年注册会计师全国统一考试辅导教材《审计》,,标注为所属知识节的阅读范围，不是逐题精确页码。,逐节扩充题,audit-full-22-07-001
AUD-00352,审计,内控与可持续信息鉴证,第22章 企业内部控制审计,第七节 信息技术控制的测试,权限定期复核,基础理解与应用,简答应用,员工离职后账号仍能修改财务数据，提示何种缺陷？,,,,,访问权限撤销及定期复核控制缺陷。,需结合潜在影响评价严重程度。,613—615,624—626,2026年注册会计师全国统一考试辅导教材《审计》,,标注为所属知识节的阅读范围，不是逐题精确页码。,逐节扩充题,audit-full-22-07-002
AUD-00353,审计,内控与可持续信息鉴证,第22章 企业内部控制审计,第八节 内部控制缺陷评价,缺陷严重程度,基础理解与应用,简答应用,内控缺陷分类只按已发生损失金额确定吗？,,,,,不是。,应考虑导致错报的可能性及潜在错报金额等。,616—620,627—631,2026年注册会计师全国统一考试辅导教材《审计》,,标注为所属知识节的阅读范围，不是逐题精确页码。,逐节扩充题,audit-full-22-08-001
AUD-00354,审计,内控与可持续信息鉴证,第22章 企业内部控制审计,第八节 内部控制缺陷评价,重大缺陷,基础理解与应用,简答应用,存在一项或多项重大缺陷时，能否认定财务报告内控在所有重大方面有效？,,,,,不能。,重大缺陷影响内控有效性结论。,616—620,627—631,2026年注册会计师全国统一考试辅导教材《审计》,,标注为所属知识节的阅读范围，不是逐题精确页码。,逐节扩充题,audit-full-22-08-002
AUD-00355,审计,内控与可持续信息鉴证,第22章 企业内部控制审计,第八节 内部控制缺陷评价,补偿性控制,基础理解与应用,简答应用,发现控制缺陷后，能否完全忽略其他可能降低风险的补偿性控制？,,,,,不能。,应评价补偿性控制设计、运行及精确度。,616—620,627—631,2026年注册会计师全国统一考试辅导教材《审计》,,标注为所属知识节的阅读范围，不是逐题精确页码。,逐节扩充题,audit-full-22-08-003
AUD-00356,审计,内控与可持续信息鉴证,第22章 企业内部控制审计,第九节 完成内部控制审计工作,缺陷沟通,基础理解与应用,简答应用,发现重大内控缺陷，应否及时向适当管理层和治理层沟通？,,,,,应当。,沟通应符合内容、形式和时间要求。,621—622,632—633,2026年注册会计师全国统一考试辅导教材《审计》,,标注为所属知识节的阅读范围，不是逐题精确页码。,逐节扩充题,audit-full-22-09-001
AUD-00357,审计,内控与可持续信息鉴证,第22章 企业内部控制审计,第九节 完成内部控制审计工作,内控书面声明,基础理解与应用,简答应用,管理层关于内控责任的书面声明，是否能替代控制测试？,,,,,不能。,声明与测试证据承担不同作用。,621—622,632—633,2026年注册会计师全国统一考试辅导教材《审计》,,标注为所属知识节的阅读范围，不是逐题精确页码。,逐节扩充题,audit-full-22-09-002
AUD-00358,审计,内控与可持续信息鉴证,第22章 企业内部控制审计,第十节 出具内部控制审计报告,重大缺陷意见,基础理解与应用,简答应用,财务报告内控存在重大缺陷，应发表什么内控审计意见？,,,,,否定意见。,不能因财务报表经调整后正确就改为内控无保留意见。,623—632,634—643,2026年注册会计师全国统一考试辅导教材《审计》,,标注为所属知识节的阅读范围，不是逐题精确页码。,逐节扩充题,audit-full-22-10-001
AUD-00359,审计,内控与可持续信息鉴证,第22章 企业内部控制审计,第十节 出具内部控制审计报告,内控范围限制,基础理解与应用,简答应用,无法取得支持内控有效性的充分适当证据，应考虑什么？,,,,,按准则考虑解除业务约定或出具无法表示意见的报告等。,不能在证据不足时出具无保留意见。,623—632,634—643,2026年注册会计师全国统一考试辅导教材《审计》,,标注为所属知识节的阅读范围，不是逐题精确页码。,逐节扩充题,audit-full-22-10-002
AUD-00360,审计,内控与可持续信息鉴证,第22章 企业内部控制审计,第十节 出具内部控制审计报告,非财报重大缺陷,基础理解与应用,简答应用,注意到非财务报告内控重大缺陷，是否等于直接修改财报内控意见？,,,,,不当然。,应按规定沟通并在报告中描述相关非财报内控重大缺陷。,623—632,634—643,2026年注册会计师全国统一考试辅导教材《审计》,,标注为所属知识节的阅读范围，不是逐题精确页码。,逐节扩充题,audit-full-22-10-003
AUD-00361,审计,内控与可持续信息鉴证,第23章 企业可持续信息鉴证,第一节 可持续信息鉴证业务概述,可持续信息,零基础,单选,ESG通常对应哪些维度？,只有环境一项,环境、社会和治理,现金、利润和股数,生产、库存和售价,B,教材介绍企业对外报告责任扩展至环境、社会和治理等多维信息。,633—635,644—646,2026年注册会计师全国统一考试辅导教材《审计》,,,原有起步题,audit-23-01
AUD-00362,审计,内控与可持续信息鉴证,第23章 企业可持续信息鉴证,第一节 可持续信息鉴证业务概述,鉴证目的,零基础,单选,可持续信息鉴证的重要目的是什么？,保证企业永不污染,增强使用者对相关信息的信任,取消披露标准,替代企业全部管理,B,鉴证针对按照标准编制的信息获取证据并提出意见，不保证一切行为和结果完美。,633—635,644—646,2026年注册会计师全国统一考试辅导教材《审计》,,,原有起步题,audit-23-02
AUD-00363,审计,内控与可持续信息鉴证,第23章 企业可持续信息鉴证,第一节 可持续信息鉴证业务概述,鉴证基本要求,零基础,多选,哪些符合教材介绍？,应得出意见并出具报告,仅鉴证部分信息时要确保范围不会误导,可无证据直接保证所有信息,需要充分、适当的鉴证证据,A、B、D,鉴证可以针对全部或部分可持续信息，但范围和结论不能误导。,633—635,644—646,2026年注册会计师全国统一考试辅导教材《审计》,,,原有起步题,audit-23-03
AUD-00364,审计,内控与可持续信息鉴证,第23章 企业可持续信息鉴证,第一节 可持续信息鉴证业务概述,部分信息鉴证,零基础,简答应用,报告只对企业一部分可持续信息进行鉴证，为什么应清楚界定范围？,,,,,避免使用者误以为全部可持续信息都经过鉴证。,鉴证结论的适用范围应与实际执行的工作相一致。,633—635,644—646,2026年注册会计师全国统一考试辅导教材《审计》,,,原有起步题,audit-23-04
AUD-00365,审计,内控与可持续信息鉴证,第23章 企业可持续信息鉴证,第一节 可持续信息鉴证业务概述,可持续信息对象,基础理解与应用,简答应用,可持续信息鉴证是否只限财务报表中的货币金额？,,,,,不是。,可涉及环境、社会、治理等相关信息，须明确范围和适用标准。,633—635,644—646,2026年注册会计师全国统一考试辅导教材《审计》,,标注为所属知识节的阅读范围，不是逐题精确页码。,逐节扩充题,audit-full-23-01-001
AUD-00366,审计,内控与可持续信息鉴证,第23章 企业可持续信息鉴证,第一节 可持续信息鉴证业务概述,保证程度选择,基础理解与应用,简答应用,可持续信息鉴证能否有合理保证与有限保证两类？,,,,,可以。,不同保证程度决定程序与结论表达。,633—635,644—646,2026年注册会计师全国统一考试辅导教材《审计》,,标注为所属知识节的阅读范围，不是逐题精确页码。,逐节扩充题,audit-full-23-01-002
AUD-00367,审计,内控与可持续信息鉴证,第23章 企业可持续信息鉴证,第二节 可持续信息鉴证业务的承接与保持,承接前提,基础理解与应用,简答应用,没有适当评价标准的可持续信息，是否可直接接受鉴证并保证结果？,,,,,不能直接这样做。,应评价对象适当性、标准适当性、证据可获得性及业务合理目的等前提。,636—638,647—649,2026年注册会计师全国统一考试辅导教材《审计》,,标注为所属知识节的阅读范围，不是逐题精确页码。,逐节扩充题,audit-full-23-02-001
AUD-00368,审计,内控与可持续信息鉴证,第23章 企业可持续信息鉴证,第二节 可持续信息鉴证业务的承接与保持,胜任能力与资源,基础理解与应用,简答应用,碳排放等专业领域鉴证，是否仅有一般财务知识就足够？,,,,,不一定。,应具备或取得相关能力和资源，必要时利用专家。,636—638,647—649,2026年注册会计师全国统一考试辅导教材《审计》,,标注为所属知识节的阅读范围，不是逐题精确页码。,逐节扩充题,audit-full-23-02-002
AUD-00369,审计,内控与可持续信息鉴证,第23章 企业可持续信息鉴证,第三节 计划鉴证工作,鉴证范围与边界,基础理解与应用,简答应用,可持续报告涉及哪些实体、期间和指标，是否需要在计划阶段明确？,,,,,需要。,范围及边界影响程序、证据和结论。,639—641,650—652,2026年注册会计师全国统一考试辅导教材《审计》,,标注为所属知识节的阅读范围，不是逐题精确页码。,逐节扩充题,audit-full-23-03-001
AUD-00370,审计,内控与可持续信息鉴证,第23章 企业可持续信息鉴证,第三节 计划鉴证工作,定量与定性重要性,基础理解与应用,简答应用,可持续信息重要性是否只能按一个财务金额比例计算？,,,,,不是。,还需考虑指标性质、定性信息及预期使用者决策。,639—641,650—652,2026年注册会计师全国统一考试辅导教材《审计》,,标注为所属知识节的阅读范围，不是逐题精确页码。,逐节扩充题,audit-full-23-03-002
AUD-00371,审计,内控与可持续信息鉴证,第23章 企业可持续信息鉴证,第四节 风险评估,可持续错报风险,基础理解与应用,简答应用,可持续指标定义不清、数据链长，会产生什么风险？,,,,,口径不一致、遗漏、重复或估计偏差等重大错报风险。,需了解信息编制流程及相关控制。,642—645,653—656,2026年注册会计师全国统一考试辅导教材《审计》,,标注为所属知识节的阅读范围，不是逐题精确页码。,逐节扩充题,audit-full-23-04-001
AUD-00372,审计,内控与可持续信息鉴证,第23章 企业可持续信息鉴证,第四节 风险评估,漂绿与偏向,基础理解与应用,简答应用,报告只选择有利环境指标而省略重大负面影响，可能出现什么问题？,,,,,信息可能不完整或具有误导性。,应关注管理层偏向及适用标准的披露要求。,642—645,653—656,2026年注册会计师全国统一考试辅导教材《审计》,,标注为所属知识节的阅读范围，不是逐题精确页码。,逐节扩充题,audit-full-23-04-002
AUD-00373,审计,内控与可持续信息鉴证,第23章 企业可持续信息鉴证,第五节 应对重大错报风险,应对鉴证风险,基础理解与应用,简答应用,获取排放数据后，是否只核对最终加总就足够？,,,,,通常不足。,还应根据风险检查来源、边界、方法、假设和数据处理。,646—650,657—661,2026年注册会计师全国统一考试辅导教材《审计》,,标注为所属知识节的阅读范围，不是逐题精确页码。,逐节扩充题,audit-full-23-05-001
AUD-00374,审计,内控与可持续信息鉴证,第23章 企业可持续信息鉴证,第五节 应对重大错报风险,价值链信息,基础理解与应用,简答应用,第三方提供价值链数据，是否无需评价可靠性？,,,,,不是。,应考虑来源、估计方法及证据可获得性。,646—650,657—661,2026年注册会计师全国统一考试辅导教材《审计》,,标注为所属知识节的阅读范围，不是逐题精确页码。,逐节扩充题,audit-full-23-05-002
AUD-00375,审计,内控与可持续信息鉴证,第23章 企业可持续信息鉴证,第五节 应对重大错报风险,有限保证程序,基础理解与应用,简答应用,有限保证是否表示无需任何证据或仅凭管理层口头承诺？,,,,,不是。,仍须获取有意义程度保证所需的充分适当证据。,646—650,657—661,2026年注册会计师全国统一考试辅导教材《审计》,,标注为所属知识节的阅读范围，不是逐题精确页码。,逐节扩充题,audit-full-23-05-003
AUD-00376,审计,内控与可持续信息鉴证,第23章 企业可持续信息鉴证,第六节 完成鉴证工作和出具鉴证报告,鉴证结论形成,基础理解与应用,简答应用,发现可持续信息重大错报且未更正，能否仍无条件出具无保留结论？,,,,,不能。,应评价重大性、广泛性及对结论的影响。,651—660,662—671,2026年注册会计师全国统一考试辅导教材《审计》,,标注为所属知识节的阅读范围，不是逐题精确页码。,逐节扩充题,audit-full-23-06-001
AUD-00377,审计,内控与可持续信息鉴证,第23章 企业可持续信息鉴证,第六节 完成鉴证工作和出具鉴证报告,鉴证报告清晰性,基础理解与应用,简答应用,报告是否应明确鉴证对象、标准及保证程度？,,,,,应当。,防止使用者误以为所有可持续信息都获得相同保证。,651—660,662—671,2026年注册会计师全国统一考试辅导教材《审计》,,标注为所属知识节的阅读范围，不是逐题精确页码。,逐节扩充题,audit-full-23-06-002
AUD-00378,审计,内控与可持续信息鉴证,第23章 企业可持续信息鉴证,第六节 完成鉴证工作和出具鉴证报告,报告日前程序,基础理解与应用,简答应用,鉴证工作结束前，是否应评价未更正错报、期后事项和必要声明？,,,,,应按相关要求处理。,完成阶段程序支持最终结论。,651—660,662—671,2026年注册会计师全国统一考试辅导教材《审计》,,标注为所属知识节的阅读范围，不是逐题精确页码。,逐节扩充题,audit-full-23-06-003
AUD-00379,审计,内控与可持续信息鉴证,第23章 企业可持续信息鉴证,第七节 可持续信息鉴证业务的质量管理,鉴证质量管理,基础理解与应用,简答应用,可持续信息鉴证是否可不受事务所质量管理要求约束？,,,,,不可以。,应落实职业道德、资源、执行业务及复核等质量要求。,661—666,672—677,2026年注册会计师全国统一考试辅导教材《审计》,,标注为所属知识节的阅读范围，不是逐题精确页码。,逐节扩充题,audit-full-23-07-001
AUD-00380,审计,内控与可持续信息鉴证,第23章 企业可持续信息鉴证,第七节 可持续信息鉴证业务的质量管理,专家参与质量,基础理解与应用,简答应用,专家参与后，项目负责人是否不再需要指导和评价其工作？,,,,,不是。,应保证专家工作与业务目标衔接并适当评价结果。,661—666,672—677,2026年注册会计师全国统一考试辅导教材《审计》,,标注为所属知识节的阅读范围，不是逐题精确页码。,逐节扩充题,audit-full-23-07-002
AUD-00381,审计,质量管理,第24章 会计师事务所业务质量管理,第一节 会计师事务所质量管理体系,质量管理体系,零基础,单选,事务所质量管理体系应如何建立？,结合本所及业务实际设计和运行,所有事务所一字不差照抄,只靠客户评分,仅按收费金额决定,A,体系应适合事务所及业务特点，并定期评价。,667—669,678—680,2026年注册会计师全国统一考试辅导教材《审计》,,,原有起步题,audit-24-01
AUD-00382,审计,质量管理,第24章 会计师事务所业务质量管理,第一节 会计师事务所质量管理体系,质量管理目标,零基础,单选,质量管理体系旨在提供什么保证？,合理保证按适用要求履职并出具适当报告,保证利润最大,保证永无争议,保证所有项目完全无风险,A,教材目标是遵循相关要求及出具适合具体情况的报告，属于合理保证。,667—669,678—680,2026年注册会计师全国统一考试辅导教材《审计》,,,原有起步题,audit-24-02
AUD-00383,审计,质量管理,第24章 会计师事务所业务质量管理,第一节 会计师事务所质量管理体系,质量管理工作,零基础,多选,哪些符合质量管理基本思路？,对符合条件的业务实施项目质量复核,签字后就无需任何体系,设计并实施质量政策和程序,定期评价质量管理体系,A、C、D,质量管理是覆盖业务和组织的系统工程，不是单一签字动作。,667—669,678—680,2026年注册会计师全国统一考试辅导教材《审计》,,,原有起步题,audit-24-03
AUD-00384,审计,质量管理,第24章 会计师事务所业务质量管理,第一节 会计师事务所质量管理体系,复核与体系,零基础,简答应用,事务所认为“有最终签字人，就无须建设质量管理体系”，这种看法为什么不完整？,,,,,最终签字不能替代全所的质量目标、流程、资源配置、监控和评价。,可靠的业务质量需要体系和项目层面的共同管理。,667—669,678—680,2026年注册会计师全国统一考试辅导教材《审计》,,,原有起步题,audit-24-04
AUD-00385,审计,质量管理,第24章 会计师事务所业务质量管理,第一节 会计师事务所质量管理体系,质量管理方法,基础理解与应用,简答应用,事务所质量管理体系是否只是统一底稿模板？,,,,,不是。,应以风险为导向设定质量目标、识别评估质量风险并设计应对措施。,667—681,678—692,2026年注册会计师全国统一考试辅导教材《审计》,,标注为所属知识节的阅读范围，不是逐题精确页码。,逐节扩充题,audit-full-24-01-001
AUD-00386,审计,质量管理,第24章 会计师事务所业务质量管理,第一节 会计师事务所质量管理体系,质量管理组成,基础理解与应用,简答应用,治理领导、职业道德、客户接受保持、业务执行、资源、信息沟通与监控整改是否相互独立无联系？,,,,,不是。,质量管理各组成部分相互联系，需形成整体体系。,667—681,678—692,2026年注册会计师全国统一考试辅导教材《审计》,,标注为所属知识节的阅读范围，不是逐题精确页码。,逐节扩充题,audit-full-24-01-002
AUD-00387,审计,质量管理,第24章 会计师事务所业务质量管理,第一节 会计师事务所质量管理体系,监控与整改,基础理解与应用,简答应用,发现质量管理缺陷后，仅记录问题是否足够？,,,,,不足够。,应调查根本原因、设计实施整改并评价有效性。,667—681,678—692,2026年注册会计师全国统一考试辅导教材《审计》,,标注为所属知识节的阅读范围，不是逐题精确页码。,逐节扩充题,audit-full-24-01-003
AUD-00388,审计,质量管理,第24章 会计师事务所业务质量管理,第一节 会计师事务所质量管理体系,质量责任,基础理解与应用,简答应用,事务所领导能否以业务收入目标替代质量目标？,,,,,不能。,领导层应体现对质量的承诺并承担相应责任。,667—681,678—692,2026年注册会计师全国统一考试辅导教材《审计》,,标注为所属知识节的阅读范围，不是逐题精确页码。,逐节扩充题,audit-full-24-01-004
AUD-00389,审计,质量管理,第24章 会计师事务所业务质量管理,第二节 项目质量复核,项目质量复核目的,基础理解与应用,简答应用,项目质量复核是否等于重新执行全部审计？,,,,,不是。,由合格复核人员客观评价项目组重大判断及据此形成的结论。,682—684,693—695,2026年注册会计师全国统一考试辅导教材《审计》,,标注为所属知识节的阅读范围，不是逐题精确页码。,逐节扩充题,audit-full-24-02-001
AUD-00390,审计,质量管理,第24章 会计师事务所业务质量管理,第二节 项目质量复核,复核人员客观性,基础理解与应用,简答应用,项目质量复核人员可否同时作出其应复核的重大审计判断？,,,,,不应。,避免自我评价并保持客观性。,682—684,693—695,2026年注册会计师全国统一考试辅导教材《审计》,,标注为所属知识节的阅读范围，不是逐题精确页码。,逐节扩充题,audit-full-24-02-002
AUD-00391,审计,质量管理,第24章 会计师事务所业务质量管理,第二节 项目质量复核,复核完成时点,基础理解与应用,简答应用,规定必须进行项目质量复核的项目，可否在复核未完成时出具审计报告？,,,,,不可。,项目合伙人应确保报告不早于复核完成。,682—684,693—695,2026年注册会计师全国统一考试辅导教材《审计》,,标注为所属知识节的阅读范围，不是逐题精确页码。,逐节扩充题,audit-full-24-02-003
AUD-00392,审计,质量管理,第24章 会计师事务所业务质量管理,第三节 对财务报表审计实施的质量管理,项目合伙人责任,基础理解与应用,简答应用,项目合伙人可否把审计质量最终责任全部交给助理或复核人员？,,,,,不能。,应充分适当参与并对项目质量承担总体责任。,685—693,696—704,2026年注册会计师全国统一考试辅导教材《审计》,,标注为所属知识节的阅读范围，不是逐题精确页码。,逐节扩充题,audit-full-24-03-001
AUD-00393,审计,质量管理,第24章 会计师事务所业务质量管理,第三节 对财务报表审计实施的质量管理,指导监督复核,基础理解与应用,简答应用,项目团队经验较少、风险较高时，指导监督复核应如何变化？,,,,,加强并适应团队能力和业务复杂程度。,不能只在报告签署前形式性查看底稿。,685—693,696—704,2026年注册会计师全国统一考试辅导教材《审计》,,标注为所属知识节的阅读范围，不是逐题精确页码。,逐节扩充题,audit-full-24-03-002
AUD-00394,审计,质量管理,第24章 会计师事务所业务质量管理,第三节 对财务报表审计实施的质量管理,意见分歧,基础理解与应用,简答应用,项目组与咨询人员存在重大意见分歧未解决，是否可先出报告再讨论？,,,,,不可以。,应依事务所政策解决并记录后再出报告。,685—693,696—704,2026年注册会计师全国统一考试辅导教材《审计》,,标注为所属知识节的阅读范围，不是逐题精确页码。,逐节扩充题,audit-full-24-03-003
