学习模块,章序,章名,知识节,知识点,对应题号,题型,题目批次,教材页码,PDF页码,原题号
战略基础,1,战略与战略管理概述,第一节 公司战略的基本概念,公司战略层次,STR-00001,单选,起步题,1—6,8—13,strategy-01-01-01
战略基础,1,战略与战略管理概述,第一节 公司战略的基本概念,使命与目标,STR-00002,多选,起步题,1—6,8—13,strategy-01-01-02
战略基础,1,战略与战略管理概述,第一节 公司战略的基本概念,传统与现代战略观,STR-00003,简答应用,起步题,1—6,8—13,strategy-01-01-03
战略基础,1,战略与战略管理概述,第二节 公司战略管理,战略管理过程,STR-00004,单选,起步题,7—37,14—44,strategy-01-02-01
战略基础,1,战略与战略管理概述,第二节 公司战略管理,战略管理,STR-00005,多选,起步题,7—37,14—44,strategy-01-02-02
战略基础,1,战略与战略管理概述,第二节 公司战略管理,动态管理,STR-00006,简答应用,起步题,7—37,14—44,strategy-01-02-03
战略基础,1,战略与战略管理概述,第一节 公司战略的基本概念,使命的构成,STR-00007,简答应用,知识点扩充题,2,9,strategy-full-01-01-001
战略基础,1,战略与战略管理概述,第一节 公司战略的基本概念,财务目标与战略目标,STR-00008,简答应用,知识点扩充题,4,11,strategy-full-01-01-002
战略基础,1,战略与战略管理概述,第一节 公司战略的基本概念,总体战略,STR-00009,简答应用,知识点扩充题,6,13,strategy-full-01-01-003
战略基础,1,战略与战略管理概述,第一节 公司战略的基本概念,职能战略协同,STR-00010,简答应用,知识点扩充题,6,13,strategy-full-01-01-004
战略基础,1,战略与战略管理概述,第二节 公司战略管理,战略管理特征,STR-00011,简答应用,知识点扩充题,8,15,strategy-full-01-02-001
战略基础,1,战略与战略管理概述,第二节 公司战略管理,战略分析与选择,STR-00012,简答应用,知识点扩充题,8,15,strategy-full-01-02-002
战略基础,1,战略与战略管理概述,第二节 公司战略管理,创新类型,STR-00013,简答应用,知识点扩充题,13,20,strategy-full-01-02-003
战略基础,1,战略与战略管理概述,第二节 公司战略管理,创新战略执行,STR-00014,简答应用,知识点扩充题,16,23,strategy-full-01-02-004
战略基础,1,战略与战略管理概述,第二节 公司战略管理,创新绩效评价,STR-00015,简答应用,知识点扩充题,25,32,strategy-full-01-02-005
战略基础,1,战略与战略管理概述,第二节 公司战略管理,利益相关者与权力,STR-00016,简答应用,知识点扩充题,30,37,strategy-full-01-02-006
战略基础,1,战略与战略管理概述,第一节 公司战略的基本概念,战略传统概念,STR-00017,简答应用,知识点扩充题,1,8,strategy-full-01-01-005
战略基础,1,战略与战略管理概述,第一节 公司战略的基本概念,战略现代概念,STR-00018,简答应用,知识点扩充题,1,8,strategy-full-01-01-006
战略基础,1,战略与战略管理概述,第一节 公司战略的基本概念,公司宗旨,STR-00019,简答应用,知识点扩充题,3,10,strategy-full-01-01-007
战略基础,1,战略与战略管理概述,第一节 公司战略的基本概念,经营哲学,STR-00020,简答应用,知识点扩充题,3,10,strategy-full-01-01-008
战略基础,1,战略与战略管理概述,第一节 公司战略的基本概念,短期与长期目标,STR-00021,简答应用,知识点扩充题,4,11,strategy-full-01-01-009
战略基础,1,战略与战略管理概述,第二节 公司战略管理,创新的战略作用,STR-00022,简答应用,知识点扩充题,11,18,strategy-full-01-02-007
战略基础,1,战略与战略管理概述,第二节 公司战略管理,渐进与突破创新,STR-00023,简答应用,知识点扩充题,13,20,strategy-full-01-02-008
战略基础,1,战略与战略管理概述,第二节 公司战略管理,开放式创新,STR-00024,简答应用,知识点扩充题,15,22,strategy-full-01-02-009
战略基础,1,战略与战略管理概述,第二节 公司战略管理,创新组合,STR-00025,简答应用,知识点扩充题,16,23,strategy-full-01-02-010
战略基础,1,战略与战略管理概述,第二节 公司战略管理,创新失败学习,STR-00026,简答应用,知识点扩充题,25,32,strategy-full-01-02-011
战略基础,1,战略与战略管理概述,第二节 公司战略管理,利益相关者分类,STR-00027,简答应用,知识点扩充题,30,37,strategy-full-01-02-012
战略基础,1,战略与战略管理概述,第二节 公司战略管理,权力来源,STR-00028,简答应用,知识点扩充题,32,39,strategy-full-01-02-013
战略基础,1,战略与战略管理概述,第二节 公司战略管理,权力与战略过程,STR-00029,简答应用,知识点扩充题,34,41,strategy-full-01-02-014
战略分析,2,战略分析,第一节 企业外部环境分析,PEST分析,STR-00030,单选,起步题,38—71,45—78,strategy-02-01-01
战略分析,2,战略分析,第一节 企业外部环境分析,外部环境层次,STR-00031,多选,起步题,38—71,45—78,strategy-02-01-02
战略分析,2,战略分析,第一节 企业外部环境分析,五种竞争力,STR-00032,简答应用,起步题,38—71,45—78,strategy-02-01-03
战略分析,2,战略分析,第二节 企业内部环境分析,价值链,STR-00033,单选,起步题,72—101,79—108,strategy-02-02-01
战略分析,2,战略分析,第二节 企业内部环境分析,内部资源与能力,STR-00034,多选,起步题,72—101,79—108,strategy-02-02-02
战略分析,2,战略分析,第二节 企业内部环境分析,核心竞争力,STR-00035,简答应用,起步题,72—101,79—108,strategy-02-02-03
战略分析,2,战略分析,第三节 企业内外部环境综合分析,SWOT分析,STR-00036,单选,起步题,102—104,109—111,strategy-02-03-01
战略分析,2,战略分析,第三节 企业内外部环境综合分析,内外部综合分析,STR-00037,多选,起步题,102—104,109—111,strategy-02-03-02
战略分析,2,战略分析,第三节 企业内外部环境综合分析,SWOT应用,STR-00038,简答应用,起步题,102—104,109—111,strategy-02-03-03
战略分析,2,战略分析,第一节 企业外部环境分析,政治与法律环境,STR-00039,简答应用,知识点扩充题,39,46,strategy-full-02-01-001
战略分析,2,战略分析,第一节 企业外部环境分析,经济环境,STR-00040,简答应用,知识点扩充题,39,46,strategy-full-02-01-002
战略分析,2,战略分析,第一节 企业外部环境分析,社会文化环境,STR-00041,简答应用,知识点扩充题,40,47,strategy-full-02-01-003
战略分析,2,战略分析,第一节 企业外部环境分析,技术环境,STR-00042,简答应用,知识点扩充题,41,48,strategy-full-02-01-004
战略分析,2,战略分析,第一节 企业外部环境分析,产品生命周期,STR-00043,简答应用,知识点扩充题,43,50,strategy-full-02-01-005
战略分析,2,战略分析,第一节 企业外部环境分析,五种竞争力,STR-00044,简答应用,知识点扩充题,45,52,strategy-full-02-01-006
战略分析,2,战略分析,第一节 企业外部环境分析,替代品威胁,STR-00045,简答应用,知识点扩充题,45,52,strategy-full-02-01-007
战略分析,2,战略分析,第一节 企业外部环境分析,成功关键因素,STR-00046,简答应用,知识点扩充题,53,60,strategy-full-02-01-008
战略分析,2,战略分析,第一节 企业外部环境分析,市场结构,STR-00047,简答应用,知识点扩充题,59,66,strategy-full-02-01-009
战略分析,2,战略分析,第一节 企业外部环境分析,战略群组,STR-00048,简答应用,知识点扩充题,68,75,strategy-full-02-01-010
战略分析,2,战略分析,第二节 企业内部环境分析,企业资源类型,STR-00049,简答应用,知识点扩充题,77,84,strategy-full-02-02-001
战略分析,2,战略分析,第二节 企业内部环境分析,企业能力,STR-00050,简答应用,知识点扩充题,77,84,strategy-full-02-02-002
战略分析,2,战略分析,第二节 企业内部环境分析,核心能力检验,STR-00051,简答应用,知识点扩充题,81,88,strategy-full-02-02-003
战略分析,2,战略分析,第二节 企业内部环境分析,钻石模型,STR-00052,简答应用,知识点扩充题,84,91,strategy-full-02-02-004
战略分析,2,战略分析,第二节 企业内部环境分析,价值链基本活动,STR-00053,简答应用,知识点扩充题,89,96,strategy-full-02-02-005
战略分析,2,战略分析,第二节 企业内部环境分析,价值链联系,STR-00054,简答应用,知识点扩充题,92,99,strategy-full-02-02-006
战略分析,2,战略分析,第二节 企业内部环境分析,波士顿矩阵,STR-00055,简答应用,知识点扩充题,97,104,strategy-full-02-02-007
战略分析,2,战略分析,第二节 企业内部环境分析,通用矩阵,STR-00056,简答应用,知识点扩充题,100,107,strategy-full-02-02-008
战略分析,2,战略分析,第三节 企业内外部环境综合分析,SWOT机会与优势,STR-00057,简答应用,知识点扩充题,102,109,strategy-full-02-03-001
战略分析,2,战略分析,第三节 企业内外部环境综合分析,SWOT组合,STR-00058,简答应用,知识点扩充题,103,110,strategy-full-02-03-002
战略分析,2,战略分析,第三节 企业内外部环境综合分析,SWOT局限,STR-00059,简答应用,知识点扩充题,104,111,strategy-full-02-03-003
战略分析,2,战略分析,第一节 企业外部环境分析,政治与法律环境区分,STR-00060,简答应用,知识点扩充题,39,46,strategy-full-02-01-011
战略分析,2,战略分析,第一节 企业外部环境分析,宏观经济指标,STR-00061,简答应用,知识点扩充题,40,47,strategy-full-02-01-012
战略分析,2,战略分析,第一节 企业外部环境分析,人口结构变化,STR-00062,简答应用,知识点扩充题,40,47,strategy-full-02-01-013
战略分析,2,战略分析,第一节 企业外部环境分析,技术替代速度,STR-00063,简答应用,知识点扩充题,41,48,strategy-full-02-01-014
战略分析,2,战略分析,第一节 企业外部环境分析,产业进入壁垒,STR-00064,简答应用,知识点扩充题,46,53,strategy-full-02-01-015
战略分析,2,战略分析,第一节 企业外部环境分析,买方议价能力,STR-00065,简答应用,知识点扩充题,49,56,strategy-full-02-01-016
战略分析,2,战略分析,第一节 企业外部环境分析,现有企业竞争,STR-00066,简答应用,知识点扩充题,51,58,strategy-full-02-01-017
战略分析,2,战略分析,第一节 企业外部环境分析,竞争对手反应,STR-00067,简答应用,知识点扩充题,63,70,strategy-full-02-01-018
战略分析,2,战略分析,第一节 企业外部环境分析,战略群组移动障碍,STR-00068,简答应用,知识点扩充题,68,75,strategy-full-02-01-019
战略分析,2,战略分析,第二节 企业内部环境分析,有形资源与无形资源,STR-00069,简答应用,知识点扩充题,72,79,strategy-full-02-02-009
战略分析,2,战略分析,第二节 企业内部环境分析,资源不可模仿性,STR-00070,简答应用,知识点扩充题,76,83,strategy-full-02-02-010
战略分析,2,战略分析,第二节 企业内部环境分析,基准分析,STR-00071,简答应用,知识点扩充题,79,86,strategy-full-02-02-011
战略分析,2,战略分析,第二节 企业内部环境分析,核心能力识别,STR-00072,简答应用,知识点扩充题,81,88,strategy-full-02-02-012
战略分析,2,战略分析,第二节 企业内部环境分析,生产要素与需求条件,STR-00073,简答应用,知识点扩充题,84,91,strategy-full-02-02-013
战略分析,2,战略分析,第二节 企业内部环境分析,价值链支持活动,STR-00074,简答应用,知识点扩充题,89,96,strategy-full-02-02-014
战略分析,2,战略分析,第二节 企业内部环境分析,价值系统,STR-00075,简答应用,知识点扩充题,92,99,strategy-full-02-02-015
战略分析,2,战略分析,第二节 企业内部环境分析,波士顿问题业务,STR-00076,简答应用,知识点扩充题,98,105,strategy-full-02-02-016
战略分析,2,战略分析,第二节 企业内部环境分析,波士顿瘦狗业务,STR-00077,简答应用,知识点扩充题,99,106,strategy-full-02-02-017
战略分析,2,战略分析,第二节 企业内部环境分析,通用矩阵产业吸引力,STR-00078,简答应用,知识点扩充题,100,107,strategy-full-02-02-018
战略分析,2,战略分析,第三节 企业内外部环境综合分析,优势与机会组合,STR-00079,简答应用,知识点扩充题,103,110,strategy-full-02-03-004
战略分析,2,战略分析,第三节 企业内外部环境综合分析,劣势与威胁组合,STR-00080,简答应用,知识点扩充题,104,111,strategy-full-02-03-005
战略分析,2,战略分析,第一节 企业外部环境分析,市场集中度影响因素,STR-00081,简答应用,知识点扩充题,59,66,strategy-full-02-01-020
战略分析,2,战略分析,第一节 企业外部环境分析,市场结构与战略,STR-00082,简答应用,知识点扩充题,61,68,strategy-full-02-01-021
战略选择,3,战略选择,第一节 总体战略,一体化战略,STR-00083,单选,起步题,105—146,112—153,strategy-03-01-01
战略选择,3,战略选择,第一节 总体战略,总体战略类型,STR-00084,多选,起步题,105—146,112—153,strategy-03-01-02
战略选择,3,战略选择,第一节 总体战略,密集型战略,STR-00085,简答应用,起步题,105—146,112—153,strategy-03-01-03
战略选择,3,战略选择,第二节 业务单位战略,基本竞争战略,STR-00086,单选,起步题,147—195,154—202,strategy-03-02-01
战略选择,3,战略选择,第二节 业务单位战略,竞争战略,STR-00087,多选,起步题,147—195,154—202,strategy-03-02-02
战略选择,3,战略选择,第二节 业务单位战略,成本与差异化,STR-00088,简答应用,起步题,147—195,154—202,strategy-03-02-03
战略选择,3,战略选择,第三节 职能战略,营销战略,STR-00089,单选,起步题,196—249,203—256,strategy-03-03-01
战略选择,3,战略选择,第三节 职能战略,职能战略,STR-00090,多选,起步题,196—249,203—256,strategy-03-03-02
战略选择,3,战略选择,第三节 职能战略,职能协同,STR-00091,简答应用,起步题,196—249,203—256,strategy-03-03-03
战略选择,3,战略选择,第四节 国际化经营战略,国际化经营动因,STR-00092,单选,起步题,250—277,257—284,strategy-03-04-01
战略选择,3,战略选择,第四节 国际化经营战略,国际化考虑,STR-00093,多选,起步题,250—277,257—284,strategy-03-04-02
战略选择,3,战略选择,第四节 国际化经营战略,国际化方式,STR-00094,简答应用,起步题,250—277,257—284,strategy-03-04-03
战略选择,3,战略选择,第一节 总体战略,前向一体化,STR-00095,简答应用,知识点扩充题,106,113,strategy-full-03-01-001
战略选择,3,战略选择,第一节 总体战略,后向一体化条件,STR-00096,简答应用,知识点扩充题,108,115,strategy-full-03-01-002
战略选择,3,战略选择,第一节 总体战略,横向一体化,STR-00097,简答应用,知识点扩充题,110,117,strategy-full-03-01-003
战略选择,3,战略选择,第一节 总体战略,市场渗透,STR-00098,简答应用,知识点扩充题,111,118,strategy-full-03-01-004
战略选择,3,战略选择,第一节 总体战略,产品开发,STR-00099,简答应用,知识点扩充题,113,120,strategy-full-03-01-005
战略选择,3,战略选择,第一节 总体战略,相关与非相关多元化,STR-00100,简答应用,知识点扩充题,115,122,strategy-full-03-01-006
战略选择,3,战略选择,第一节 总体战略,稳定战略,STR-00101,简答应用,知识点扩充题,118,125,strategy-full-03-01-007
战略选择,3,战略选择,第一节 总体战略,收缩战略,STR-00102,简答应用,知识点扩充题,119,126,strategy-full-03-01-008
战略选择,3,战略选择,第一节 总体战略,内部发展与并购,STR-00103,简答应用,知识点扩充题,125,132,strategy-full-03-01-009
战略选择,3,战略选择,第一节 总体战略,战略联盟,STR-00104,简答应用,知识点扩充题,134,141,strategy-full-03-01-010
战略选择,3,战略选择,第二节 业务单位战略,成本领先适用条件,STR-00105,简答应用,知识点扩充题,148,155,strategy-full-03-02-001
战略选择,3,战略选择,第二节 业务单位战略,差异化价值,STR-00106,简答应用,知识点扩充题,152,159,strategy-full-03-02-002
战略选择,3,战略选择,第二节 业务单位战略,集中化风险,STR-00107,简答应用,知识点扩充题,156,163,strategy-full-03-02-003
战略选择,3,战略选择,第二节 业务单位战略,战略钟,STR-00108,简答应用,知识点扩充题,158,165,strategy-full-03-02-004
战略选择,3,战略选择,第二节 业务单位战略,零散产业,STR-00109,简答应用,知识点扩充题,161,168,strategy-full-03-02-005
战略选择,3,战略选择,第二节 业务单位战略,新兴产业,STR-00110,简答应用,知识点扩充题,169,176,strategy-full-03-02-006
战略选择,3,战略选择,第二节 业务单位战略,蓝海战略,STR-00111,简答应用,知识点扩充题,175,182,strategy-full-03-02-007
战略选择,3,战略选择,第二节 业务单位战略,商业模式画布,STR-00112,简答应用,知识点扩充题,190,197,strategy-full-03-02-008
战略选择,3,战略选择,第二节 业务单位战略,商业模式创新,STR-00113,简答应用,知识点扩充题,193,200,strategy-full-03-02-009
战略选择,3,战略选择,第三节 职能战略,市场细分,STR-00114,简答应用,知识点扩充题,197,204,strategy-full-03-03-001
战略选择,3,战略选择,第三节 职能战略,目标市场,STR-00115,简答应用,知识点扩充题,199,206,strategy-full-03-03-002
战略选择,3,战略选择,第三节 职能战略,市场定位,STR-00116,简答应用,知识点扩充题,201,208,strategy-full-03-03-003
战略选择,3,战略选择,第三节 职能战略,营销组合,STR-00117,简答应用,知识点扩充题,202,209,strategy-full-03-03-004
战略选择,3,战略选择,第三节 职能战略,研发类型,STR-00118,简答应用,知识点扩充题,214,221,strategy-full-03-03-005
战略选择,3,战略选择,第三节 职能战略,研发模式,STR-00119,简答应用,知识点扩充题,216,223,strategy-full-03-03-006
战略选择,3,战略选择,第三节 职能战略,生产竞争重点,STR-00120,简答应用,知识点扩充题,222,229,strategy-full-03-03-007
战略选择,3,战略选择,第三节 职能战略,产能计划,STR-00121,简答应用,知识点扩充题,223,230,strategy-full-03-03-008
战略选择,3,战略选择,第三节 职能战略,采购模式,STR-00122,简答应用,知识点扩充题,226,233,strategy-full-03-03-009
战略选择,3,战略选择,第三节 职能战略,人力资源获取,STR-00123,简答应用,知识点扩充题,228,235,strategy-full-03-03-010
战略选择,3,战略选择,第三节 职能战略,绩效与薪酬,STR-00124,简答应用,知识点扩充题,231,238,strategy-full-03-03-011
战略选择,3,战略选择,第三节 职能战略,财务战略,STR-00125,简答应用,知识点扩充题,236,243,strategy-full-03-03-012
战略选择,3,战略选择,第三节 职能战略,价值创造与现金,STR-00126,简答应用,知识点扩充题,241,248,strategy-full-03-03-013
战略选择,3,战略选择,第四节 国际化经营战略,寻求市场,STR-00127,简答应用,知识点扩充题,250,257,strategy-full-03-04-001
战略选择,3,战略选择,第四节 国际化经营战略,寻求效率,STR-00128,简答应用,知识点扩充题,251,258,strategy-full-03-04-002
战略选择,3,战略选择,第四节 国际化经营战略,寻求现成资产,STR-00129,简答应用,知识点扩充题,252,259,strategy-full-03-04-003
战略选择,3,战略选择,第四节 国际化经营战略,出口与直接投资,STR-00130,简答应用,知识点扩充题,254,261,strategy-full-03-04-004
战略选择,3,战略选择,第四节 国际化经营战略,全球价值链升级,STR-00131,简答应用,知识点扩充题,263,270,strategy-full-03-04-005
战略选择,3,战略选择,第四节 国际化经营战略,多国本土化,STR-00132,简答应用,知识点扩充题,265,272,strategy-full-03-04-006
战略选择,3,战略选择,第四节 国际化经营战略,全球化战略,STR-00133,简答应用,知识点扩充题,266,273,strategy-full-03-04-007
战略选择,3,战略选择,第四节 国际化经营战略,跨国战略,STR-00134,简答应用,知识点扩充题,266,273,strategy-full-03-04-008
战略选择,3,战略选择,第四节 国际化经营战略,本土企业应对跨国竞争,STR-00135,简答应用,知识点扩充题,269,276,strategy-full-03-04-009
战略选择,3,战略选择,第一节 总体战略,纵向一体化风险,STR-00136,简答应用,知识点扩充题,109,116,strategy-full-03-01-011
战略选择,3,战略选择,第一节 总体战略,横向一体化协同,STR-00137,简答应用,知识点扩充题,110,117,strategy-full-03-01-012
战略选择,3,战略选择,第一节 总体战略,市场开发,STR-00138,简答应用,知识点扩充题,112,119,strategy-full-03-01-013
战略选择,3,战略选择,第一节 总体战略,多元化风险,STR-00139,简答应用,知识点扩充题,115,122,strategy-full-03-01-014
战略选择,3,战略选择,第一节 总体战略,扭转战略,STR-00140,简答应用,知识点扩充题,120,127,strategy-full-03-01-015
战略选择,3,战略选择,第一节 总体战略,剥离战略,STR-00141,简答应用,知识点扩充题,122,129,strategy-full-03-01-016
战略选择,3,战略选择,第一节 总体战略,并购动机,STR-00142,简答应用,知识点扩充题,126,133,strategy-full-03-01-017
战略选择,3,战略选择,第一节 总体战略,内部发展优缺点,STR-00143,简答应用,知识点扩充题,130,137,strategy-full-03-01-018
战略选择,3,战略选择,第一节 总体战略,战略联盟治理,STR-00144,简答应用,知识点扩充题,136,143,strategy-full-03-01-019
战略选择,3,战略选择,第二节 业务单位战略,成本领先风险,STR-00145,简答应用,知识点扩充题,150,157,strategy-full-03-02-010
战略选择,3,战略选择,第二节 业务单位战略,差异化风险,STR-00146,简答应用,知识点扩充题,153,160,strategy-full-03-02-011
战略选择,3,战略选择,第二节 业务单位战略,集中化适用性,STR-00147,简答应用,知识点扩充题,156,163,strategy-full-03-02-012
战略选择,3,战略选择,第二节 业务单位战略,零散产业成因,STR-00148,简答应用,知识点扩充题,162,169,strategy-full-03-02-013
战略选择,3,战略选择,第二节 业务单位战略,新兴产业标准,STR-00149,简答应用,知识点扩充题,169,176,strategy-full-03-02-014
战略选择,3,战略选择,第二节 业务单位战略,红海与蓝海,STR-00150,简答应用,知识点扩充题,175,182,strategy-full-03-02-015
战略选择,3,战略选择,第二节 业务单位战略,价值创新,STR-00151,简答应用,知识点扩充题,178,185,strategy-full-03-02-016
战略选择,3,战略选择,第二节 业务单位战略,商业模式收入流,STR-00152,简答应用,知识点扩充题,191,198,strategy-full-03-02-017
战略选择,3,战略选择,第二节 业务单位战略,平台网络效应,STR-00153,简答应用,知识点扩充题,194,201,strategy-full-03-02-018
战略选择,3,战略选择,第三节 职能战略,营销渠道选择,STR-00154,简答应用,知识点扩充题,204,211,strategy-full-03-03-014
战略选择,3,战略选择,第三节 职能战略,定价与定位,STR-00155,简答应用,知识点扩充题,207,214,strategy-full-03-03-015
战略选择,3,战略选择,第三节 职能战略,研发与市场需求,STR-00156,简答应用,知识点扩充题,213,220,strategy-full-03-03-016
战略选择,3,战略选择,第三节 职能战略,开放研发边界,STR-00157,简答应用,知识点扩充题,216,223,strategy-full-03-03-017
战略选择,3,战略选择,第三节 职能战略,生产外包决策,STR-00158,简答应用,知识点扩充题,220,227,strategy-full-03-03-018
战略选择,3,战略选择,第三节 职能战略,质量与成本权衡,STR-00159,简答应用,知识点扩充题,222,229,strategy-full-03-03-019
战略选择,3,战略选择,第三节 职能战略,供应商评估,STR-00160,简答应用,知识点扩充题,225,232,strategy-full-03-03-020
战略选择,3,战略选择,第三节 职能战略,人力资源开发,STR-00161,简答应用,知识点扩充题,230,237,strategy-full-03-03-021
战略选择,3,战略选择,第三节 职能战略,薪酬与风险,STR-00162,简答应用,知识点扩充题,233,240,strategy-full-03-03-022
战略选择,3,战略选择,第三节 职能战略,财务战略阶段,STR-00163,简答应用,知识点扩充题,236,243,strategy-full-03-03-023
战略选择,3,战略选择,第三节 职能战略,现金短缺业务,STR-00164,简答应用,知识点扩充题,247,254,strategy-full-03-03-024
战略选择,3,战略选择,第四节 国际化经营战略,国际化政治风险,STR-00165,简答应用,知识点扩充题,253,260,strategy-full-03-04-010
战略选择,3,战略选择,第四节 国际化经营战略,非股权进入方式,STR-00166,简答应用,知识点扩充题,256,263,strategy-full-03-04-011
战略选择,3,战略选择,第四节 国际化经营战略,全球价值链治理,STR-00167,简答应用,知识点扩充题,260,267,strategy-full-03-04-012
战略选择,3,战略选择,第四节 国际化经营战略,本土化成本,STR-00168,简答应用,知识点扩充题,265,272,strategy-full-03-04-013
战略选择,3,战略选择,第四节 国际化经营战略,全球标准化局限,STR-00169,简答应用,知识点扩充题,266,273,strategy-full-03-04-014
战略选择,3,战略选择,第四节 国际化经营战略,本土企业优势,STR-00170,简答应用,知识点扩充题,269,276,strategy-full-03-04-015
战略选择,3,战略选择,第二节 业务单位战略,重建市场边界,STR-00171,简答应用,知识点扩充题,177,184,strategy-full-03-02-019
战略选择,3,战略选择,第二节 业务单位战略,蓝海执行,STR-00172,简答应用,知识点扩充题,176,183,strategy-full-03-02-020
战略选择,3,战略选择,第三节 职能战略,研发流程,STR-00173,简答应用,知识点扩充题,214,221,strategy-full-03-03-025
战略选择,3,战略选择,第三节 职能战略,研发动力来源,STR-00174,简答应用,知识点扩充题,215,222,strategy-full-03-03-026
战略选择,3,战略选择,第三节 职能战略,研发战略作用,STR-00175,简答应用,知识点扩充题,217,224,strategy-full-03-03-027
战略选择,3,战略选择,第三节 职能战略,生产运营内容,STR-00176,简答应用,知识点扩充题,220,227,strategy-full-03-03-028
战略选择,3,战略选择,第三节 职能战略,人力绩效评估,STR-00177,简答应用,知识点扩充题,231,238,strategy-full-03-03-029
战略实施,4,战略实施,第一节 公司战略与组织结构,组织结构要素,STR-00178,单选,起步题,278—302,285—309,strategy-04-01-01
战略实施,4,战略实施,第一节 公司战略与组织结构,组织与战略,STR-00179,多选,起步题,278—302,285—309,strategy-04-01-02
战略实施,4,战略实施,第一节 公司战略与组织结构,结构调整,STR-00180,简答应用,起步题,278—302,285—309,strategy-04-01-03
战略实施,4,战略实施,第二节 公司战略与企业文化,企业文化,STR-00181,单选,起步题,303—308,310—315,strategy-04-02-01
战略实施,4,战略实施,第二节 公司战略与企业文化,文化与战略,STR-00182,多选,起步题,303—308,310—315,strategy-04-02-02
战略实施,4,战略实施,第二节 公司战略与企业文化,文化适配,STR-00183,简答应用,起步题,303—308,310—315,strategy-04-02-03
战略实施,4,战略实施,第三节 战略控制,战略控制,STR-00184,单选,起步题,309—318,316—325,strategy-04-03-01
战略实施,4,战略实施,第三节 战略控制,战略失效,STR-00185,多选,起步题,309—318,316—325,strategy-04-03-02
战略实施,4,战略实施,第三节 战略控制,控制指标,STR-00186,简答应用,起步题,309—318,316—325,strategy-04-03-03
战略实施,4,战略实施,第四节 公司战略与数智化转型,数智化转型,STR-00187,单选,起步题,319—336,326—343,strategy-04-04-01
战略实施,4,战略实施,第四节 公司战略与数智化转型,数智化实施,STR-00188,多选,起步题,319—336,326—343,strategy-04-04-02
战略实施,4,战略实施,第四节 公司战略与数智化转型,转型落地,STR-00189,简答应用,起步题,319—336,326—343,strategy-04-04-03
战略实施,4,战略实施,第五节 公司战略与可持续发展管理,可持续发展维度,STR-00190,单选,起步题,337—346,344—353,strategy-04-05-01
战略实施,4,战略实施,第五节 公司战略与可持续发展管理,可持续发展管理,STR-00191,多选,起步题,337—346,344—353,strategy-04-05-02
战略实施,4,战略实施,第五节 公司战略与可持续发展管理,战略与可持续,STR-00192,简答应用,起步题,337—346,344—353,strategy-04-05-03
战略实施,4,战略实施,第一节 公司战略与组织结构,分工与整合,STR-00193,简答应用,知识点扩充题,278,285,strategy-full-04-01-001
战略实施,4,战略实施,第一节 公司战略与组织结构,高长与扁平,STR-00194,简答应用,知识点扩充题,279,286,strategy-full-04-01-002
战略实施,4,战略实施,第一节 公司战略与组织结构,集权与分权,STR-00195,简答应用,知识点扩充题,280,287,strategy-full-04-01-003
战略实施,4,战略实施,第一节 公司战略与组织结构,职能制与事业部制,STR-00196,简答应用,知识点扩充题,284,291,strategy-full-04-01-004
战略实施,4,战略实施,第一节 公司战略与组织结构,矩阵结构,STR-00197,简答应用,知识点扩充题,290,297,strategy-full-04-01-005
战略实施,4,战略实施,第一节 公司战略与组织结构,战略与结构匹配,STR-00198,简答应用,知识点扩充题,295,302,strategy-full-04-01-006
战略实施,4,战略实施,第二节 公司战略与企业文化,权力导向型文化,STR-00199,简答应用,知识点扩充题,303,310,strategy-full-04-02-001
战略实施,4,战略实施,第二节 公司战略与企业文化,角色导向型文化,STR-00200,简答应用,知识点扩充题,303,310,strategy-full-04-02-002
战略实施,4,战略实施,第二节 公司战略与企业文化,任务导向型文化,STR-00201,简答应用,知识点扩充题,304,311,strategy-full-04-02-003
战略实施,4,战略实施,第二节 公司战略与企业文化,人员导向型文化,STR-00202,简答应用,知识点扩充题,304,311,strategy-full-04-02-004
战略实施,4,战略实施,第二节 公司战略与企业文化,文化与绩效,STR-00203,简答应用,知识点扩充题,304,311,strategy-full-04-02-005
战略实施,4,战略实施,第二节 公司战略与企业文化,文化适应战略,STR-00204,简答应用,知识点扩充题,307,314,strategy-full-04-02-006
战略实施,4,战略实施,第三节 战略控制,早期战略失效,STR-00205,简答应用,知识点扩充题,309,316,strategy-full-04-03-001
战略实施,4,战略实施,第三节 战略控制,偶然失效,STR-00206,简答应用,知识点扩充题,309,316,strategy-full-04-03-002
战略实施,4,战略实施,第三节 战略控制,战略控制过程,STR-00207,简答应用,知识点扩充题,310,317,strategy-full-04-03-003
战略实施,4,战略实施,第三节 战略控制,财务与非财务指标,STR-00208,简答应用,知识点扩充题,312,319,strategy-full-04-03-004
战略实施,4,战略实施,第三节 战略控制,平衡计分卡,STR-00209,简答应用,知识点扩充题,316,323,strategy-full-04-03-005
战略实施,4,战略实施,第四节 公司战略与数智化转型,数据与业务结合,STR-00210,简答应用,知识点扩充题,320,327,strategy-full-04-04-001
战略实施,4,战略实施,第四节 公司战略与数智化转型,数智化与竞争优势,STR-00211,简答应用,知识点扩充题,324,331,strategy-full-04-04-002
战略实施,4,战略实施,第四节 公司战略与数智化转型,转型路径,STR-00212,简答应用,知识点扩充题,330,337,strategy-full-04-04-003
战略实施,4,战略实施,第四节 公司战略与数智化转型,数据治理,STR-00213,简答应用,知识点扩充题,335,342,strategy-full-04-04-004
战略实施,4,战略实施,第四节 公司战略与数智化转型,隐私安全,STR-00214,简答应用,知识点扩充题,335,342,strategy-full-04-04-005
战略实施,4,战略实施,第四节 公司战略与数智化转型,人才与文化,STR-00215,简答应用,知识点扩充题,336,343,strategy-full-04-04-006
战略实施,4,战略实施,第五节 公司战略与可持续发展管理,可持续发展价值,STR-00216,简答应用,知识点扩充题,337,344,strategy-full-04-05-001
战略实施,4,战略实施,第五节 公司战略与可持续发展管理,可持续发展驱动,STR-00217,简答应用,知识点扩充题,339,346,strategy-full-04-05-002
战略实施,4,战略实施,第五节 公司战略与可持续发展管理,披露标准,STR-00218,简答应用,知识点扩充题,339,346,strategy-full-04-05-003
战略实施,4,战略实施,第五节 公司战略与可持续发展管理,评价指标,STR-00219,简答应用,知识点扩充题,341,348,strategy-full-04-05-004
战略实施,4,战略实施,第五节 公司战略与可持续发展管理,可持续发展风险,STR-00220,简答应用,知识点扩充题,344,351,strategy-full-04-05-005
战略实施,4,战略实施,第一节 公司战略与组织结构,控制幅度,STR-00221,简答应用,知识点扩充题,279,286,strategy-full-04-01-007
战略实施,4,战略实施,第一节 公司战略与组织结构,分权风险,STR-00222,简答应用,知识点扩充题,280,287,strategy-full-04-01-008
战略实施,4,战略实施,第一节 公司战略与组织结构,职能制优点,STR-00223,简答应用,知识点扩充题,284,291,strategy-full-04-01-009
战略实施,4,战略实施,第一节 公司战略与组织结构,事业部制风险,STR-00224,简答应用,知识点扩充题,288,295,strategy-full-04-01-010
战略实施,4,战略实施,第一节 公司战略与组织结构,战略结构滞后,STR-00225,简答应用,知识点扩充题,295,302,strategy-full-04-01-011
战略实施,4,战略实施,第二节 公司战略与企业文化,文化形成,STR-00226,简答应用,知识点扩充题,303,310,strategy-full-04-02-007
战略实施,4,战略实施,第二节 公司战略与企业文化,权力文化风险,STR-00227,简答应用,知识点扩充题,303,310,strategy-full-04-02-008
战略实施,4,战略实施,第二节 公司战略与企业文化,文化变革难度,STR-00228,简答应用,知识点扩充题,307,314,strategy-full-04-02-009
战略实施,4,战略实施,第三节 战略控制,晚期战略失效,STR-00229,简答应用,知识点扩充题,309,316,strategy-full-04-03-006
战略实施,4,战略实施,第三节 战略控制,前馈控制,STR-00230,简答应用,知识点扩充题,310,317,strategy-full-04-03-007
战略实施,4,战略实施,第三节 战略控制,平衡计分卡学习成长,STR-00231,简答应用,知识点扩充题,316,323,strategy-full-04-03-008
战略实施,4,战略实施,第四节 公司战略与数智化转型,数智化技术选择,STR-00232,简答应用,知识点扩充题,320,327,strategy-full-04-04-007
战略实施,4,战略实施,第四节 公司战略与数智化转型,转型保障,STR-00233,简答应用,知识点扩充题,333,340,strategy-full-04-04-008
战略实施,4,战略实施,第四节 公司战略与数智化转型,转型风险,STR-00234,简答应用,知识点扩充题,334,341,strategy-full-04-04-009
战略实施,4,战略实施,第五节 公司战略与可持续发展管理,可持续发展战略融合,STR-00235,简答应用,知识点扩充题,337,344,strategy-full-04-05-006
战略实施,4,战略实施,第五节 公司战略与可持续发展管理,披露重要性,STR-00236,简答应用,知识点扩充题,339,346,strategy-full-04-05-007
战略实施,4,战略实施,第五节 公司战略与可持续发展管理,风险识别与应对,STR-00237,简答应用,知识点扩充题,343,350,strategy-full-04-05-008
战略实施,4,战略实施,第二节 公司战略与企业文化,文化与竞争优势,STR-00238,简答应用,知识点扩充题,306,313,strategy-full-04-02-010
战略实施,4,战略实施,第二节 公司战略与企业文化,文化协同,STR-00239,简答应用,知识点扩充题,308,315,strategy-full-04-02-011
战略实施,4,战略实施,第三节 战略控制,专题报告,STR-00240,简答应用,知识点扩充题,318,325,strategy-full-04-03-009
公司治理,5,公司治理,第一节 公司治理概述,公司治理目标,STR-00241,单选,起步题,347—355,354—362,strategy-05-01-01
公司治理,5,公司治理,第一节 公司治理概述,利益相关者,STR-00242,多选,起步题,347—355,354—362,strategy-05-01-02
公司治理,5,公司治理,第一节 公司治理概述,权责关系,STR-00243,简答应用,起步题,347—355,354—362,strategy-05-01-03
公司治理,5,公司治理,第二节 公司治理的主要问题,代理问题,STR-00244,单选,起步题,356—366,363—373,strategy-05-02-01
公司治理,5,公司治理,第二节 公司治理的主要问题,治理冲突,STR-00245,多选,起步题,356—366,363—373,strategy-05-02-02
公司治理,5,公司治理,第二节 公司治理的主要问题,经理层激励,STR-00246,简答应用,起步题,356—366,363—373,strategy-05-02-03
公司治理,5,公司治理,第三节 公司内部治理结构和外部治理机制,内部治理结构,STR-00247,单选,起步题,367—378,374—385,strategy-05-03-01
公司治理,5,公司治理,第三节 公司内部治理结构和外部治理机制,治理机制,STR-00248,多选,起步题,367—378,374—385,strategy-05-03-02
公司治理,5,公司治理,第三节 公司内部治理结构和外部治理机制,内外治理,STR-00249,简答应用,起步题,367—378,374—385,strategy-05-03-03
公司治理,5,公司治理,第四节 管理实践发展与公司治理,治理实践,STR-00250,单选,起步题,379—384,386—391,strategy-05-04-01
公司治理,5,公司治理,第四节 管理实践发展与公司治理,治理改进,STR-00251,多选,起步题,379—384,386—391,strategy-05-04-02
公司治理,5,公司治理,第四节 管理实践发展与公司治理,信息披露,STR-00252,简答应用,起步题,379—384,386—391,strategy-05-04-03
公司治理,5,公司治理,第一节 公司治理概述,业主制与公司制,STR-00253,简答应用,知识点扩充题,347,354,strategy-full-05-01-001
公司治理,5,公司治理,第一节 公司治理概述,所有权与经营权分离,STR-00254,简答应用,知识点扩充题,352,359,strategy-full-05-01-002
公司治理,5,公司治理,第一节 公司治理概述,委托代理理论,STR-00255,简答应用,知识点扩充题,353,360,strategy-full-05-01-003
公司治理,5,公司治理,第一节 公司治理概述,不完全契约,STR-00256,简答应用,知识点扩充题,354,361,strategy-full-05-01-004
公司治理,5,公司治理,第一节 公司治理概述,利益相关者理论,STR-00257,简答应用,知识点扩充题,355,362,strategy-full-05-01-005
公司治理,5,公司治理,第二节 公司治理的主要问题,经理层道德风险,STR-00258,简答应用,知识点扩充题,356,363,strategy-full-05-02-001
公司治理,5,公司治理,第二节 公司治理的主要问题,信息不对称,STR-00259,简答应用,知识点扩充题,357,364,strategy-full-05-02-002
公司治理,5,公司治理,第二节 公司治理的主要问题,经理层激励约束,STR-00260,简答应用,知识点扩充题,359,366,strategy-full-05-02-003
公司治理,5,公司治理,第二节 公司治理的主要问题,大股东隧道行为,STR-00261,简答应用,知识点扩充题,361,368,strategy-full-05-02-004
公司治理,5,公司治理,第二节 公司治理的主要问题,中小股东保护,STR-00262,简答应用,知识点扩充题,363,370,strategy-full-05-02-005
公司治理,5,公司治理,第二节 公司治理的主要问题,债权人与股东,STR-00263,简答应用,知识点扩充题,366,373,strategy-full-05-02-006
公司治理,5,公司治理,第三节 公司内部治理结构和外部治理机制,股东会与董事会,STR-00264,简答应用,知识点扩充题,367,374,strategy-full-05-03-001
公司治理,5,公司治理,第三节 公司内部治理结构和外部治理机制,外部控制主导模式,STR-00265,简答应用,知识点扩充题,367,374,strategy-full-05-03-002
公司治理,5,公司治理,第三节 公司内部治理结构和外部治理机制,内部控制主导模式,STR-00266,简答应用,知识点扩充题,371,378,strategy-full-05-03-003
公司治理,5,公司治理,第三节 公司内部治理结构和外部治理机制,市场监督,STR-00267,简答应用,知识点扩充题,376,383,strategy-full-05-03-004
公司治理,5,公司治理,第三节 公司内部治理结构和外部治理机制,中介机构监督,STR-00268,简答应用,知识点扩充题,378,385,strategy-full-05-03-005
公司治理,5,公司治理,第四节 管理实践发展与公司治理,双重股权结构,STR-00269,简答应用,知识点扩充题,380,387,strategy-full-05-04-001
公司治理,5,公司治理,第四节 管理实践发展与公司治理,可持续发展与治理,STR-00270,简答应用,知识点扩充题,382,389,strategy-full-05-04-002
公司治理,5,公司治理,第四节 管理实践发展与公司治理,数智化治理,STR-00271,简答应用,知识点扩充题,383,390,strategy-full-05-04-003
公司治理,5,公司治理,第四节 管理实践发展与公司治理,信息披露质量,STR-00272,简答应用,知识点扩充题,383,390,strategy-full-05-04-004
公司治理,5,公司治理,第一节 公司治理概述,公司治理边界,STR-00273,简答应用,知识点扩充题,351,358,strategy-full-05-01-006
公司治理,5,公司治理,第一节 公司治理概述,资源依赖理论,STR-00274,简答应用,知识点扩充题,355,362,strategy-full-05-01-007
公司治理,5,公司治理,第一节 公司治理概述,治理与战略,STR-00275,简答应用,知识点扩充题,352,359,strategy-full-05-01-008
公司治理,5,公司治理,第二节 公司治理的主要问题,经理层在职消费,STR-00276,简答应用,知识点扩充题,357,364,strategy-full-05-02-007
公司治理,5,公司治理,第二节 公司治理的主要问题,大股东关联交易,STR-00277,简答应用,知识点扩充题,362,369,strategy-full-05-02-008
公司治理,5,公司治理,第二节 公司治理的主要问题,股东与员工冲突,STR-00278,简答应用,知识点扩充题,366,373,strategy-full-05-02-009
公司治理,5,公司治理,第三节 公司内部治理结构和外部治理机制,监事与审计监督,STR-00279,简答应用,知识点扩充题,373,380,strategy-full-05-03-006
公司治理,5,公司治理,第三节 公司内部治理结构和外部治理机制,并购市场约束,STR-00280,简答应用,知识点扩充题,376,383,strategy-full-05-03-007
公司治理,5,公司治理,第三节 公司内部治理结构和外部治理机制,舆论监督,STR-00281,简答应用,知识点扩充题,378,385,strategy-full-05-03-008
公司治理,5,公司治理,第四节 管理实践发展与公司治理,双重股权保护,STR-00282,简答应用,知识点扩充题,381,388,strategy-full-05-04-005
公司治理,5,公司治理,第四节 管理实践发展与公司治理,数字治理责任,STR-00283,简答应用,知识点扩充题,383,390,strategy-full-05-04-006
公司治理,5,公司治理,第一节 公司治理概述,合伙制责任,STR-00284,简答应用,知识点扩充题,348,355,strategy-full-05-01-009
公司治理,5,公司治理,第三节 公司内部治理结构和外部治理机制,治理模式变化,STR-00285,简答应用,知识点扩充题,368,375,strategy-full-05-03-009
风险管理基础与方法,6,风险与风险管理概述,第一节 风险的概念及风险的要素,风险要素,STR-00286,单选,起步题,385—387,392—394,strategy-06-01-01
风险管理基础与方法,6,风险与风险管理概述,第一节 风险的概念及风险的要素,风险后果,STR-00287,多选,起步题,385—387,392—394,strategy-06-01-02
风险管理基础与方法,6,风险与风险管理概述,第一节 风险的概念及风险的要素,因素事件后果,STR-00288,简答应用,起步题,385—387,392—394,strategy-06-01-03
风险管理基础与方法,6,风险与风险管理概述,第二节 风险管理的概念、特征、目标和职能,风险管理目标,STR-00289,单选,起步题,388—391,395—398,strategy-06-02-01
风险管理基础与方法,6,风险与风险管理概述,第二节 风险管理的概念、特征、目标和职能,风险管理职能,STR-00290,多选,起步题,388—391,395—398,strategy-06-02-02
风险管理基础与方法,6,风险与风险管理概述,第二节 风险管理的概念、特征、目标和职能,风险偏好,STR-00291,简答应用,起步题,388—391,395—398,strategy-06-02-03
风险管理基础与方法,6,风险与风险管理概述,第三节 风险管理理论的演进和风险管理实践的发展,全面风险管理,STR-00292,单选,起步题,392—403,399—410,strategy-06-03-01
风险管理基础与方法,6,风险与风险管理概述,第三节 风险管理理论的演进和风险管理实践的发展,风险管理发展,STR-00293,多选,起步题,392—403,399—410,strategy-06-03-02
风险管理基础与方法,6,风险与风险管理概述,第三节 风险管理理论的演进和风险管理实践的发展,风险观念,STR-00294,简答应用,起步题,392—403,399—410,strategy-06-03-03
风险管理基础与方法,6,风险与风险管理概述,第一节 风险的概念及风险的要素,不确定性与风险,STR-00295,简答应用,知识点扩充题,385,392,strategy-full-06-01-001
风险管理基础与方法,6,风险与风险管理概述,第一节 风险的概念及风险的要素,风险因素,STR-00296,简答应用,知识点扩充题,387,394,strategy-full-06-01-002
风险管理基础与方法,6,风险与风险管理概述,第一节 风险的概念及风险的要素,直接与间接损失,STR-00297,简答应用,知识点扩充题,387,394,strategy-full-06-01-003
风险管理基础与方法,6,风险与风险管理概述,第二节 风险管理的概念、特征、目标和职能,风险管理概念,STR-00298,简答应用,知识点扩充题,388,395,strategy-full-06-02-001
风险管理基础与方法,6,风险与风险管理概述,第二节 风险管理的概念、特征、目标和职能,战略性特征,STR-00299,简答应用,知识点扩充题,389,396,strategy-full-06-02-002
风险管理基础与方法,6,风险与风险管理概述,第二节 风险管理的概念、特征、目标和职能,系统性特征,STR-00300,简答应用,知识点扩充题,390,397,strategy-full-06-02-003
风险管理基础与方法,6,风险与风险管理概述,第二节 风险管理的概念、特征、目标和职能,风险管理目标,STR-00301,简答应用,知识点扩充题,390,397,strategy-full-06-02-004
风险管理基础与方法,6,风险与风险管理概述,第二节 风险管理的概念、特征、目标和职能,规划与控制职能,STR-00302,简答应用,知识点扩充题,391,398,strategy-full-06-02-005
风险管理基础与方法,6,风险与风险管理概述,第三节 风险管理理论的演进和风险管理实践的发展,传统风险管理,STR-00303,简答应用,知识点扩充题,392,399,strategy-full-06-03-001
风险管理基础与方法,6,风险与风险管理概述,第三节 风险管理理论的演进和风险管理实践的发展,现代风险管理演进,STR-00304,简答应用,知识点扩充题,394,401,strategy-full-06-03-002
风险管理基础与方法,6,风险与风险管理概述,第三节 风险管理理论的演进和风险管理实践的发展,全面风险管理,STR-00305,简答应用,知识点扩充题,397,404,strategy-full-06-03-003
风险管理基础与方法,6,风险与风险管理概述,第一节 风险的概念及风险的要素,风险因素与事件,STR-00306,简答应用,知识点扩充题,387,394,strategy-full-06-01-004
风险管理基础与方法,6,风险与风险管理概述,第一节 风险的概念及风险的要素,损失条件,STR-00307,简答应用,知识点扩充题,387,394,strategy-full-06-01-005
风险管理基础与方法,6,风险与风险管理概述,第二节 风险管理的概念、特征、目标和职能,二重性,STR-00308,简答应用,知识点扩充题,390,397,strategy-full-06-02-006
风险管理基础与方法,6,风险与风险管理概述,第二节 风险管理的概念、特征、目标和职能,组织职能,STR-00309,简答应用,知识点扩充题,391,398,strategy-full-06-02-007
风险管理基础与方法,6,风险与风险管理概述,第三节 风险管理理论的演进和风险管理实践的发展,风险管理理论变化,STR-00310,简答应用,知识点扩充题,394,401,strategy-full-06-03-004
风险管理基础与方法,6,风险与风险管理概述,第三节 风险管理理论的演进和风险管理实践的发展,风险管理成熟度,STR-00311,简答应用,知识点扩充题,397,404,strategy-full-06-03-005
风险管理基础与方法,6,风险与风险管理概述,第二节 风险管理的概念、特征、目标和职能,风险管理核心目标,STR-00312,简答应用,知识点扩充题,391,398,strategy-full-06-02-008
风险管理基础与方法,6,风险与风险管理概述,第二节 风险管理的概念、特征、目标和职能,风险管理支撑目标,STR-00313,简答应用,知识点扩充题,391,398,strategy-full-06-02-009
风险管理基础与方法,7,风险管理的流程、体系与方法,第一节 风险管理的流程,风险管理流程,STR-00314,单选,起步题,404—411,411—418,strategy-07-01-01
风险管理基础与方法,7,风险管理的流程、体系与方法,第一节 风险管理的流程,风险流程,STR-00315,多选,起步题,404—411,411—418,strategy-07-01-02
风险管理基础与方法,7,风险管理的流程、体系与方法,第一节 风险管理的流程,风险评估,STR-00316,简答应用,起步题,404—411,411—418,strategy-07-01-03
风险管理基础与方法,7,风险管理的流程、体系与方法,第二节 风险管理体系,风险管理体系,STR-00317,单选,起步题,412—441,419—448,strategy-07-02-01
风险管理基础与方法,7,风险管理的流程、体系与方法,第二节 风险管理体系,体系组成,STR-00318,多选,起步题,412—441,419—448,strategy-07-02-02
风险管理基础与方法,7,风险管理的流程、体系与方法,第二节 风险管理体系,职责与控制,STR-00319,简答应用,起步题,412—441,419—448,strategy-07-02-03
风险管理基础与方法,7,风险管理的流程、体系与方法,第三节 风险管理的技术与方法,德尔菲法,STR-00320,单选,起步题,442—458,449—465,strategy-07-03-01
风险管理基础与方法,7,风险管理的流程、体系与方法,第三节 风险管理的技术与方法,风险分析方法,STR-00321,多选,起步题,442—458,449—465,strategy-07-03-02
风险管理基础与方法,7,风险管理的流程、体系与方法,第三节 风险管理的技术与方法,敏感性分析,STR-00322,简答应用,起步题,442—458,449—465,strategy-07-03-03
风险管理基础与方法,7,风险管理的流程、体系与方法,第一节 风险管理的流程,初始信息收集,STR-00323,简答应用,知识点扩充题,404,411,strategy-full-07-01-001
风险管理基础与方法,7,风险管理的流程、体系与方法,第一节 风险管理的流程,风险辨识分析评价,STR-00324,简答应用,知识点扩充题,405,412,strategy-full-07-01-002
风险管理基础与方法,7,风险管理的流程、体系与方法,第一节 风险管理的流程,风险偏好与承受度,STR-00325,简答应用,知识点扩充题,406,413,strategy-full-07-01-003
风险管理基础与方法,7,风险管理的流程、体系与方法,第一节 风险管理的流程,风险解决方案,STR-00326,简答应用,知识点扩充题,407,414,strategy-full-07-01-004
风险管理基础与方法,7,风险管理的流程、体系与方法,第一节 风险管理的流程,关键风险指标,STR-00327,简答应用,知识点扩充题,408,415,strategy-full-07-01-005
风险管理基础与方法,7,风险管理的流程、体系与方法,第一节 风险管理的流程,监督改进,STR-00328,简答应用,知识点扩充题,409,416,strategy-full-07-01-006
风险管理基础与方法,7,风险管理的流程、体系与方法,第二节 风险管理体系,组织职能体系,STR-00329,简答应用,知识点扩充题,413,420,strategy-full-07-02-001
风险管理基础与方法,7,风险管理的流程、体系与方法,第二节 风险管理体系,风险偏好,STR-00330,简答应用,知识点扩充题,417,424,strategy-full-07-02-002
风险管理基础与方法,7,风险管理的流程、体系与方法,第二节 风险管理体系,风险度量,STR-00331,简答应用,知识点扩充题,420,427,strategy-full-07-02-003
风险管理基础与方法,7,风险管理的流程、体系与方法,第二节 风险管理体系,风险规避,STR-00332,简答应用,知识点扩充题,422,429,strategy-full-07-02-004
风险管理基础与方法,7,风险管理的流程、体系与方法,第二节 风险管理体系,风险降低,STR-00333,简答应用,知识点扩充题,422,429,strategy-full-07-02-005
风险管理基础与方法,7,风险管理的流程、体系与方法,第二节 风险管理体系,风险转移,STR-00334,简答应用,知识点扩充题,423,430,strategy-full-07-02-006
风险管理基础与方法,7,风险管理的流程、体系与方法,第二节 风险管理体系,风险承担,STR-00335,简答应用,知识点扩充题,423,430,strategy-full-07-02-007
风险管理基础与方法,7,风险管理的流程、体系与方法,第二节 风险管理体系,金融工具风险管理,STR-00336,简答应用,知识点扩充题,425,432,strategy-full-07-02-008
风险管理基础与方法,7,风险管理的流程、体系与方法,第二节 风险管理体系,内部控制要素,STR-00337,简答应用,知识点扩充题,433,440,strategy-full-07-02-009
风险管理基础与方法,7,风险管理的流程、体系与方法,第二节 风险管理体系,风险信息系统,STR-00338,简答应用,知识点扩充题,440,447,strategy-full-07-02-010
风险管理基础与方法,7,风险管理的流程、体系与方法,第三节 风险管理的技术与方法,头脑风暴法,STR-00339,简答应用,知识点扩充题,442,449,strategy-full-07-03-001
风险管理基础与方法,7,风险管理的流程、体系与方法,第三节 风险管理的技术与方法,德尔菲法,STR-00340,简答应用,知识点扩充题,444,451,strategy-full-07-03-002
风险管理基础与方法,7,风险管理的流程、体系与方法,第三节 风险管理的技术与方法,失效模式分析,STR-00341,简答应用,知识点扩充题,445,452,strategy-full-07-03-003
风险管理基础与方法,7,风险管理的流程、体系与方法,第三节 风险管理的技术与方法,流程图分析,STR-00342,简答应用,知识点扩充题,448,455,strategy-full-07-03-004
风险管理基础与方法,7,风险管理的流程、体系与方法,第三节 风险管理的技术与方法,马尔科夫分析,STR-00343,简答应用,知识点扩充题,449,456,strategy-full-07-03-005
风险管理基础与方法,7,风险管理的流程、体系与方法,第三节 风险管理的技术与方法,风险评估系图法,STR-00344,简答应用,知识点扩充题,451,458,strategy-full-07-03-006
风险管理基础与方法,7,风险管理的流程、体系与方法,第三节 风险管理的技术与方法,情景分析,STR-00345,简答应用,知识点扩充题,452,459,strategy-full-07-03-007
风险管理基础与方法,7,风险管理的流程、体系与方法,第三节 风险管理的技术与方法,敏感性分析,STR-00346,简答应用,知识点扩充题,453,460,strategy-full-07-03-008
风险管理基础与方法,7,风险管理的流程、体系与方法,第三节 风险管理的技术与方法,事件树分析,STR-00347,简答应用,知识点扩充题,454,461,strategy-full-07-03-009
风险管理基础与方法,7,风险管理的流程、体系与方法,第三节 风险管理的技术与方法,决策树法,STR-00348,简答应用,知识点扩充题,456,463,strategy-full-07-03-010
风险管理基础与方法,7,风险管理的流程、体系与方法,第三节 风险管理的技术与方法,统计推论法,STR-00349,简答应用,知识点扩充题,458,465,strategy-full-07-03-011
风险管理基础与方法,7,风险管理的流程、体系与方法,第一节 风险管理的流程,初始信息筛选,STR-00350,简答应用,知识点扩充题,405,412,strategy-full-07-01-007
风险管理基础与方法,7,风险管理的流程、体系与方法,第一节 风险管理的流程,风险评价标准,STR-00351,简答应用,知识点扩充题,405,412,strategy-full-07-01-008
风险管理基础与方法,7,风险管理的流程、体系与方法,第一节 风险管理的流程,解决方案外部与内部,STR-00352,简答应用,知识点扩充题,407,414,strategy-full-07-01-009
风险管理基础与方法,7,风险管理的流程、体系与方法,第一节 风险管理的流程,持续监督,STR-00353,简答应用,知识点扩充题,409,416,strategy-full-07-01-010
风险管理基础与方法,7,风险管理的流程、体系与方法,第二节 风险管理体系,董事会风险职责,STR-00354,简答应用,知识点扩充题,413,420,strategy-full-07-02-011
风险管理基础与方法,7,风险管理的流程、体系与方法,第二节 风险管理体系,审计委员会,STR-00355,简答应用,知识点扩充题,415,422,strategy-full-07-02-012
风险管理基础与方法,7,风险管理的流程、体系与方法,第二节 风险管理体系,风险策略有效性,STR-00356,简答应用,知识点扩充题,425,432,strategy-full-07-02-013
风险管理基础与方法,7,风险管理的流程、体系与方法,第二节 风险管理体系,衍生工具原则,STR-00357,简答应用,知识点扩充题,427,434,strategy-full-07-02-014
风险管理基础与方法,7,风险管理的流程、体系与方法,第二节 风险管理体系,内部控制环境,STR-00358,简答应用,知识点扩充题,433,440,strategy-full-07-02-015
风险管理基础与方法,7,风险管理的流程、体系与方法,第二节 风险管理体系,风险信息报告,STR-00359,简答应用,知识点扩充题,440,447,strategy-full-07-02-016
风险管理基础与方法,7,风险管理的流程、体系与方法,第三节 风险管理的技术与方法,方法选择,STR-00360,简答应用,知识点扩充题,442,449,strategy-full-07-03-012
风险管理基础与方法,7,风险管理的流程、体系与方法,第三节 风险管理的技术与方法,头脑风暴局限,STR-00361,简答应用,知识点扩充题,443,450,strategy-full-07-03-013
风险管理基础与方法,7,风险管理的流程、体系与方法,第三节 风险管理的技术与方法,德尔菲局限,STR-00362,简答应用,知识点扩充题,444,451,strategy-full-07-03-014
风险管理基础与方法,7,风险管理的流程、体系与方法,第三节 风险管理的技术与方法,流程图边界,STR-00363,简答应用,知识点扩充题,448,455,strategy-full-07-03-015
风险管理基础与方法,7,风险管理的流程、体系与方法,第三节 风险管理的技术与方法,情景与敏感性区别,STR-00364,简答应用,知识点扩充题,453,460,strategy-full-07-03-016
风险管理基础与方法,7,风险管理的流程、体系与方法,第三节 风险管理的技术与方法,决策树概率,STR-00365,简答应用,知识点扩充题,456,463,strategy-full-07-03-017
风险管理基础与方法,7,风险管理的流程、体系与方法,第一节 风险管理的流程,风险初始信息分类,STR-00366,简答应用,知识点扩充题,405,412,strategy-full-07-01-011
风险管理基础与方法,7,风险管理的流程、体系与方法,第二节 风险管理体系,下属公司风险职责,STR-00367,简答应用,知识点扩充题,416,423,strategy-full-07-02-017
风险管理基础与方法,7,风险管理的流程、体系与方法,第二节 风险管理体系,风险优先顺序,STR-00368,简答应用,知识点扩充题,424,431,strategy-full-07-02-018
风险管理基础与方法,7,风险管理的流程、体系与方法,第三节 风险管理的技术与方法,失效模式方法局限,STR-00369,简答应用,知识点扩充题,447,454,strategy-full-07-03-018
风险管理基础与方法,7,风险管理的流程、体系与方法,第三节 风险管理的技术与方法,马尔科夫方法条件,STR-00370,简答应用,知识点扩充题,450,457,strategy-full-07-03-019
风险管理基础与方法,7,风险管理的流程、体系与方法,第三节 风险管理的技术与方法,事件树方法局限,STR-00371,简答应用,知识点扩充题,455,462,strategy-full-07-03-020
风险管理基础与方法,7,风险管理的流程、体系与方法,第三节 风险管理的技术与方法,风险方法组合,STR-00372,简答应用,知识点扩充题,458,465,strategy-full-07-03-021
主要风险与应对,8,企业面对的主要风险与应对,第一节 战略风险与应对,战略风险,STR-00373,单选,起步题,459—463,466—470,strategy-08-01-01
主要风险与应对,8,企业面对的主要风险与应对,第一节 战略风险与应对,战略风险因素,STR-00374,多选,起步题,459—463,466—470,strategy-08-01-02
主要风险与应对,8,企业面对的主要风险与应对,第一节 战略风险与应对,战略风险应对,STR-00375,简答应用,起步题,459—463,466—470,strategy-08-01-03
主要风险与应对,8,企业面对的主要风险与应对,第二节 市场风险与应对,市场风险,STR-00376,单选,起步题,464—467,471—474,strategy-08-02-01
主要风险与应对,8,企业面对的主要风险与应对,第二节 市场风险与应对,市场风险来源,STR-00377,多选,起步题,464—467,471—474,strategy-08-02-02
主要风险与应对,8,企业面对的主要风险与应对,第二节 市场风险与应对,需求变化应对,STR-00378,简答应用,起步题,464—467,471—474,strategy-08-02-03
主要风险与应对,8,企业面对的主要风险与应对,第三节 财务风险与应对,财务风险,STR-00379,单选,起步题,468—476,475—483,strategy-08-03-01
主要风险与应对,8,企业面对的主要风险与应对,第三节 财务风险与应对,财务风险领域,STR-00380,多选,起步题,468—476,475—483,strategy-08-03-02
主要风险与应对,8,企业面对的主要风险与应对,第三节 财务风险与应对,预算执行,STR-00381,简答应用,起步题,468—476,475—483,strategy-08-03-03
主要风险与应对,8,企业面对的主要风险与应对,第四节 运营风险与应对,运营风险,STR-00382,单选,起步题,477—499,484—506,strategy-08-04-01
主要风险与应对,8,企业面对的主要风险与应对,第四节 运营风险与应对,运营风险来源,STR-00383,多选,起步题,477—499,484—506,strategy-08-04-02
主要风险与应对,8,企业面对的主要风险与应对,第四节 运营风险与应对,信息安全,STR-00384,简答应用,起步题,477—499,484—506,strategy-08-04-03
主要风险与应对,8,企业面对的主要风险与应对,第五节 法律风险和合规风险与应对,法律与合规风险,STR-00385,单选,起步题,500—503,507—510,strategy-08-05-01
主要风险与应对,8,企业面对的主要风险与应对,第五节 法律风险和合规风险与应对,法律合规风险,STR-00386,多选,起步题,500—503,507—510,strategy-08-05-02
主要风险与应对,8,企业面对的主要风险与应对,第五节 法律风险和合规风险与应对,合同与合规,STR-00387,简答应用,起步题,500—503,507—510,strategy-08-05-03
主要风险与应对,8,企业面对的主要风险与应对,第一节 战略风险与应对,战略环境风险,STR-00388,简答应用,知识点扩充题,459,466,strategy-full-08-01-001
主要风险与应对,8,企业面对的主要风险与应对,第一节 战略风险与应对,战略资源风险,STR-00389,简答应用,知识点扩充题,460,467,strategy-full-08-01-002
主要风险与应对,8,企业面对的主要风险与应对,第一节 战略风险与应对,领导力风险,STR-00390,简答应用,知识点扩充题,460,467,strategy-full-08-01-003
主要风险与应对,8,企业面对的主要风险与应对,第一节 战略风险与应对,战略实施风险,STR-00391,简答应用,知识点扩充题,461,468,strategy-full-08-01-004
主要风险与应对,8,企业面对的主要风险与应对,第一节 战略风险与应对,战略复盘风险,STR-00392,简答应用,知识点扩充题,462,469,strategy-full-08-01-005
主要风险与应对,8,企业面对的主要风险与应对,第二节 市场风险与应对,市场洞察风险,STR-00393,简答应用,知识点扩充题,464,471,strategy-full-08-02-001
主要风险与应对,8,企业面对的主要风险与应对,第二节 市场风险与应对,政策响应风险,STR-00394,简答应用,知识点扩充题,465,472,strategy-full-08-02-002
主要风险与应对,8,企业面对的主要风险与应对,第二节 市场风险与应对,分销渠道风险,STR-00395,简答应用,知识点扩充题,465,472,strategy-full-08-02-003
主要风险与应对,8,企业面对的主要风险与应对,第二节 市场风险与应对,供应价格风险,STR-00396,简答应用,知识点扩充题,464,471,strategy-full-08-02-004
主要风险与应对,8,企业面对的主要风险与应对,第三节 财务风险与应对,预算编制风险,STR-00397,简答应用,知识点扩充题,468,475,strategy-full-08-03-001
主要风险与应对,8,企业面对的主要风险与应对,第三节 财务风险与应对,筹资管理风险,STR-00398,简答应用,知识点扩充题,470,477,strategy-full-08-03-002
主要风险与应对,8,企业面对的主要风险与应对,第三节 财务风险与应对,资金营运风险,STR-00399,简答应用,知识点扩充题,471,478,strategy-full-08-03-003
主要风险与应对,8,企业面对的主要风险与应对,第三节 财务风险与应对,投资管理风险,STR-00400,简答应用,知识点扩充题,472,479,strategy-full-08-03-004
主要风险与应对,8,企业面对的主要风险与应对,第三节 财务风险与应对,财务报告风险,STR-00401,简答应用,知识点扩充题,474,481,strategy-full-08-03-005
主要风险与应对,8,企业面对的主要风险与应对,第三节 财务风险与应对,担保风险,STR-00402,简答应用,知识点扩充题,474,481,strategy-full-08-03-006
主要风险与应对,8,企业面对的主要风险与应对,第四节 运营风险与应对,组织架构风险,STR-00403,简答应用,知识点扩充题,478,485,strategy-full-08-04-001
主要风险与应对,8,企业面对的主要风险与应对,第四节 运营风险与应对,发展战略风险,STR-00404,简答应用,知识点扩充题,479,486,strategy-full-08-04-002
主要风险与应对,8,企业面对的主要风险与应对,第四节 运营风险与应对,社会责任风险,STR-00405,简答应用,知识点扩充题,480,487,strategy-full-08-04-003
主要风险与应对,8,企业面对的主要风险与应对,第四节 运营风险与应对,企业文化风险,STR-00406,简答应用,知识点扩充题,481,488,strategy-full-08-04-004
主要风险与应对,8,企业面对的主要风险与应对,第四节 运营风险与应对,采购业务风险,STR-00407,简答应用,知识点扩充题,482,489,strategy-full-08-04-005
主要风险与应对,8,企业面对的主要风险与应对,第四节 运营风险与应对,资产管理风险,STR-00408,简答应用,知识点扩充题,484,491,strategy-full-08-04-006
主要风险与应对,8,企业面对的主要风险与应对,第四节 运营风险与应对,销售业务风险,STR-00409,简答应用,知识点扩充题,486,493,strategy-full-08-04-007
主要风险与应对,8,企业面对的主要风险与应对,第四节 运营风险与应对,研发风险,STR-00410,简答应用,知识点扩充题,487,494,strategy-full-08-04-008
主要风险与应对,8,企业面对的主要风险与应对,第四节 运营风险与应对,工程项目风险,STR-00411,简答应用,知识点扩充题,488,495,strategy-full-08-04-009
主要风险与应对,8,企业面对的主要风险与应对,第四节 运营风险与应对,业务外包风险,STR-00412,简答应用,知识点扩充题,490,497,strategy-full-08-04-010
主要风险与应对,8,企业面对的主要风险与应对,第四节 运营风险与应对,合同管理风险,STR-00413,简答应用,知识点扩充题,492,499,strategy-full-08-04-011
主要风险与应对,8,企业面对的主要风险与应对,第四节 运营风险与应对,内部信息传递风险,STR-00414,简答应用,知识点扩充题,494,501,strategy-full-08-04-012
主要风险与应对,8,企业面对的主要风险与应对,第四节 运营风险与应对,信息系统风险,STR-00415,简答应用,知识点扩充题,495,502,strategy-full-08-04-013
主要风险与应对,8,企业面对的主要风险与应对,第五节 法律风险和合规风险与应对,法律风险与合规风险区别,STR-00416,简答应用,知识点扩充题,500,507,strategy-full-08-05-001
主要风险与应对,8,企业面对的主要风险与应对,第五节 法律风险和合规风险与应对,法律责任风险,STR-00417,简答应用,知识点扩充题,500,507,strategy-full-08-05-002
主要风险与应对,8,企业面对的主要风险与应对,第五节 法律风险和合规风险与应对,行为规范风险,STR-00418,简答应用,知识点扩充题,501,508,strategy-full-08-05-003
主要风险与应对,8,企业面对的主要风险与应对,第五节 法律风险和合规风险与应对,监管风险,STR-00419,简答应用,知识点扩充题,501,508,strategy-full-08-05-004
主要风险与应对,8,企业面对的主要风险与应对,第一节 战略风险与应对,战略制定风险,STR-00420,简答应用,知识点扩充题,461,468,strategy-full-08-01-006
主要风险与应对,8,企业面对的主要风险与应对,第一节 战略风险与应对,战略调整风险,STR-00421,简答应用,知识点扩充题,462,469,strategy-full-08-01-007
主要风险与应对,8,企业面对的主要风险与应对,第二节 市场风险与应对,客户信用风险,STR-00422,简答应用,知识点扩充题,464,471,strategy-full-08-02-005
主要风险与应对,8,企业面对的主要风险与应对,第二节 市场风险与应对,渠道集中风险,STR-00423,简答应用,知识点扩充题,465,472,strategy-full-08-02-006
主要风险与应对,8,企业面对的主要风险与应对,第三节 财务风险与应对,筹资用途变更,STR-00424,简答应用,知识点扩充题,470,477,strategy-full-08-03-007
主要风险与应对,8,企业面对的主要风险与应对,第三节 财务风险与应对,投资后评价,STR-00425,简答应用,知识点扩充题,473,480,strategy-full-08-03-008
主要风险与应对,8,企业面对的主要风险与应对,第三节 财务风险与应对,担保持续监控,STR-00426,简答应用,知识点扩充题,475,482,strategy-full-08-03-009
主要风险与应对,8,企业面对的主要风险与应对,第四节 运营风险与应对,销售合同与收款,STR-00427,简答应用,知识点扩充题,486,493,strategy-full-08-04-014
主要风险与应对,8,企业面对的主要风险与应对,第四节 运营风险与应对,资产盘点,STR-00428,简答应用,知识点扩充题,485,492,strategy-full-08-04-015
主要风险与应对,8,企业面对的主要风险与应对,第四节 运营风险与应对,工程变更,STR-00429,简答应用,知识点扩充题,489,496,strategy-full-08-04-016
主要风险与应对,8,企业面对的主要风险与应对,第四节 运营风险与应对,外包数据保护,STR-00430,简答应用,知识点扩充题,491,498,strategy-full-08-04-017
主要风险与应对,8,企业面对的主要风险与应对,第四节 运营风险与应对,内部举报渠道,STR-00431,简答应用,知识点扩充题,494,501,strategy-full-08-04-018
主要风险与应对,8,企业面对的主要风险与应对,第四节 运营风险与应对,灾难恢复,STR-00432,简答应用,知识点扩充题,496,503,strategy-full-08-04-019
主要风险与应对,8,企业面对的主要风险与应对,第五节 法律风险和合规风险与应对,合同法律审查,STR-00433,简答应用,知识点扩充题,500,507,strategy-full-08-05-005
主要风险与应对,8,企业面对的主要风险与应对,第五节 法律风险和合规风险与应对,合规培训,STR-00434,简答应用,知识点扩充题,501,508,strategy-full-08-05-006
主要风险与应对,8,企业面对的主要风险与应对,第五节 法律风险和合规风险与应对,监管检查应对,STR-00435,简答应用,知识点扩充题,502,509,strategy-full-08-05-007
